region,band,second,mean,ci_low,ci_high,n_subjects
1,Alpha,1,9.846172906691208e-05,-1.72564759850502e-05,0.00018980185268446803,3
1,Alpha,2,9.74413997028023e-05,-6.420147838070989e-05,0.00019291485659778118,3
1,Beta,1,0.0002461469266563654,-0.00026311061810702085,0.000779236201196909,3
1,Beta,2,0.00011583028390305117,-7.298920536413789e-06,0.0002827270654961467,3
1,Delta,1,7.406568329315633e-05,-5.258494638837874e-06,0.0001699567073956132,3
1,Delta,2,0.00011440944945206866,-4.869762051384896e-05,0.00028643940459005535,3
1,GammaH,1,0.0001417156745446846,-1.7963990103453398e-05,0.00037658409564755857,3
1,GammaH,2,-8.386227273149416e-05,-0.00018854804511647671,-2.2673659259453416e-05,3
1,GammaL,1,0.00012047254858771339,-0.00018988917872775346,0.00037524523213505745,3
1,GammaL,2,0.00014221103629097342,3.874814137816429e-05,0.00023443206737283617,3
1,Ripple,1,0.000241638976149261,-0.00010835786815732718,0.0007483356748707592,3
1,Ripple,2,-5.676363070961088e-05,-0.0001958574866876006,6.736390059813857e-05,3
1,Theta,1,7.581134559586644e-05,-7.899005140643567e-05,0.0001873116270871833,3
1,Theta,2,0.00010455973824718967,-5.515292286872864e-05,0.00032444833777844906,3
10v,Alpha,1,0.014805060811340809,0.008241167291998863,0.018632536754012108,3
10v,Alpha,2,0.007240023463964462,0.005175952799618244,0.010675635188817978,3
10v,Beta,1,0.0007592336623929441,-0.00023163168225437403,0.001505959196947515,3
10v,Beta,2,0.0026265110354870558,0.0008685262873768806,0.005426447838544846,3
10v,Delta,1,0.0007378241862170398,-0.00032003619708120823,0.0013090978609398007,3
10v,Delta,2,0.00040627337875775993,-0.0002327194670215249,0.0010926495306193829,3
10v,GammaH,1,0.0003240827936679125,9.154475992545485e-05,0.0007371900137513876,3
10v,GammaH,2,0.015797855332493782,0.011224399320781231,0.023592039942741394,3
10v,GammaL,1,5.872198016732e-05,-5.444383714348078e-05,0.00013471071724779904,3
10v,GammaL,2,1.171861367765814e-05,-1.9739673007279634e-05,4.97464498039335e-05,3
10v,Ripple,1,0.0012913503451272845,0.001231679110787809,0.0013712322106584907,3
10v,Ripple,2,0.0001223896979354322,-2.5760236894711852e-05,0.00028087731334380805,3
10v,Theta,1,0.00026500775129534304,-0.000308366259559989,0.0005838442593812943,3
10v,Theta,2,0.00028325410676188767,-0.0005865890416316688,0.0013422224437817931,3
11l,Alpha,1,0.006415711250156164,0.0021301493979990482,0.00947071798145771,4
11l,Alpha,2,0.010185597464442253,0.002717304741963744,0.01798672042787075,4
11l,Beta,1,0.0014377577463164926,0.00033855915535241365,0.0034082182683050632,4
11l,Beta,2,7.273700612131506e-05,-0.0005131763173267245,0.0006586503004655242,4
11l,Delta,1,0.0004007553798146546,0.00019777531269937754,0.0006323153502307832,4
11l,Delta,2,0.0008152883965522051,-0.0001679484557826072,0.0023829382844269276,4
11l,GammaH,1,0.001547456020489335,0.0006076236604712903,0.0025007063522934914,4
11l,GammaH,2,0.00018411321798339486,-4.434092988958582e-05,0.00042865955037996173,4
11l,GammaL,1,-0.0006472867098636925,-0.0017450612504035234,0.00036094291135668755,4
11l,GammaL,2,0.00019566863193176687,3.374082734808326e-05,0.0003575964365154505,4
11l,Ripple,1,0.0004779203445650637,-0.0013405685313045979,0.001652395585551858,4
11l,Ripple,2,9.785409201867878e-05,-0.0007126720738597214,0.0007786866626702249,4
11l,Theta,1,0.0003800218109972775,0.0002087192260660231,0.0005283023929223418,4
11l,Theta,2,0.0006653205491602421,-0.00016601901734247804,0.0014966600574553013,4
13l,Alpha,1,0.00013736863911617547,-0.00023736000002827495,0.0005785545217804611,6
13l,Alpha,2,0.0010350532829761505,-0.001964472932741046,0.003305249847471714,6
13l,Beta,1,0.0008125586318783462,-0.0007369692320935428,0.0023649809882044792,6
13l,Beta,2,0.00016464317741338164,-1.4746561646461487e-05,0.0003698542423080653,6
13l,Delta,1,0.0002580056607257575,-0.0007727344636805356,0.001253316760994494,6
13l,Delta,2,0.00041212281212210655,-0.0001454263983760029,0.001031218678690493,6
13l,GammaH,1,0.00017458263027947396,0.00010770328663056716,0.00023853639140725136,6
13l,GammaH,2,0.0026707861106842756,0.0013065263628959656,0.004491323139518499,6
13l,GammaL,1,-5.3398787713376805e-05,-0.0003790704067796469,0.0001976437051780522,6
13l,GammaL,2,-5.025979407946579e-05,-0.0002233949926448986,8.13130900496617e-05,6
13l,Ripple,1,0.0010242416756227612,0.000744860153645277,0.0014390291180461645,6
13l,Ripple,2,-0.0004536914930213243,-0.0013525491813197732,0.0003300882235635072,6
13l,Theta,1,-8.536945097148418e-05,-0.0006984506617300212,0.0004471312277019024,6
13l,Theta,2,0.0049693710170686245,0.001163189415819943,0.009114956483244896,6
2,Alpha,1,-0.00018459973216522485,-0.0007095750188454986,0.00018216361058875918,4
2,Alpha,2,0.0013572212774306536,0.0008127184119075537,0.001949298894032836,4
2,Beta,1,0.000370354566257447,-0.00016734295058995485,0.0009284702828153968,4
2,Beta,2,1.7641723388805985e-06,-0.0005354323075152934,0.0005554765230044723,4
2,Delta,1,0.0001170995383290574,-9.171423153020442e-05,0.00032737510628066957,4
2,Delta,2,0.0001424932124791667,-0.0011982963187620044,0.0010803649201989174,4
2,GammaH,1,0.0006810760824009776,0.00019462156342342496,0.0011195724364370108,4
2,GammaH,2,0.001934341504238546,0.0002805741969496012,0.004432064481079578,4
2,GammaL,1,6.282018148340285e-06,-0.0005891291075386107,0.000486490607727319,4
2,GammaL,2,7.7675940701738e-06,-0.00019001506734639406,0.00014703137276228517,4
2,Ripple,1,0.00025868843658827245,-2.093856892315671e-06,0.0005853539332747459,4
2,Ripple,2,0.00010543610551394522,-2.7626316295936704e-05,0.00026639190036803484,4
2,Theta,1,0.00031247417791746557,6.45725303911604e-05,0.0006000948487780988,4
2,Theta,2,0.00011781855573644862,4.3800613639177755e-05,0.00019183650147169828,4
23c,Alpha,1,0.00023650855291634798,2.1147909137653187e-05,0.0005434742197394371,5
23c,Alpha,2,9.484263864578679e-05,-0.0001451284042559564,0.0003224936663173139,5
23c,Beta,1,0.0005870360764674842,0.00025351924705319107,0.0009000264108181,5
23c,Beta,2,8.824521501082927e-05,-3.307727092760615e-05,0.0002400867233518511,5
23c,Delta,1,2.3440126824425533e-05,-0.0005804583197459579,0.0004567677096929401,5
23c,Delta,2,0.0013042471837252378,0.00020204375323373824,0.0024382006376981735,5
23c,GammaH,1,0.00044115717173554003,-0.0003124300856143236,0.0014610470971092582,5
23c,GammaH,2,-5.5484688346041366e-05,-0.0003213606250938028,0.00016074717859737575,5
23c,GammaL,1,0.00040156999602913857,0.00016146468988154083,0.0006967659574002028,5
23c,GammaL,2,-0.00022102212824393064,-0.001660848967730999,0.0011228015646338463,5
23c,Ripple,1,0.00018155602447222918,7.617280061822385e-05,0.0002871873148251325,5
23c,Ripple,2,0.0005605629994533956,0.00032100192038342357,0.0007872057030908763,5
23c,Theta,1,0.00023864326067268848,4.6480279706884176e-05,0.0004462342767510563,5
23c,Theta,2,0.00047330494271591306,7.163996633607894e-05,0.0009367920574732125,5
23d,Alpha,1,0.00038902516826055944,-0.0010162802645936608,0.0020487301517277956,6
23d,Alpha,2,0.01790766231715679,-0.0010743922321125865,0.03942125663161278,6
23d,Beta,1,0.0039026830345392227,-0.001605052500963211,0.011936780996620655,6
23d,Beta,2,0.000460880488390103,-0.00023208452330436558,0.001162092317827046,6
23d,Delta,1,0.00017530785407871008,-5.7612585806054994e-05,0.00041288798092864454,6
23d,Delta,2,1.0064395610243082e-06,-0.00015008282207418233,0.00017112266505137086,6
23d,GammaH,1,0.0002582813613116741,-0.00012002178118564188,0.0005353434826247394,6
23d,GammaH,2,0.0004962798557244241,-3.3411793992854655e-05,0.0011664920020848513,6
23d,GammaL,1,0.0004044039233122021,0.00015010971401352435,0.0006658646743744612,6
23d,GammaL,2,-5.444285852718167e-05,-0.0005219510640017688,0.000332807278027758,6
23d,Ripple,1,0.00443674623966217,0.0006590316188521683,0.008804863318800926,6
23d,Ripple,2,0.0010688380571082234,-0.001431515789590776,0.005005602724850178,6
23d,Theta,1,8.60886721056886e-05,-0.00015024557069409639,0.0004410645051393658,6
23d,Theta,2,-0.0003605957899708301,-0.0010940415086224675,0.00038307381328195333,6
24dd,Alpha,1,-8.97263889783062e-05,-0.0009324427810497582,0.0005444111884571612,3
24dd,Alpha,2,-0.0010174395283684134,-0.0031054492574185133,0.0011684373021125793,3
24dd,Beta,1,1.741000778565649e-05,-8.50652577355504e-06,5.668355152010918e-05,3
24dd,Beta,2,0.0007133553735911846,0.00035937715438194573,0.001361037720926106,3
24dd,Delta,1,0.0002263122732983902,-0.00022817094577476382,0.0005619254661723971,3
24dd,Delta,2,0.0005461135297082365,-0.0001255188835784793,0.0018791622715070844,3
24dd,GammaH,1,0.00014048698358237743,-0.00035450677387416363,0.0007289133500307798,3
24dd,GammaH,2,0.0017623516032472253,0.0007370258681476116,0.003081743838265538,3
24dd,GammaL,1,-9.259511716663837e-05,-0.00040860800072550774,0.0004428597167134285,3
24dd,GammaL,2,0.00015930393419694155,-0.0009580340120010078,0.0009093219414353371,3
24dd,Ripple,1,0.0013566170819103718,0.0001140825916081667,0.0035797851160168648,3
24dd,Ripple,2,0.0002657738805282861,0.00024812761694192886,0.00027697545010596514,3
24dd,Theta,1,5.565378160099499e-05,-0.0004944021347910166,0.0006006028270348907,3
24dd,Theta,2,2.0950334146618843e-05,-0.0001600543619133532,0.0001847440144047141,3
24dv,Alpha,1,0.00021492602536454797,-0.00028235255740582943,0.0005601730663329363,3
24dv,Alpha,2,0.00017477392975706607,9.426742326468229e-05,0.0002711467386689037,3
24dv,Beta,1,0.00014788478438276798,-0.0002858213847503066,0.0005599542055279016,3
24dv,Beta,2,0.001658724737353623,0.000637945719063282,0.00342003908008337,3
24dv,Delta,1,0.00018248171545565128,4.2611693061189726e-05,0.00028664758428931236,3
24dv,Delta,2,-0.00024282978847622871,-0.0008085525478236377,4.725594772025943e-05,3
24dv,GammaH,1,-0.00010861168993869796,-0.0005143185844644904,0.00013547646813094616,3
24dv,GammaH,2,0.00011741897469619289,-0.00011411582818254828,0.0005491771153174341,3
24dv,GammaL,1,0.00021487707272171974,-0.0007894267328083515,0.001263832557015121,3
24dv,GammaL,2,0.00021194294095039368,7.299090066226199e-05,0.0003616948379203677,3
24dv,Ripple,1,0.000123966732644476,4.939496284350753e-05,0.0002672002010513097,3
24dv,Ripple,2,0.000232350779697299,-0.0001243811275344342,0.0005342657677829266,3
24dv,Theta,1,8.312219142680988e-05,-0.000282487366348505,0.0004098509962204844,3
24dv,Theta,2,1.751693525875453e-05,-0.0022011790424585342,0.00168377545196563,3
31a,Alpha,1,0.005167329218238592,0.00015345122665166855,0.012559291906654835,3
31a,Alpha,2,0.09408783912658691,0.01369158923625946,0.14569108188152313,3
31a,Beta,1,0.007327069994062185,0.0016124919056892395,0.013406634330749512,3
31a,Beta,2,0.00019313039956614375,0.00010015466250479221,0.0003698401851579547,3
31a,Delta,1,0.004818714689463377,0.0005230895476415753,0.009554813615977764,3
31a,Delta,2,0.00013776426203548908,1.1659169103950262e-05,0.00021262257359921932,3
31a,GammaH,1,0.00021040689898654819,-8.052384509937838e-05,0.0003711622266564518,3
31a,GammaH,2,0.001131171709857881,0.0003547741798684001,0.0021768349688500166,3
31a,GammaL,1,1.0546005796641111e-05,-0.0007147944415919483,0.0006432601949200034,3
31a,GammaL,2,-0.00015022222942207009,-0.0002484718570485711,4.1750725358724594e-05,3
31a,Ripple,1,0.003969717305153608,0.001265228260308504,0.008427601307630539,3
31a,Ripple,2,0.0014890693128108978,0.00027351686730980873,0.00391658628359437,3
31a,Theta,1,-6.240652055566898e-06,-3.242850652895868e-05,2.6211724616587162e-05,3
31a,Theta,2,0.00036004625144414604,7.886333332862705e-05,0.0007237439858727157,3
31pd,Alpha,1,0.00022562751837540418,4.231551429256797e-06,0.0004949896829202771,3
31pd,Alpha,2,0.0015986062353476882,0.0005432843463495374,0.003471381962299347,3
31pd,Beta,1,9.571673581376672e-05,4.4689630158245564e-05,0.00019675062503665686,3
31pd,Beta,2,0.0012614441802725196,0.00033128319773823023,0.002660811645910144,3
31pd,Delta,1,-0.00012993473501410335,-0.00020793278235942125,-7.189647294580936e-05,3
31pd,Delta,2,-8.477301889797673e-05,-0.00021386018488556147,-1.1547585017979145e-05,3
31pd,GammaH,1,1.7709760868456215e-05,-8.878912922227755e-05,0.00017544999718666077,3
31pd,GammaH,2,0.00030831704498268664,-0.00023496168432757258,0.001159823383204639,3
31pd,GammaL,1,7.253092189785093e-05,-4.70571503683459e-05,0.00022307511244434863,3
31pd,GammaL,2,0.0001724232133710757,2.8041737095918506e-05,0.0004537919012364,3
31pd,Ripple,1,0.000284253794234246,-0.00022970110876485705,0.0009731003665365279,3
31pd,Ripple,2,0.00018552022811491042,-0.0005494356155395508,0.0006768363527953625,3
31pd,Theta,1,0.0005436285282485187,0.00020853494061157107,0.000962049700319767,3
31pd,Theta,2,0.001059732516296208,0.0008400236256420612,0.001171186682768166,3
31pv,Alpha,1,0.006727832835167646,0.006727832835167646,0.006727832835167646,1
31pv,Alpha,2,0.022292308509349823,0.022292308509349823,0.022292308509349823,1
31pv,Beta,1,0.00033860834082588553,0.00033860834082588553,0.00033860834082588553,1
31pv,Beta,2,4.335353150963783e-05,4.335353150963783e-05,4.335353150963783e-05,1
31pv,Delta,1,0.00011027121217921376,0.00011027121217921376,0.00011027121217921376,1
31pv,Delta,2,0.0017329303082078695,0.0017329303082078695,0.0017329303082078695,1
31pv,GammaH,1,-0.00031006173230707645,-0.00031006173230707645,-0.00031006173230707645,1
31pv,GammaH,2,-0.00019131845328956842,-0.00019131845328956842,-0.00019131845328956842,1
31pv,GammaL,1,-0.00013160923845134676,-0.00013160923845134676,-0.00013160923845134676,1
31pv,GammaL,2,-6.417554686777294e-06,-6.417554686777294e-06,-6.417554686777294e-06,1
31pv,Ripple,1,-0.0001872805878520012,-0.0001872805878520012,-0.0001872805878520012,1
31pv,Ripple,2,0.00039667519740760326,0.00039667519740760326,0.00039667519740760326,1
31pv,Theta,1,0.01080822292715311,0.01080822292715311,0.01080822292715311,1
31pv,Theta,2,-0.00012504146434366703,-0.00012504146434366703,-0.00012504146434366703,1
33pr,Alpha,1,1.7549051335663535e-05,-0.00011314639414194971,0.00012911701924167573,5
33pr,Alpha,2,0.00011911270848941058,-0.00014519022079184651,0.0003427735937293619,5
33pr,Beta,1,-3.707058203872293e-05,-0.0002127665065927431,0.00010183676931774244,5
33pr,Beta,2,0.0002989897329825908,0.0001142183318734169,0.000505535863339901,5
33pr,Delta,1,-0.00024498876882717013,-0.0005948349717073143,2.6319914468331262e-05,5
33pr,Delta,2,3.6548124171531526e-06,-0.00012068457726854831,0.0001811692927731201,5
33pr,GammaH,1,-5.266179869067855e-05,-0.0001050445280270651,2.497909554222133e-05,5
33pr,GammaH,2,5.991292346152477e-05,-3.931886112695793e-06,0.0001246720930794254,5
33pr,GammaL,1,-3.1479390599997714e-05,-0.00016848479572217911,0.0001083686001948081,5
33pr,GammaL,2,0.00010331962403142825,-6.787317397538573e-05,0.00027451239293441176,5
33pr,Ripple,1,1.303949647990521e-05,-7.602241385029629e-05,0.00010534469038248062,5
33pr,Ripple,2,9.31084796320647e-05,-1.935603177116718e-05,0.0001639548863749951,5
33pr,Theta,1,0.0003772327909246087,0.0001536435156594962,0.0005545503809116781,5
33pr,Theta,2,1.6337096894858405e-05,-0.000511766760610044,0.0004136348143219948,5
3a,Alpha,1,0.0001728416100377217,6.798310641897842e-05,0.0003210954018868506,7
3a,Alpha,2,0.00033068106858991086,8.280765177914873e-05,0.0006145457155071199,7
3a,Beta,1,0.0005335962050594389,9.348963794764131e-05,0.0010854237480089068,7
3a,Beta,2,0.00063598423730582,0.0002178624999942258,0.0010747743071988225,7
3a,Delta,1,0.00011604669998632744,4.5014498027740046e-05,0.00017959052638616413,7
3a,Delta,2,0.0005058018723502755,0.00014878028014209121,0.0009379864786751568,7
3a,GammaH,1,0.0008281006594188511,4.513958265306428e-05,0.001766746398061514,7
3a,GammaH,2,1.2396938473102637e-05,-0.00033570409868843853,0.0003110254474449903,7
3a,GammaL,1,-3.020288386323955e-05,-0.00022870914835948497,0.00012125611829105765,7
3a,GammaL,2,0.00012285483535379171,-6.045065219950629e-06,0.00022959399211686105,7
3a,Ripple,1,-0.0001664500596234575,-0.00230267527513206,0.0017507922602817416,7
3a,Ripple,2,0.0001967587013496086,-5.599979340331629e-05,0.0005301316850818694,7
3a,Theta,1,5.387205601437017e-05,-8.77444472280331e-05,0.0001783186598913744,7
3a,Theta,2,0.0005465151625685394,0.000158489536261186,0.0009465417242608964,7
3b,Alpha,1,2.8211454264237545e-05,-0.00020308300736360252,0.0002544151502661407,5
3b,Alpha,2,0.00018785215797834098,-0.0011452017351984978,0.0015391180058941245,5
3b,Beta,1,0.00014528221799992025,-0.0003560780023690313,0.0006466424674727023,5
3b,Beta,2,0.00017272021796088666,0.00011233289114898071,0.0002474987995810807,5
3b,Delta,1,-0.00023961905390024185,-0.0007173691992647946,6.114757707109675e-05,5
3b,Delta,2,0.00031362316804006696,-0.0002148148196283728,0.0009361777338199317,5
3b,GammaH,1,0.0004464165831450373,4.090891525265761e-05,0.0009554561111144722,5
3b,GammaH,2,-0.00013221321569290012,-0.00035158562241122127,0.00016158442304003984,5
3b,GammaL,1,-0.00033136006095446646,-0.0011582426959648728,0.00016819815209601074,5
3b,GammaL,2,0.0005389543366618454,0.00012330873869359493,0.001187809044495225,5
3b,Ripple,1,2.8789980206056498e-05,-0.0002322075451957062,0.00023592291108798236,5
3b,Ripple,2,-0.000141405631438829,-0.0003296792565379292,1.846972190833185e-05,5
3b,Theta,1,1.5027940207801294e-05,-6.438435957534239e-05,9.444024180993438e-05,5
3b,Theta,2,0.0003429778735153377,0.0001092573074856773,0.0005766984540969133,5
4,Alpha,1,0.0030416122172027826,0.0002584162575658411,0.0077253663912415504,7
4,Alpha,2,0.00042817252688109875,0.00025639645173214376,0.0006015304825268686,7
4,Beta,1,0.00042199550080113113,0.00018783767882268876,0.0006485887570306659,7
4,Beta,2,3.052867043606966e-07,-0.00025728068430908024,0.00028194053447805345,7
4,Delta,1,0.0006104459171183407,-0.0017460145754739642,0.003123678034171462,7
4,Delta,2,7.646039739483967e-05,-0.00010022426431532949,0.0002660007157828659,7
4,GammaH,1,0.0009113308624364436,7.133751205401495e-05,0.002000125590711832,7
4,GammaH,2,0.0011967577738687396,-0.0003238495846744627,0.002452448708936572,7
4,GammaL,1,0.00012666128168348223,-0.00018805179570335895,0.00042807823047041893,7
4,GammaL,2,0.00034780518035404384,1.0818456757988315e-05,0.0008606287883594632,7
4,Ripple,1,0.0008634277037344873,0.0002763439842965454,0.001573967281728983,7
4,Ripple,2,-0.0002284904767293483,-0.0013031617272645235,0.0007695408421568573,7
4,Theta,1,0.0005621566087938845,-5.823645187774673e-05,0.0011567811015993357,7
4,Theta,2,0.007681121584028006,0.0028696716763079166,0.015837684273719788,7
43,Alpha,1,0.0002281378401676193,-0.00020101654808968306,0.0005014081252738833,3
43,Alpha,2,0.000548698240891099,-0.00045939229312352836,0.001361639704555273,3
43,Beta,1,0.00010045499220723286,1.1558935511857271e-05,0.0002425298298476264,3
43,Beta,2,1.3115066394675523e-05,-8.926759619498625e-05,0.00010876901797018945,3
43,Delta,1,2.255503750347998e-05,-0.00016348382632713765,0.000245938659645617,3
43,Delta,2,-9.981289622373879e-05,-0.00016122355009429157,-4.674106094171293e-05,3
43,GammaH,1,0.00024186098016798496,-5.610298831015825e-05,0.0008060986292548478,3
43,GammaH,2,4.549122604657896e-05,-9.621237404644489e-05,0.00025079166516661644,3
43,GammaL,1,8.586468175053596e-05,-7.701183494646102e-05,0.00029840675415471196,3
43,GammaL,2,6.447511987062171e-05,-8.844086551107466e-06,0.00019472878193482757,3
43,Ripple,1,0.000278564722975716,-0.0007088598795235157,0.0016990563599392772,3
43,Ripple,2,-8.053106284933165e-05,-0.00012363778660073876,-6.511523679364473e-06,3
43,Theta,1,0.0005134888924658298,0.0002719659823924303,0.0006568829412572086,3
43,Theta,2,1.0227197890344542e-05,-9.11419338081032e-05,0.00011728954268619418,3
44,Alpha,1,0.00029357397579587996,3.223726525902748e-05,0.0006989822722971439,3
44,Alpha,2,0.0005988353514112532,0.0004915387835353613,0.0007217391394078732,3
44,Beta,1,-0.000303155422443524,-0.0008022398687899113,0.00043141795322299004,3
44,Beta,2,0.0003028343489859253,7.310253567993641e-05,0.0006147827953100204,3
44,Delta,1,0.00036032265052199364,0.00014933780767023563,0.0006367096211761236,3
44,Delta,2,0.0005151743534952402,0.00018969480879604816,0.0011040871031582355,3
44,GammaH,1,0.0011292175622656941,0.0006586886011064053,0.0015729753067716956,3
44,GammaH,2,-3.702705726027489e-05,-0.00013343384489417076,0.00015540514141321182,3
44,GammaL,1,0.0002394585608271882,0.0001302896998822689,0.00034326501190662384,3
44,GammaL,2,0.0002598124265205115,-7.7118631452322e-05,0.0005869739688932896,3
44,Ripple,1,0.0006483172182925045,0.00013871630653738976,0.0013706162571907043,3
44,Ripple,2,0.0003817699325736612,0.00010419241152703762,0.0005389053840190172,3
44,Theta,1,3.7911133404122666e-05,-3.371166530996561e-05,0.00013528787530958652,3
44,Theta,2,0.0002386575797572732,-0.00023869075812399387,0.0007640095427632332,3
45,Alpha,1,0.005674656946212053,-7.655378431081772e-05,0.011425867676734924,2
45,Alpha,2,0.01059775985777378,-0.0008189519867300987,0.022014470770955086,2
45,Beta,1,0.00017377886979375035,-2.1738640498369932e-05,0.0003692963800858706,2
45,Beta,2,0.0002808459394145757,-0.0003230809234082699,0.0008847728022374213,2
45,Delta,1,0.0006588299875147641,0.00031872931867837906,0.000998930656351149,2
45,Delta,2,-0.00010856897279154509,-0.00026506028370931745,4.792233812622726e-05,2
45,GammaH,1,0.00022535325842909515,-1.2974924175068736e-05,0.00046368144103325903,2
45,GammaH,2,-0.0007176981889642775,-0.002061250852420926,0.0006258544744923711,2
45,GammaL,1,0.00012425423483364284,7.422087946906686e-06,0.000241086381720379,2
45,GammaL,2,-2.6941506803268567e-05,-7.983759132912382e-05,2.595457772258669e-05,2
45,Ripple,1,-4.9542635679244995e-05,-7.582808029837906e-05,-2.325718742213212e-05,2
45,Ripple,2,0.00013840403698850423,7.314707181649283e-05,0.00020366100943647325,2
45,Theta,1,-0.0003824883606284857,-0.0009321117540821433,0.00016713503282517195,2
45,Theta,2,9.93975845631212e-05,9.395653614774346e-05,0.00010483863297849894,2
46,Alpha,1,0.007563281804323196,0.0044647580944001675,0.010766655206680298,6
46,Alpha,2,0.012983889319002628,-8.567670738557354e-05,0.027222685515880585,6
46,Beta,1,0.0005639209412038326,-0.00020162222790531814,0.0013362941099330783,6
46,Beta,2,0.0005106470198370516,-1.1825827641587239e-05,0.0011442404938861728,6
46,Delta,1,0.0040947445668280125,0.0013162796385586262,0.006850115954875946,6
46,Delta,2,0.005351534113287926,0.0003703022375702858,0.01213275920599699,6
46,GammaH,1,-6.107735680416226e-05,-0.0003222680534236133,0.0001499768695794046,6
46,GammaH,2,0.0002114365779561922,-0.0001975137711269781,0.0006548171513713896,6
46,GammaL,1,-5.9776630223495886e-05,-0.0026807456742972136,0.0016442012274637818,6
46,GammaL,2,9.162933565676212e-06,-0.00014665629714727402,0.00018577549781184644,6
46,Ripple,1,0.0010561057133600116,0.00011381252988940105,0.002377060241997242,6
46,Ripple,2,-2.840832712536212e-05,-0.000740839634090662,0.0006391129572875798,6
46,Theta,1,0.00043644706602208316,-0.0001965373958228156,0.0014399228384718299,6
46,Theta,2,0.00023642486485186964,-0.00030516067636199296,0.000723198929335922,6
47l,Alpha,1,0.00022142764646559954,-0.00013191805919632316,0.0006598213221877813,3
47l,Alpha,2,0.0004614060453604907,0.0001225046580657363,0.0007644539582543075,3
47l,Beta,1,3.501111132209189e-05,-0.0008315560407936573,0.0006389455520547926,3
47l,Beta,2,0.00023606419563293457,8.071836782619357e-05,0.000393733469536528,3
47l,Delta,1,0.00046119195758365095,-2.972001675516367e-05,0.0008880382520146668,3
47l,Delta,2,0.00031521302298642695,-1.635903026908636e-05,0.0007955452892929316,3
47l,GammaH,1,0.0007947878330014646,-0.001064281677827239,0.0022077008616179228,3
47l,GammaH,2,-0.0005171459051780403,-0.0022939560003578663,0.0003934649284929037,3
47l,GammaL,1,0.001817462034523487,-0.0008921422995626926,0.003400408662855625,3
47l,GammaL,2,0.0012388788163661957,0.001107737421989441,0.0014443023828789592,3
47l,Ripple,1,0.0002376362681388855,-0.0012615667656064034,0.0025379464495927095,3
47l,Ripple,2,0.00017601116269361228,-0.000917950936127454,0.0009902348974719644,3
47l,Theta,1,0.0010963361710309982,3.872765228152275e-05,0.001827102154493332,3
47l,Theta,2,0.000117338182462845,-0.0006793697830289602,0.0009559083264321089,3
47m,Alpha,1,0.0003642896772362292,-6.959099846426398e-05,0.0007981703383848071,4
47m,Alpha,2,0.0013514820020645857,-2.789660356938839e-05,0.00304728327319026,4
47m,Beta,1,0.0011338561307638884,0.0002215225831605494,0.001916802255436778,4
47m,Beta,2,8.7933280155994e-05,4.113338945899159e-05,0.00012387933384161443,4
47m,Delta,1,0.0011861345265060663,5.192699609324336e-05,0.0025163087993860245,4
47m,Delta,2,-5.4728283430449665e-05,-8.375765173695982e-05,-2.3016065824776888e-05,4
47m,GammaH,1,-0.00012861634604632854,-0.00021353070042096078,-5.137680273037404e-05,4
47m,GammaH,2,4.532136517809704e-05,-0.00016185862477868795,0.00041732433601282537,4
47m,GammaL,1,3.570499029592611e-05,-8.731546404305845e-05,0.00016176361532416195,4
47m,GammaL,2,-1.635271473787725e-07,-0.00035099737579002976,0.0003506703651510179,4
47m,Ripple,1,-6.238679634407163e-05,-0.00018250120047014207,5.772760778199881e-05,4
47m,Ripple,2,8.248025551438332e-08,-0.00029349306714721024,0.0004057024198118597,4
47m,Theta,1,-0.0001563448313390836,-0.0004929831484332681,7.332758832490072e-05,4
47m,Theta,2,0.0012344991555437446,0.0005176340928301215,0.0020258764270693064,4
47s,Alpha,1,8.098126272670925e-05,8.098126272670925e-05,8.098126272670925e-05,1
47s,Alpha,2,-6.082971231080592e-05,-6.082971231080592e-05,-6.082971231080592e-05,1
47s,Beta,1,-6.807249155826867e-05,-6.807249155826867e-05,-6.807249155826867e-05,1
47s,Beta,2,1.3318393030203879e-05,1.3318393030203879e-05,1.3318393030203879e-05,1
47s,Delta,1,-9.338291420135647e-05,-9.338291420135647e-05,-9.338291420135647e-05,1
47s,Delta,2,-0.0001361764589091763,-0.0001361764589091763,-0.0001361764589091763,1
47s,GammaH,1,-0.00011795692262239754,-0.00011795692262239754,-0.00011795692262239754,1
47s,GammaH,2,-0.00010007720266003162,-0.00010007720266003162,-0.00010007720266003162,1
47s,GammaL,1,-0.0006802346324548125,-0.0006802346324548125,-0.0006802346324548125,1
47s,GammaL,2,-2.7778645744547248e-05,-2.7778645744547248e-05,-2.7778645744547248e-05,1
47s,Ripple,1,4.434339643921703e-05,4.434339643921703e-05,4.434339643921703e-05,1
47s,Ripple,2,1.381699985358864e-05,1.381699985358864e-05,1.381699985358864e-05,1
47s,Theta,1,0.00025732675567269325,0.00025732675567269325,0.00025732675567269325,1
47s,Theta,2,0.0003990870900452137,0.0003990870900452137,0.0003990870900452137,1
52,Alpha,1,-2.5478169845882803e-05,-7.696942338952795e-05,2.9254410037538037e-05,4
52,Alpha,2,-0.00015968292427714914,-0.0003566840896382928,4.8507703468203545e-05,4
52,Beta,1,0.0004074706230312586,6.69033033773303e-05,0.0007480379426851869,4
52,Beta,2,1.2204553058836609e-05,-0.00011976019595749676,0.00014416930207516998,4
52,Delta,1,-2.394235343672335e-05,-4.0067498048301786e-05,-7.817207915650215e-06,4
52,Delta,2,0.0003025971818715334,7.327855564653873e-05,0.000531915808096528,4
52,GammaH,1,-0.00012512344983406365,-0.00024804496206343174,0.00010280947753926739,4
52,GammaH,2,8.333734513144009e-06,-5.595274706138298e-05,5.006080027669668e-05,4
52,GammaL,1,2.5584122340660542e-05,-0.00010740344441728666,0.00013461960770655423,4
52,GammaL,2,-7.92414357420057e-06,-0.0002654753625392914,0.0002496271044947207,4
52,Ripple,1,-0.00012391150812618434,-0.00023683698964305222,-2.0258186850696802e-05,4
52,Ripple,2,-9.850849164649844e-05,-0.0001904072123579681,-6.6097709350287914e-06,4
52,Theta,1,-8.736223389860243e-05,-0.00024231430143117905,4.1844228690024465e-05,4
52,Theta,2,-7.897753675933927e-05,-0.00018886497127823532,3.090989775955677e-05,4
55b,Alpha,1,4.737227573059499e-05,6.1425380408763885e-06,8.86020134203136e-05,2
55b,Alpha,2,4.184455974609591e-05,-6.0061247495468706e-05,0.00014375036698766053,2
55b,Beta,1,0.0002821334055624902,0.00024342993856407702,0.0003208369016647339,2
55b,Beta,2,0.0005878814263269305,0.000542761932592839,0.0006330008618533611,2
55b,Delta,1,3.1823576136957854e-05,-0.00013500291970558465,0.00019865007197950035,2
55b,Delta,2,2.5072353309951723e-05,1.8800448742695153e-05,3.134425787720829e-05,2
55b,GammaH,1,-0.00016774503455962986,-0.00040883070323616266,7.334063411690295e-05,2
55b,GammaH,2,-6.398518598871306e-05,-9.631460125092417e-05,-3.165577072650194e-05,2
55b,GammaL,1,-2.688875247258693e-05,-0.0001976253988686949,0.00014384789392352104,2
55b,GammaL,2,0.0001325329067185521,6.0791498981416225e-05,0.000204274314455688,2
55b,Ripple,1,0.0006401685532182455,-8.277950109913945e-05,0.0013631165493279696,2
55b,Ripple,2,0.0003716269857250154,-9.637349285185337e-05,0.0008396274643018842,2
55b,Theta,1,2.5519460905343294e-05,-6.321186083368957e-05,0.00011425078264437616,2
55b,Theta,2,-2.7801241230918095e-05,-0.00011554115917533636,5.993867671350017e-05,2
5mv,Alpha,1,9.547479567117989e-05,2.4418841348960996e-05,0.00017610716167837381,4
5mv,Alpha,2,0.0007525010732933879,3.0494527891278267e-05,0.0017634377581998706,4
5mv,Beta,1,0.00014693758566863835,5.162989691598341e-05,0.00024224529624916613,4
5mv,Beta,2,0.00010130592272616923,-8.74243414727971e-06,0.00021135428687557578,4
5mv,Delta,1,4.545408592093736e-05,-0.00018917849229183048,0.00032373968861065805,4
5mv,Delta,2,0.0009753699414432049,0.0004101904924027622,0.0013770232908427715,4
5mv,GammaH,1,0.00020365428645163774,-5.6483560911146924e-05,0.0004833794664591551,4
5mv,GammaH,2,0.00019029701070394367,-6.376786768669263e-05,0.00044436188181862235,4
5mv,GammaL,1,0.0006695156916975975,0.00024501566076651216,0.0010940157808363438,4
5mv,GammaL,2,0.0007453308207914233,0.00017300415493082255,0.0017196718836203218,4
5mv,Ripple,1,0.00012614659499377012,-4.6372901124414057e-05,0.0002729728876147419,4
5mv,Ripple,2,0.000214840576518327,0.00011664198245853186,0.00031303917057812214,4
5mv,Theta,1,0.0003467417845968157,-0.00015779898967593908,0.0009101760224439204,4
5mv,Theta,2,0.0009813274955376983,0.0005068220780231059,0.0014558329712599516,4
6a,Alpha,1,0.0016553887398913503,1.2081582099199295e-05,0.0033712713047862053,6
6a,Alpha,2,0.0016371525125578046,-0.0005773662705905735,0.004015774931758642,6
6a,Beta,1,0.0007694886880926788,0.00026380366762168705,0.001431277603842318,6
6a,Beta,2,0.0018168119713664055,0.0006947442889213562,0.0032614602241665125,6
6a,Delta,1,0.0004588306474033743,-5.829159636050463e-05,0.0010491228895261884,6
6a,Delta,2,0.0010802396573126316,0.00019040564075112343,0.0020050460007041693,6
6a,GammaH,1,0.0008007436990737915,6.540217145811766e-05,0.0016825696220621467,6
6a,GammaH,2,0.001277478295378387,-6.537327135447413e-05,0.0030304521787911654,6
6a,GammaL,1,0.0019106821855530143,0.0007998640066944063,0.0035671452060341835,6
6a,GammaL,2,0.0007899985066615045,0.00016288587357848883,0.0017333877040073276,6
6a,Ripple,1,0.006227780133485794,0.0007052294095046818,0.011917171068489552,6
6a,Ripple,2,-0.00016805889026727527,-0.0004245566378813237,8.633319521322846e-05,6
6a,Theta,1,0.0005497582606039941,-0.00028659406234510243,0.0013841578038409352,6
6a,Theta,2,0.0019713870715349913,-0.00043866425403393805,0.00485890032723546,6
6d,Alpha,1,3.921940515283495e-05,-1.5683501260355115e-05,8.314731530845165e-05,4
6d,Alpha,2,5.8631318097468466e-05,-3.608094993978739e-05,0.00013165941345505416,4
6d,Beta,1,0.00011291588452877477,-0.00011569829803192988,0.0003422121808398515,4
6d,Beta,2,4.19743410020601e-05,3.6727942642755806e-07,8.358139893971384e-05,4
6d,Delta,1,-7.711576472502202e-06,-0.0006341487169265747,0.0007997618522495031,4
6d,Delta,2,2.082848732243292e-05,-6.66216728859581e-05,0.00010827864753082395,4
6d,GammaH,1,0.00031175772892311215,0.00012295223132241517,0.0005197579739615321,4
6d,GammaH,2,4.134780101594515e-05,-0.00010066649701911956,0.00022804626496508718,4
6d,GammaL,1,8.94589175004512e-06,-0.00017432126333005726,0.00017650541849434376,4
6d,GammaL,2,0.0010912360157817602,-3.7041245377622545e-05,0.0029034148901700974,4
6d,Ripple,1,0.0002424682315904647,-0.0001649701443966478,0.0008689954411238432,4
6d,Ripple,2,-5.452877303468995e-06,-8.76324629643932e-05,6.383190338965505e-05,4
6d,Theta,1,0.0004226939345244318,0.00026385061210021377,0.0005815372569486499,4
6d,Theta,2,0.0027507240884006023,0.0013288850896060467,0.004634961020201445,4
6ma,Alpha,1,0.00032913501490838826,0.00016746553592383862,0.0004908044938929379,2
6ma,Alpha,2,0.00011882225226145238,8.178653661161661e-05,0.00015585796791128814,2
6ma,Beta,1,-0.000965267769061029,-0.0021595563739538193,0.00022902086493559182,2
6ma,Beta,2,0.00015813345089554787,5.60093903914094e-05,0.00026025751139968634,2
6ma,Delta,1,-0.0001069537247531116,-0.00021479139104485512,8.83941538631916e-07,2
6ma,Delta,2,0.00023726653307676315,7.139192894101143e-05,0.0004031411372125149,2
6ma,GammaH,1,0.000669434666633606,0.000613377895206213,0.0007254914380609989,2
6ma,GammaH,2,-0.00031046592630445957,-0.0008860764792189002,0.00026514462660998106,2
6ma,GammaL,1,-0.0004741516604553908,-0.0008105458691716194,-0.0001377574517391622,2
6ma,GammaL,2,5.87048998568207e-05,1.1446187272667885e-05,0.00010596361244097352,2
6ma,Ripple,1,0.0001622099371161312,9.767056326381862e-05,0.00022674929641652852,2
6ma,Ripple,2,0.001956349704414606,0.0005335246678441763,0.003379174740985036,2
6ma,Theta,1,0.0005849677254445851,0.0005759554915130138,0.0005939799593761563,2
6ma,Theta,2,-8.333777805091813e-05,-0.000193420157302171,2.6744601200334728e-05,2
6mp,Alpha,1,0.0002323401131434366,-0.00014129182090982795,0.0006519677117466927,4
6mp,Alpha,2,4.3004089093301445e-05,-8.704196807229891e-05,0.00024042054428718984,4
6mp,Beta,1,0.0005830914014950395,-3.7229168810881674e-05,0.001516201300546527,4
6mp,Beta,2,-0.00016981759108603,-0.0011689795646816492,0.0005813953466713428,4
6mp,Delta,1,7.818330050213262e-05,-4.0201572119258344e-05,0.0002668647503014654,4
6mp,Delta,2,0.002643266227096319,-0.00011289089161437005,0.007777101825922728,4
6mp,GammaH,1,0.001226638676598668,0.0001635451044421643,0.002330934861674905,4
6mp,GammaH,2,0.003840508870780468,0.0011107095051556826,0.007613567169755697,4
6mp,GammaL,1,-7.666209421586245e-05,-0.00015194216393865645,-1.382035407004878e-06,4
6mp,GammaL,2,2.3251777747645974e-05,-8.803101081866771e-06,5.2641567890532315e-05,4
6mp,Ripple,1,0.0014872219180688262,0.0003891294472850859,0.0025853142142295837,4
6mp,Ripple,2,0.0016877275193110108,0.0005301242345012724,0.003416613209992647,4
6mp,Theta,1,-0.00048164205509237945,-0.0012418387923389673,6.840533023932949e-05,4
6mp,Theta,2,0.0017426672857254744,0.0007306033512577415,0.002754731336608529,4
6r,Alpha,1,0.0010695852106437087,-0.00015664793318137527,0.003310160478577018,6
6r,Alpha,2,0.0008407297427766025,-0.00016371835954487324,0.00254401215352118,6
6r,Beta,1,3.345639197505079e-05,-0.00016564603720325977,0.0002076286036754027,6
6r,Beta,2,-0.000868881877977401,-0.004754968918859959,0.0018307477002963424,6
6r,Delta,1,0.000861023087054491,0.000249126780545339,0.0016373572871088982,6
6r,Delta,2,2.021394493567641e-06,-0.00011236307909712195,0.00010330449003959075,6
6r,GammaH,1,0.001281169825233519,-0.0003071634564548731,0.003007948398590088,6
6r,GammaH,2,0.00015902896120678633,-0.0001528643915662542,0.0005552862421609461,6
6r,GammaL,1,0.0001784638297976926,-0.0007232492789626122,0.0010535005712881684,6
6r,GammaL,2,0.00019087472173850983,-2.137474984920118e-05,0.0004365637432783842,6
6r,Ripple,1,4.651707786251791e-05,-0.0005132166552357376,0.0005260661127977073,6
6r,Ripple,2,-2.8569947971845977e-05,-0.00027619078173302114,0.00018367943994235247,6
6r,Theta,1,0.0001432005810784176,-8.027841249713674e-05,0.0003983371425420046,6
6r,Theta,2,0.0001984917907975614,8.939507097238675e-05,0.0003462379099801183,6
6v,Alpha,1,6.732650217600167e-05,-0.00047430014819838107,0.0005263052880764008,3
6v,Alpha,2,0.00019970512948930264,-0.00018424238078296185,0.0004617837257683277,3
6v,Beta,1,0.00015305954730138183,-0.00014115276280790567,0.0006923091714270413,3
6v,Beta,2,0.00031894296989776194,-9.359364048577845e-05,0.0007620065589435399,3
6v,Delta,1,0.0023927108850330114,-0.0016950670396909118,0.006183382589370012,3
6v,Delta,2,0.00022472166165243834,-4.601923865266144e-05,0.0005616926355287433,3
6v,GammaH,1,-5.432080433820374e-05,-0.00019471760606393218,2.188450889661908e-05,3
6v,GammaH,2,1.6902360584936105e-05,-3.8373866118490696e-05,0.00011368104605935514,3
6v,GammaL,1,-0.0009777506347745657,-0.0039580212906003,0.0006728274747729301,3
6v,GammaL,2,-0.00012552498083095998,-0.0007338740979321301,0.00033241091296076775,3
6v,Ripple,1,0.00028684939024969935,6.571086123585701e-05,0.000652515038382262,3
6v,Ripple,2,-0.00027617867453955114,-0.001021167729049921,0.0006437317933887243,3
6v,Theta,1,9.666602272773162e-05,1.7221056623384356e-05,0.0002012601325986907,3
6v,Theta,2,0.001248359214514494,-0.0020248801447451115,0.0031697049271315336,3
7AL,Alpha,1,2.6113615604117513e-05,2.6113615604117513e-05,2.6113615604117513e-05,1
7AL,Alpha,2,0.0005206333007663488,0.0005206333007663488,0.0005206333007663488,1
7AL,Beta,1,-0.0006856125546619296,-0.0006856125546619296,-0.0006856125546619296,1
7AL,Beta,2,0.0004138292861171067,0.0004138292861171067,0.0004138292861171067,1
7AL,Delta,1,-6.674337782897055e-05,-6.674337782897055e-05,-6.674337782897055e-05,1
7AL,Delta,2,0.00013136991765350103,0.00013136991765350103,0.00013136991765350103,1
7AL,GammaH,1,6.884534377604723e-05,6.884534377604723e-05,6.884534377604723e-05,1
7AL,GammaH,2,0.00033294118475168943,0.00033294118475168943,0.00033294118475168943,1
7AL,GammaL,1,0.00011226243805140257,0.00011226243805140257,0.00011226243805140257,1
7AL,GammaL,2,-9.765406139194965e-05,-9.765406139194965e-05,-9.765406139194965e-05,1
7AL,Ripple,1,0.0004948856076225638,0.0004948856076225638,0.0004948856076225638,1
7AL,Ripple,2,0.00021373550407588482,0.00021373550407588482,0.00021373550407588482,1
7AL,Theta,1,0.0001520743826404214,0.0001520743826404214,0.0001520743826404214,1
7AL,Theta,2,0.00026797293685376644,0.00026797293685376644,0.00026797293685376644,1
7PC,Alpha,1,0.00047489427379332483,0.00047489427379332483,0.00047489427379332483,1
7PC,Alpha,2,0.0016039807815104723,0.0016039807815104723,0.0016039807815104723,1
7PC,Beta,1,0.00016916051390580833,0.00016916051390580833,0.00016916051390580833,1
7PC,Beta,2,-5.526586755877361e-05,-5.526586755877361e-05,-5.526586755877361e-05,1
7PC,Delta,1,0.0006036644335836172,0.0006036644335836172,0.0006036644335836172,1
7PC,Delta,2,-7.22609693184495e-05,-7.22609693184495e-05,-7.22609693184495e-05,1
7PC,GammaH,1,-1.3710465282201767e-05,-1.3710465282201767e-05,-1.3710465282201767e-05,1
7PC,GammaH,2,8.704050560481846e-05,8.704050560481846e-05,8.704050560481846e-05,1
7PC,GammaL,1,0.00028137685148976743,0.00028137685148976743,0.00028137685148976743,1
7PC,GammaL,2,0.0001094259787350893,0.0001094259787350893,0.0001094259787350893,1
7PC,Ripple,1,-5.604571560979821e-05,-5.604571560979821e-05,-5.604571560979821e-05,1
7PC,Ripple,2,0.00023837565095163882,0.00023837565095163882,0.00023837565095163882,1
7PC,Theta,1,0.00016300720744766295,0.00016300720744766295,0.00016300720744766295,1
7PC,Theta,2,5.325919482856989e-05,5.325919482856989e-05,5.325919482856989e-05,1
7m,Alpha,1,0.0005499334656633437,-0.0003997756284661591,0.0014996423851698637,5
7m,Alpha,2,0.003120441921055317,0.00033990663359872997,0.00556018203496933,5
7m,Beta,1,0.0002555922546889633,-8.875025378074497e-05,0.000751506828237325,5
7m,Beta,2,7.11983084329404e-05,-0.0001848574902396649,0.00041411700658500195,5
7m,Delta,1,0.000517248990945518,-0.00017939659301191568,0.0012138945749029517,5
7m,Delta,2,0.00014880459639243782,-7.390599785139784e-05,0.00035847059916704893,5
7m,GammaH,1,0.00011481371620902792,-1.2308533769100904e-05,0.00028732040664181113,5
7m,GammaH,2,3.592374923755415e-05,-0.0001321904856013134,0.00018542395264375955,5
7m,GammaL,1,0.0011560146231204271,0.000636225042399019,0.0016233830247074366,5
7m,GammaL,2,0.00048406943096779287,-4.826486019737786e-06,0.0009729653829708695,5
7m,Ripple,1,0.00015468367200810462,-0.00015881401486694813,0.0004901521024294198,5
7m,Ripple,2,0.0003558293974492699,6.1741542594973e-05,0.0006499172304756939,5
7m,Theta,1,0.00012718069774564356,-1.3409752682491671e-05,0.0002749752311501652,5
7m,Theta,2,0.0002103950100718066,0.0001240880519617349,0.0002938527031801641,5
8Ad,Alpha,1,-0.0013185653369873762,-0.002332491334527731,-0.00030463928123936057,2
8Ad,Alpha,2,5.5247506679734215e-05,5.309320113155991e-05,5.740181222790852e-05,2
8Ad,Beta,1,0.002692623296752572,0.00011868834553752095,0.00526655837893486,2
8Ad,Beta,2,9.847464389167726e-05,-0.00014183722669258714,0.00033878651447594166,2
8Ad,Delta,1,0.00012321957910899073,-2.7588190278038383e-05,0.00027402734849601984,2
8Ad,Delta,2,0.0003418790875002742,9.014853276312351e-05,0.0005936096422374249,2
8Ad,GammaH,1,0.0005536330281756818,0.00019009452080354095,0.0009171715355478227,2
8Ad,GammaH,2,1.5846140740904957e-05,-7.08176230546087e-06,3.8774043787270784e-05,2
8Ad,GammaL,1,0.0012662456138059497,-1.5075311239343137e-05,0.0025475665461272,2
8Ad,GammaL,2,0.0005903073470108211,1.2969132512807846e-05,0.0011676455615088344,2
8Ad,Ripple,1,0.0002294962469022721,8.089575567282736e-05,0.00037809673813171685,2
8Ad,Ripple,2,0.003100524190813303,0.00014060433022677898,0.006060443818569183,2
8Ad,Theta,1,0.00046693754848092794,-0.00011740891204681247,0.0010512840235605836,2
8Ad,Theta,2,8.370807336177677e-06,2.69235169980675e-06,1.4049262972548604e-05,2
8Av,Alpha,1,0.0017437366768717766,0.001610151375643909,0.0018773219780996442,2
8Av,Alpha,2,0.001014362438581884,0.00016455957666039467,0.0018641653005033731,2
8Av,Beta,1,0.0010938507039099932,0.0004902904038317502,0.001697411062195897,2
8Av,Beta,2,-9.867763583315536e-05,-0.0001292083616135642,-6.814691005274653e-05,2
8Av,Delta,1,0.0015696437330916524,0.0011740850750356913,0.0019652023911476135,2
8Av,Delta,2,0.00020597499678842723,-4.8573900130577385e-05,0.0004605238791555166,2
8Av,GammaH,1,0.0001612788619240746,6.860424764454365e-05,0.00025395347620360553,2
8Av,GammaH,2,0.00016239838441833854,0.00010896736057475209,0.00021582940826192498,2
8Av,GammaL,1,0.0002269656688440591,0.00022595234622713178,0.0002279789769090712,2
8Av,GammaL,2,0.0009143810020759702,0.000615581579040736,0.0012131804833188653,2
8Av,Ripple,1,0.00028974490123800933,-7.103377720341086e-05,0.0006505235796794295,2
8Av,Ripple,2,1.487956615164876e-05,8.739996701478958e-06,2.101913560181856e-05,2
8Av,Theta,1,0.000437647890066728,6.957299774512649e-05,0.0008057227823883295,2
8Av,Theta,2,0.00022961231297813356,9.073701221495867e-05,0.00036848761374130845,2
8C,Alpha,1,0.0004933642339892685,-5.153014717507176e-05,0.0013536368496716022,5
8C,Alpha,2,0.0012542314361780882,-0.0007095858454704285,0.004422855097800493,5
8C,Beta,1,0.0003518671146593988,-2.6171968784183264e-05,0.000947220716625452,5
8C,Beta,2,-1.196062657982111e-05,-0.0003692719037644565,0.00032554101198911667,5
8C,Delta,1,0.006047957576811314,0.0010043762158602476,0.011022485792636871,5
8C,Delta,2,6.693063915008679e-05,-0.00012628207332454622,0.0003196616598870605,5
8C,GammaH,1,0.0006201800424605608,-0.0009692780440673232,0.0025648330338299274,5
8C,GammaH,2,1.6648875771352323e-06,-0.00025702151469886303,0.00031265223515219986,5
8C,GammaL,1,-9.689507714938372e-05,-0.00050501455552876,0.00023892517492640764,5
8C,GammaL,2,0.0009227420086972415,9.935301204677671e-05,0.0017647171625867486,5
8C,Ripple,1,0.00014238060975912958,6.548034434672445e-05,0.00027694256277754903,5
8C,Ripple,2,0.00012945561320520937,-6.446774932555854e-05,0.00035628557088784873,5
8C,Theta,1,-1.2231015716679394e-05,-0.00013297454279381782,0.00010851250408450142,5
8C,Theta,2,0.00012867314217146486,-0.00010668699542293325,0.00035843023215420544,5
9-46d,Alpha,1,0.001277134520933032,6.072362884879112e-05,0.002493545413017273,2
9-46d,Alpha,2,0.0010372339747846127,0.00037506967782974243,0.0016993982717394829,2
9-46d,Beta,1,-3.976005973527208e-05,-0.00011326775711495429,3.374763764441013e-05,2
9-46d,Beta,2,-0.00011511928460095078,-0.00020448362920433283,-2.5754939997568727e-05,2
9-46d,Delta,1,-0.00020639211288653314,-0.0006705162231810391,0.0002577319974079728,2
9-46d,Delta,2,-0.00021006108727306128,-0.0003447194176260382,-7.540277147199959e-05,2
9-46d,GammaH,1,0.0025681909173727036,6.920928717590868e-05,0.005067172460258007,2
9-46d,GammaH,2,0.004615772515535355,0.0018909159116446972,0.007340629119426012,2
9-46d,GammaL,1,0.0012450399808585644,0.000180876930244267,0.0023092031478881836,2
9-46d,GammaL,2,9.919641161104664e-05,-4.1821724153123796e-05,0.00024021454737521708,2
9-46d,Ripple,1,0.003114784602075815,0.002105484250932932,0.0041240849532186985,2
9-46d,Ripple,2,0.0019847718067467213,0.0010074432939291,0.0029621003195643425,2
9-46d,Theta,1,-4.669934787671082e-05,-0.0001841325720306486,9.073387627722695e-05,2
9-46d,Theta,2,0.0007906859973445535,-2.262978523503989e-05,0.0016040017362684011,2
A1,Alpha,1,-0.00015011811046861112,-0.00026934663765132427,2.030364703387022e-05,3
A1,Alpha,2,4.275233732187189e-05,-0.00015234595048241317,0.00018891674699261785,3
A1,Beta,1,0.00015046107000671327,-8.448233711533248e-05,0.0004293697129469365,3
A1,Beta,2,4.619189348886721e-05,-0.0001627482706680894,0.00025431739049963653,3
A1,Delta,1,-2.111886533384677e-05,-0.00015322765102609992,8.366673137061298e-05,3
A1,Delta,2,-6.490224041044712e-05,-0.00013777217827737331,9.437375410925597e-06,3
A1,GammaH,1,-0.00010470004781382158,-0.00019904860528185964,-1.6114383470267057e-05,3
A1,GammaH,2,-9.56140283960849e-05,-0.00014365644892677665,-7.327646017074585e-06,3
A1,GammaL,1,-3.2235897378996015e-05,-8.397867350140586e-05,1.2520133168436587e-05,3
A1,GammaL,2,8.892579353414476e-05,-7.033147994661704e-05,0.00020286685321480036,3
A1,Ripple,1,2.801230402837973e-05,-6.04064371145796e-05,8.112503564916551e-05,3
A1,Ripple,2,1.5804967915755697e-05,-5.431640602182597e-05,6.75930714351125e-05,3
A1,Theta,1,-7.134109182516113e-05,-0.00017531565390527248,1.093745231628418e-05,3
A1,Theta,2,0.00021799078967887908,0.00019969565619248897,0.00022895254369359463,3
A4,Alpha,1,0.00010393563570687547,2.704618964344263e-05,0.0001478689955547452,3
A4,Alpha,2,0.0012700200313702226,0.0006932755932211876,0.0021955808624625206,3
A4,Beta,1,-1.8410442862659693e-05,-0.00013181418762542307,4.983225153409876e-05,3
A4,Beta,2,-0.00012208179396111518,-0.00017341074999421835,-8.073562639765441e-05,3
A4,Delta,1,1.1678622286126483e-05,-4.725205872091465e-05,5.213561234995723e-05,3
A4,Delta,2,0.0001513868774054572,-3.486126661300659e-05,0.0005178791470825672,3
A4,GammaH,1,-1.1777486179198604e-05,-0.00013055256567895412,0.00015546346548944712,3
A4,GammaH,2,-1.3683146789844614e-05,-8.498632814735174e-05,2.3540924303233624e-05,3
A4,GammaL,1,0.00015406585589516908,-7.514865137636662e-05,0.00032506976276636124,3
A4,GammaL,2,-1.628332211112138e-05,-3.842799924314022e-05,2.7390080504119396e-05,3
A4,Ripple,1,0.00022672787599731237,-0.00016573525499552488,0.0007106889970600605,3
A4,Ripple,2,0.00013428340025711805,0.0001004342339001596,0.00018159020692110062,3
A4,Theta,1,0.000569110969081521,-0.00021677464246749878,0.0010617885272949934,3
A4,Theta,2,0.0002305506932316348,0.0001311717787757516,0.00037228199653327465,3
A5,Alpha,1,0.0001568060542922467,-0.000633329909760505,0.0009638879564590752,10
A5,Alpha,2,0.001105231000110507,0.00015493147657252848,0.0020091733895242214,10
A5,Beta,1,0.0006451969966292381,0.0002809825527947396,0.0010436131851747632,10
A5,Beta,2,0.0004175937210675329,8.580477879149839e-05,0.0008339466294273734,10
A5,Delta,1,0.00021339207887649536,6.748584564775229e-05,0.0004001331690233201,10
A5,Delta,2,6.925433990545571e-05,1.3822686014464125e-05,0.0001186374356620945,10
A5,GammaH,1,-7.341835589613765e-05,-0.0003532935515977442,0.0001906782272271812,10
A5,GammaH,2,2.9664699468412437e-05,-0.00040050066309049726,0.0003476216515991837,10
A5,GammaL,1,0.0001568198495078832,-0.0003957928856834769,0.0006847264594398439,10
A5,GammaL,2,0.00029005768010392785,-0.0002516441454645246,0.0008538675610907376,10
A5,Ripple,1,0.0005545850144699216,-0.0004139788798056543,0.0015438698465004563,10
A5,Ripple,2,0.0016633070772513747,4.9600788770476356e-05,0.003404076211154461,10
A5,Theta,1,0.00013028511602897197,-3.842101796180941e-05,0.0003407237527426332,10
A5,Theta,2,8.00869966042228e-05,-7.903389632701874e-05,0.00026319711469113827,10
AAIC,Alpha,1,0.00012668957060668617,-1.656173844821751e-05,0.00026705313939601183,3
AAIC,Alpha,2,0.0001748139038681984,5.166046321392059e-06,0.00042248921818099916,3
AAIC,Beta,1,2.934674012067262e-05,-0.00010198020027019083,0.0001566109713166952,3
AAIC,Beta,2,-0.00021900048886891454,-0.0005092085339128971,0.00014918058877810836,3
AAIC,Delta,1,0.00020385980315040797,-0.0006368923932313919,0.0006357432575896382,3
AAIC,Delta,2,0.0004924131208099425,5.263191997073591e-05,0.0009956411086022854,3
AAIC,GammaH,1,0.0006071930401958525,-1.805601641535759e-06,0.0011418999638408422,3
AAIC,GammaH,2,0.001343421288765967,-0.0005390875739976764,0.0039159744046628475,3
AAIC,GammaL,1,0.0005112079088576138,0.00024638380273245275,0.0007014328148216009,3
AAIC,GammaL,2,-5.896187576581724e-05,-0.00045095139648765326,0.00016771862283349037,3
AAIC,Ripple,1,-7.321930752368644e-05,-0.00028674339409917593,0.00010705649765441194,3
AAIC,Ripple,2,5.0905578973470256e-05,-8.950009942054749e-06,0.00010118773207068443,3
AAIC,Theta,1,0.0022934689186513424,0.0007495313766412437,0.0048189228400588036,3
AAIC,Theta,2,5.433241676655598e-05,7.669441401958466e-06,9.66221559792757e-05,3
AIP,Alpha,1,0.0030884938314557076,0.0004330867377575487,0.007294217590242624,5
AIP,Alpha,2,0.006478314753621817,0.00020604394376277924,0.014270844869315624,5
AIP,Beta,1,0.00046573960571549833,-8.837929635774344e-05,0.0014184179017320275,5
AIP,Beta,2,-0.00011943982826778665,-0.0002753449371084571,0.00010716255201259628,5
AIP,Delta,1,3.979368557338603e-05,-0.00011370547872502357,0.000193292842595838,5
AIP,Delta,2,0.00026964605785906315,-0.00020638360001612455,0.000765835982747376,5
AIP,GammaH,1,0.00039351164014078677,0.00021937969722785056,0.0005760776693932712,5
AIP,GammaH,2,0.00032556854421272874,-0.00023648361093364656,0.0008914497448131442,5
AIP,GammaL,1,0.000928382040001452,0.0005570873036049306,0.001417046645656228,5
AIP,GammaL,2,0.0002949720073956996,0.00013843935448676348,0.0004611214972101152,5
AIP,Ripple,1,0.00011991187784587964,-0.0006627764087170362,0.0007925817626528442,5
AIP,Ripple,2,0.0009247014531865716,0.00033767070272006094,0.001496069715358317,5
AIP,Theta,1,0.003913480322808027,0.00028399459552019835,0.007553281728178263,5
AIP,Theta,2,0.000780603033490479,4.667747998610139e-05,0.0015509417280554771,5
AVI,Alpha,1,0.00082968216156587,0.000775895721744746,0.0008904226124286652,3
AVI,Alpha,2,0.003743670182302594,0.0031761741265654564,0.004864025395363569,3
AVI,Beta,1,0.0009802703280001879,0.0002877767547033727,0.0017788730328902602,3
AVI,Beta,2,4.624560824595392e-05,-1.919841452036053e-06,0.00010088714770972729,3
AVI,Delta,1,0.0004847296222578734,0.00021622295025736094,0.0007191883050836623,3
AVI,Delta,2,8.185781916836277e-05,-0.0010560646187514067,0.0010875221341848373,3
AVI,GammaH,1,-4.614134013536386e-05,-0.0003122408816125244,0.00015642656944692135,3
AVI,GammaH,2,0.00016768545901868492,0.00011512441415106878,0.00022974431340117007,3
AVI,GammaL,1,-8.038373198360205e-05,-0.0005146895418874919,0.0003531684633344412,3
AVI,GammaL,2,0.0038687922060489655,-0.0012629779521375895,0.010658420622348785,3
AVI,Ripple,1,0.00037582337972708046,0.00019520078785717487,0.000589006463997066,3
AVI,Ripple,2,0.0007124326657503843,0.00037168411654420197,0.0009604946826584637,3
AVI,Theta,1,0.0006184707744978368,0.0004400556499604136,0.00095947808586061,3
AVI,Theta,2,0.002038645790889859,0.0002542888978496194,0.004692743998020887,3
Amygdala,Alpha,1,-6.946200301172212e-05,-0.0003124003123957664,0.00015992198314052075,11
Amygdala,Alpha,2,0.000592941592913121,9.000657155411318e-05,0.0011513620847836137,11
Amygdala,Beta,1,0.0005633050459437072,-0.0007718228152953088,0.0019308470655232668,11
Amygdala,Beta,2,0.00037649599835276604,-6.497208960354328e-05,0.0009233044693246484,11
Amygdala,Delta,1,0.00012170411355327815,-0.0001581088436068967,0.0003707307914737612,11
Amygdala,Delta,2,6.869383651064709e-05,-2.3700684323557653e-05,0.00018025255121756345,11
Amygdala,GammaH,1,0.00026610883651301265,5.903889177716337e-05,0.0004618745588231832,11
Amygdala,GammaH,2,0.00015132948465179652,-2.6812622309080325e-05,0.00032463445677421987,11
Amygdala,GammaL,1,0.00027699617203325033,-0.0001273276429856196,0.0009634292218834162,11
Amygdala,GammaL,2,6.769075116608292e-05,-0.0001451315765734762,0.00024325201229657978,11
Amygdala,Ripple,1,0.0010117971105501056,0.00031546485843136907,0.0018244704697281122,11
Amygdala,Ripple,2,0.0024518396239727736,0.00012723055260721594,0.005433585960417986,11
Amygdala,Theta,1,7.58496462367475e-05,-0.00037171851727180183,0.0005293268477544188,11
Amygdala,Theta,2,0.00028060574550181627,-0.00030385341960936785,0.0008977297693490982,11
EC,Alpha,1,-8.639543375466019e-05,-0.00042657804442569613,0.000262648070929572,5
EC,Alpha,2,-4.03973572247196e-05,-0.0004892909782938659,0.00043685833225026727,5
EC,Beta,1,8.140438876580447e-05,-0.0001493819581810385,0.00044534975313581526,5
EC,Beta,2,0.00048412784235551953,-8.099914703052491e-05,0.001236985088326037,5
EC,Delta,1,-0.0005073548527434468,-0.0008917101658880711,-0.0001229994959430769,5
EC,Delta,2,-0.000101201563666109,-0.00025536297471262515,8.42123045003973e-05,5
EC,GammaH,1,-3.8276495615718886e-05,-0.00013106476399116218,3.3768999855965376e-05,5
EC,GammaH,2,4.75968681712402e-06,-0.00022373802494257689,0.0002510344493202865,5
EC,GammaL,1,9.14200209081173e-05,-7.495268800994381e-05,0.0002639999729581177,5
EC,GammaL,2,-0.00040141568752005696,-0.0017572923097759485,0.0006682687671855092,5
EC,Ripple,1,-0.00045470529585145414,-0.0007829725509509444,-0.0001759399747243151,5
EC,Ripple,2,1.2733100447803736e-05,-0.00010739707067841664,0.00011365952377673239,5
EC,Theta,1,-0.00022319596610032022,-0.0003285083803348243,-0.00011788353003794327,5
EC,Theta,2,0.00015177611203398556,-0.00010245347220916301,0.00038983317790552974,5
FEF,Alpha,1,-3.5304918128531426e-05,-9.376829984830692e-05,1.309615618083626e-05,4
FEF,Alpha,2,2.218063673353754e-05,-3.915579873137176e-05,9.386362216901034e-05,4
FEF,Beta,1,0.0003746068978216499,-0.0003256782074458897,0.0012196853058412671,4
FEF,Beta,2,5.869136657565832e-06,-0.00012709831935353577,0.00013883659266866744,4
FEF,Delta,1,6.317492807283998e-05,-0.0004822875780519098,0.0006563649512827396,4
FEF,Delta,2,0.0005584202008321881,-2.1032905351603404e-05,0.0011378732742741704,4
FEF,GammaH,1,0.0077744158916175365,0.0032828913535922766,0.01378939300775528,4
FEF,GammaH,2,1.85399258043617e-05,-0.00014050952449906617,0.00019714486552402377,4
FEF,GammaL,1,-0.0001320086739724502,-0.0005483133718371391,0.00039285217644646764,4
FEF,GammaL,2,0.002914393786340952,-0.0003574501897674054,0.008455390110611916,4
FEF,Ripple,1,0.002448419574648142,-7.272808579728007e-05,0.006933507043868303,4
FEF,Ripple,2,0.0019860658794641495,0.0010313441744074225,0.0037689530290663242,4
FEF,Theta,1,0.00014566327445209026,-0.0006038191495463252,0.0008139831479638815,4
FEF,Theta,2,9.812713688006625e-05,-1.5037114280858077e-05,0.00023954476637300104,4
FFC,Alpha,1,-7.27961742086336e-05,-7.27961742086336e-05,-7.27961742086336e-05,1
FFC,Alpha,2,0.00014154607197269797,0.00014154607197269797,0.00014154607197269797,1
FFC,Beta,1,0.0003573818248696625,0.0003573818248696625,0.0003573818248696625,1
FFC,Beta,2,0.00042854296043515205,0.00042854296043515205,0.00042854296043515205,1
FFC,Delta,1,0.001497787656262517,0.001497787656262517,0.001497787656262517,1
FFC,Delta,2,-1.6666017472743988e-05,-1.6666017472743988e-05,-1.6666017472743988e-05,1
FFC,GammaH,1,7.205996371340007e-05,7.205996371340007e-05,7.205996371340007e-05,1
FFC,GammaH,2,-2.653012052178383e-05,-2.653012052178383e-05,-2.653012052178383e-05,1
FFC,GammaL,1,1.789623638615012e-05,1.789623638615012e-05,1.789623638615012e-05,1
FFC,GammaL,2,0.0003127609670627862,0.0003127609670627862,0.0003127609670627862,1
FFC,Ripple,1,0.00015401822747662663,0.00015401822747662663,0.00015401822747662663,1
FFC,Ripple,2,-0.000175221124663949,-0.000175221124663949,-0.000175221124663949,1
FFC,Theta,1,-0.00013535423204302788,-0.00013535423204302788,-0.00013535423204302788,1
FFC,Theta,2,0.00026822881773114204,0.00026822881773114204,0.00026822881773114204,1
FOP1,Alpha,1,-1.5457160770893097e-05,-1.5457160770893097e-05,-1.5457160770893097e-05,1
FOP1,Alpha,2,6.551737897098064e-05,6.551737897098064e-05,6.551737897098064e-05,1
FOP1,Beta,1,2.5710323825478554e-05,2.5710323825478554e-05,2.5710323825478554e-05,1
FOP1,Beta,2,1.020697527565062e-05,1.020697527565062e-05,1.020697527565062e-05,1
FOP1,Delta,1,0.002081055659800768,0.002081055659800768,0.002081055659800768,1
FOP1,Delta,2,0.0003309291205368936,0.0003309291205368936,0.0003309291205368936,1
FOP1,GammaH,1,0.00021175661822780967,0.00021175661822780967,0.00021175661822780967,1
FOP1,GammaH,2,-0.0003832905786111951,-0.0003832905786111951,-0.0003832905786111951,1
FOP1,GammaL,1,0.00022678656387142837,0.00022678656387142837,0.00022678656387142837,1
FOP1,GammaL,2,7.23707489669323e-06,7.23707489669323e-06,7.23707489669323e-06,1
FOP1,Ripple,1,-0.00016879438771866262,-0.00016879438771866262,-0.00016879438771866262,1
FOP1,Ripple,2,-0.00016185318236239254,-0.00016185318236239254,-0.00016185318236239254,1
FOP1,Theta,1,-0.00013977137859910727,-0.00013977137859910727,-0.00013977137859910727,1
FOP1,Theta,2,-9.309122106060386e-05,-9.309122106060386e-05,-9.309122106060386e-05,1
FOP2,Alpha,1,2.3098778910934925e-05,-0.00023349648108705878,0.0002961092395707965,4
FOP2,Alpha,2,-0.00012645573588088155,-0.0007139007211662829,0.000416487455368042,4
FOP2,Beta,1,-5.8901001466438174e-05,-0.00019541328947525471,4.0853614336811006e-05,4
FOP2,Beta,2,0.0011293089482933283,0.0001368490484310314,0.0024021724238991737,4
FOP2,Delta,1,-7.08504012436606e-05,-0.00018038335838355124,1.2856730791099835e-05,4
FOP2,Delta,2,1.4800156350247562e-05,-0.00010638812091201544,0.0001444829540560022,4
FOP2,GammaH,1,0.0010541505180299282,0.0003866738989017904,0.00224370788782835,4
FOP2,GammaH,2,-3.220529470127076e-05,-0.00012342519767116755,4.858772081206553e-05,4
FOP2,GammaL,1,0.00037750208866782486,-0.00020730099640786648,0.0010288581252098083,4
FOP2,GammaL,2,0.00017872352327685803,-8.292580605484545e-05,0.0006745347054675221,4
FOP2,Ripple,1,0.0008301570196636021,7.890193955972791e-05,0.0015814120415598154,4
FOP2,Ripple,2,0.0001315547851845622,3.4441472962498665e-07,0.0002752031432464719,4
FOP2,Theta,1,0.0002005869464483112,5.122667062096298e-06,0.0003792737261392176,4
FOP2,Theta,2,8.664610504638404e-05,-0.00013041170313954353,0.0003037039132323116,4
FOP3,Alpha,1,0.0001259030686924234,-0.00022305204765871167,0.0003381617134436965,3
FOP3,Alpha,2,0.0008492622873745859,3.63858780474402e-05,0.0023118238896131516,3
FOP3,Beta,1,0.00023224700998980552,-6.485998164862394e-05,0.0003926358185708523,3
FOP3,Beta,2,-0.00018381689733359963,-0.000438410701462999,-2.3192311346065253e-05,3
FOP3,Delta,1,0.00021525479678530246,-6.762155680917203e-05,0.000764265947509557,3
FOP3,Delta,2,0.0002858435909729451,-0.0005965487216599286,0.0012528731022030115,3
FOP3,GammaH,1,-0.00045169112854637206,-0.00127425417304039,6.572343409061432e-06,3
FOP3,GammaH,2,0.0001587586011737585,-0.00039212603587657213,0.0007795675192028284,3
FOP3,GammaL,1,0.000307048496324569,-0.0004659389378502965,0.000811482488643378,3
FOP3,GammaL,2,-2.185523771913722e-05,-0.00017663417384028435,5.918209717492573e-05,3
FOP3,Ripple,1,1.535234878247138e-05,-6.800572737120092e-05,0.00014801515499129891,3
FOP3,Ripple,2,6.852062506368384e-05,-0.0002145484322682023,0.0002306335372850299,3
FOP3,Theta,1,0.00016783433966338634,-0.00023760879412293434,0.0004881668137386441,3
FOP3,Theta,2,-7.825581269571558e-05,-0.00022519433696288615,0.00010586246935417876,3
FOP4,Alpha,1,-7.318730786209926e-05,-0.0002395740884821862,8.1881124060601e-05,7
FOP4,Alpha,2,0.002192167565226555,0.0008840655209496617,0.00388505682349205,7
FOP4,Beta,1,0.004233052488416433,1.7075757568818517e-05,0.012353269383311272,7
FOP4,Beta,2,0.000781399488914758,9.997405868489295e-05,0.0013708468759432435,7
FOP4,Delta,1,0.0001390012475894764,-0.00011177927808603272,0.0004383427440188825,7
FOP4,Delta,2,3.5949884477304295e-05,-0.00011927667947020382,0.00015942777099553496,7
FOP4,GammaH,1,0.0007815930875949562,0.00011541495041456074,0.0013262467691674829,7
FOP4,GammaH,2,-2.400607081654016e-05,-0.0002267165546072647,0.0001397585729137063,7
FOP4,GammaL,1,0.00014953361824154854,-7.009183173067868e-05,0.0003433332603890449,7
FOP4,GammaL,2,0.0002686427324078977,7.351650856435299e-05,0.0004999931552447379,7
FOP4,Ripple,1,0.0014308671234175563,0.00029582410934381187,0.003259123768657446,7
FOP4,Ripple,2,0.0013494357699528337,-0.00015070322842802852,0.003997818101197481,7
FOP4,Theta,1,-3.441099806877901e-06,-0.00012082203465979546,9.410843631485477e-05,7
FOP4,Theta,2,0.0010094878962263465,-0.000449299841420725,0.0026417006738483906,7
FOP5,Alpha,1,0.010051213204860687,0.0029885650146752596,0.01774854212999344,4
FOP5,Alpha,2,0.00044523863471113145,0.00017087002925109118,0.0008566153701394796,4
FOP5,Beta,1,0.00028814474353566766,0.0001005144149530679,0.0004980160156264901,4
FOP5,Beta,2,0.00018461194122210145,7.033701695036143e-05,0.00030159877496771514,4
FOP5,Delta,1,0.0011583047453314066,0.0005010103341192007,0.0018994188867509365,4
FOP5,Delta,2,2.9524308047257364e-05,-0.00013230580952949822,0.0002218534064013511,4
FOP5,GammaH,1,0.0013997761998325586,-0.0001595104404259473,0.0039039752446115017,4
FOP5,GammaH,2,0.0007848072564229369,0.00034700537798926234,0.0013726725010201335,4
FOP5,GammaL,1,0.0013601572718471289,0.0007935136090964079,0.0017624774482101202,4
FOP5,GammaL,2,0.001096881809644401,-0.0003390019992366433,0.003225295804440975,4
FOP5,Ripple,1,-7.172010373324156e-05,-0.00019670912297442555,9.582331404089928e-05,4
FOP5,Ripple,2,-0.00010483602090971544,-0.0001546629937365651,-5.456081999000162e-05,4
FOP5,Theta,1,0.00014225998893380165,-0.0003352288040332496,0.0006197487819008529,4
FOP5,Theta,2,0.038768112659454346,0.004942087922245264,0.1005481407046318,4
FST,Alpha,1,0.00033298725611530244,0.00010942990047624335,0.0005992153310216963,5
FST,Alpha,2,0.0009726880816742778,0.00022852949041407555,0.00215050857514143,5
FST,Beta,1,0.001999787986278534,0.00026487078866921365,0.004630740731954575,5
FST,Beta,2,0.00014508457388728857,-0.00013872164709027857,0.000486808450659737,5
FST,Delta,1,0.002088003559038043,0.0008402547100558877,0.003548741340637207,5
FST,Delta,2,-2.724383921304252e-05,-0.00022134478786028922,0.0002294692676514387,5
FST,GammaH,1,2.57507190326578e-06,-8.0451114627067e-05,7.421262853313237e-05,5
FST,GammaH,2,0.0002923602587543428,-0.0002209025842603296,0.0009652973967604339,5
FST,GammaL,1,0.00046625983668491244,7.73770170781063e-06,0.001082327333278954,5
FST,GammaL,2,0.0007280359859578311,0.00010245232988381758,0.0011925792787224054,5
FST,Ripple,1,0.00020794334704987705,-0.0002422727702651173,0.0008124156156554818,5
FST,Ripple,2,0.004113795235753059,-0.0004815049469470978,0.010027172043919563,5
FST,Theta,1,0.0008592211524955928,-2.0986142772017047e-05,0.0017394283786416054,5
FST,Theta,2,0.00016752121155150235,3.966621443396434e-05,0.0003549065731931478,5
Hippocampus,Alpha,1,0.0032020690850913525,0.0006888601346872747,0.006006692536175251,14
Hippocampus,Alpha,2,0.00021740685042459518,-0.0009036783594638109,0.001411611563526094,14
Hippocampus,Beta,1,0.0002221646427642554,-0.00020758782920893282,0.0007069763960316777,14
Hippocampus,Beta,2,0.001118212123401463,0.000602284271735698,0.001649766694754362,14
Hippocampus,Delta,1,0.00013746783952228725,-0.00022911219275556505,0.0005248076049610972,14
Hippocampus,Delta,2,0.0004989575827494264,-0.0002307723043486476,0.0012765091378241777,14
Hippocampus,GammaH,1,0.0005018144147470593,-0.00017785359523259103,0.001214028219692409,14
Hippocampus,GammaH,2,0.008808394894003868,0.004357194062322378,0.013469471596181393,14
Hippocampus,GammaL,1,0.0014608409255743027,0.0006083932821638882,0.0023533334024250507,14
Hippocampus,GammaL,2,0.00019029203394893557,-0.00011395243927836418,0.0004676037060562521,14
Hippocampus,Ripple,1,0.004505629651248455,0.0026679597795009613,0.0067479172721505165,14
Hippocampus,Ripple,2,0.0003751129552256316,-4.923427331959829e-05,0.0008220135932788253,14
Hippocampus,Theta,1,0.00036506069591268897,4.860203989665024e-05,0.0007047949475236237,14
Hippocampus,Theta,2,0.00021526865020859987,-2.2939568225410767e-05,0.0005724053480662405,14
IFJa,Alpha,1,0.0029631401412189007,6.57773925922811e-05,0.0072318920865654945,4
IFJa,Alpha,2,0.0036188492085784674,-0.0009551509283483028,0.009542507119476795,4
IFJa,Beta,1,0.0007558745564892888,2.7887290343642235e-05,0.0016153455944731832,4
IFJa,Beta,2,1.4256620488595217e-05,-8.972661453299224e-05,0.00015886634355410933,4
IFJa,Delta,1,0.014892354607582092,0.005630536004900932,0.0307835154235363,4
IFJa,Delta,2,0.0033335029147565365,0.00016400055028498173,0.00939137302339077,4
IFJa,GammaH,1,9.620448690839112e-05,-0.00017072440823540092,0.0004219587426632643,4
IFJa,GammaH,2,3.5788718378171325e-05,-0.00019014421559404582,0.00024718180065974593,4
IFJa,GammaL,1,-5.189530929783359e-05,-0.00028530418057926,9.709743608254939e-05,4
IFJa,GammaL,2,0.0009200365166179836,0.00029965746216475964,0.0013736594701185822,4
IFJa,Ripple,1,0.00032176345121115446,7.5316347647458315e-06,0.0006359952967613935,4
IFJa,Ripple,2,-0.00012544931087177247,-0.0008336514001712203,0.0005059016984887421,4
IFJa,Theta,1,0.0010977183701470494,0.0007251983042806387,0.001626257668249309,4
IFJa,Theta,2,0.0008766608079895377,0.0003467723145149648,0.0014065492432564497,4
IFJp,Alpha,1,0.0024722868110984564,0.0024722868110984564,0.0024722868110984564,1
IFJp,Alpha,2,-0.0002466508885845542,-0.0002466508885845542,-0.0002466508885845542,1
IFJp,Beta,1,-9.184569353237748e-05,-9.184569353237748e-05,-9.184569353237748e-05,1
IFJp,Beta,2,-8.026223804336041e-05,-8.026223804336041e-05,-8.026223804336041e-05,1
IFJp,Delta,1,7.429021934513003e-05,7.429021934513003e-05,7.429021934513003e-05,1
IFJp,Delta,2,3.2631978683639318e-06,3.2631978683639318e-06,3.2631978683639318e-06,1
IFJp,GammaH,1,0.015317931771278381,0.015317931771278381,0.015317931771278381,1
IFJp,GammaH,2,0.0005619821604341269,0.0005619821604341269,0.0005619821604341269,1
IFJp,GammaL,1,0.005490157753229141,0.005490157753229141,0.005490157753229141,1
IFJp,GammaL,2,0.0025408498477190733,0.0025408498477190733,0.0025408498477190733,1
IFJp,Ripple,1,0.0005185594782233238,0.0005185594782233238,0.0005185594782233238,1
IFJp,Ripple,2,2.3437916752300225e-05,2.3437916752300225e-05,2.3437916752300225e-05,1
IFJp,Theta,1,0.00021061088773421943,0.00021061088773421943,0.00021061088773421943,1
IFJp,Theta,2,-8.316666935570538e-05,-8.316666935570538e-05,-8.316666935570538e-05,1
IFSa,Alpha,1,0.00022263629944063723,-0.0003295414207968861,0.0008645426714792848,4
IFSa,Alpha,2,0.002623527077957988,-0.00017317116726189852,0.007666404824703932,4
IFSa,Beta,1,0.00025648350128903985,-4.920719948131591e-05,0.0008177646086551249,4
IFSa,Beta,2,0.000136163376737386,5.0677364924922585e-05,0.00021576433209702373,4
IFSa,Delta,1,0.00023744966892991215,0.00011068555613746867,0.0003528498928062618,4
IFSa,Delta,2,2.192944157286547e-05,-3.768820170080289e-05,7.036852912278846e-05,4
IFSa,GammaH,1,-7.82010902184993e-05,-0.0001570852764416486,6.830887286923826e-07,4
IFSa,GammaH,2,0.00011142519360873848,7.711681973887607e-06,0.00028794596437364817,4
IFSa,GammaL,1,-3.119935718132183e-05,-9.462671732762828e-05,3.1912815757095814e-05,4
IFSa,GammaL,2,7.090685539878905e-05,-0.00013129226863384247,0.00021340494276955724,4
IFSa,Ripple,1,0.0001499111531302333,-0.00014034492778591812,0.000558622123207897,4
IFSa,Ripple,2,4.0314989746548235e-06,-0.00029125408036634326,0.00040276069194078445,4
IFSa,Theta,1,0.00041503075044602156,-0.0009838074911385775,0.0015236623585224152,4
IFSa,Theta,2,-0.00015903353050816804,-0.0004410500987432897,8.502337732352316e-05,4
IFSp,Alpha,1,0.0005329613923095167,0.0002638069272506982,0.0008733168942853808,5
IFSp,Alpha,2,0.0007581523386761546,-0.0006843822193332016,0.002845246810466051,5
IFSp,Beta,1,0.0007625366561114788,-7.208685565274209e-05,0.0016380071174353361,5
IFSp,Beta,2,0.00016311979561578482,-0.00011099899711553007,0.0004762284515891224,5
IFSp,Delta,1,0.014956669881939888,0.004605350084602833,0.02887064218521118,5
IFSp,Delta,2,-0.00015181969502009451,-0.0002877024526242167,1.8435961465002038e-05,5
IFSp,GammaH,1,0.00010201620170846581,-5.600519943982363e-05,0.0002697085728868842,5
IFSp,GammaH,2,0.00015710355364717543,1.8806287698680535e-05,0.00032077624928206205,5
IFSp,GammaL,1,0.0007323953323066235,7.130438461899757e-07,0.0018168643582612276,5
IFSp,GammaL,2,0.0008048148592934012,0.0004026546666864306,0.0014438485959544778,5
IFSp,Ripple,1,0.0008471175096929073,-0.00010002400085795671,0.001794259063899517,5
IFSp,Ripple,2,6.941283209016547e-05,-4.5669585233554244e-05,0.00018071345402859151,5
IFSp,Theta,1,0.0003968511591665447,-1.8937513459604816e-06,0.0008327607065439224,5
IFSp,Theta,2,0.00017582917644176632,-0.00041019689524546266,0.0009490374359302223,5
IP0,Alpha,1,0.0003359621041454375,0.0003359621041454375,0.0003359621041454375,1
IP0,Alpha,2,6.778142414987087e-05,6.778142414987087e-05,6.778142414987087e-05,1
IP0,Beta,1,-3.710098098963499e-06,-3.710098098963499e-06,-3.710098098963499e-06,1
IP0,Beta,2,-4.384323983686045e-05,-4.384323983686045e-05,-4.384323983686045e-05,1
IP0,Delta,1,0.0022311650682240725,0.0022311650682240725,0.0022311650682240725,1
IP0,Delta,2,0.0012347132433205843,0.0012347132433205843,0.0012347132433205843,1
IP0,GammaH,1,0.00010287918848916888,0.00010287918848916888,0.00010287918848916888,1
IP0,GammaH,2,0.00031638937070965767,0.00031638937070965767,0.00031638937070965767,1
IP0,GammaL,1,0.000607905094511807,0.000607905094511807,0.000607905094511807,1
IP0,GammaL,2,-5.841130041517317e-05,-5.841130041517317e-05,-5.841130041517317e-05,1
IP0,Ripple,1,2.042278356384486e-05,2.042278356384486e-05,2.042278356384486e-05,1
IP0,Ripple,2,-2.0576524548232555e-05,-2.0576524548232555e-05,-2.0576524548232555e-05,1
IP0,Theta,1,-0.00042253697756677866,-0.00042253697756677866,-0.00042253697756677866,1
IP0,Theta,2,0.0026963045820593834,0.0026963045820593834,0.0026963045820593834,1
IP1,Alpha,1,0.003836287185549736,-0.0006617323961108923,0.008334307000041008,2
IP1,Alpha,2,0.00016552193847019225,6.553338607773185e-05,0.00026551049086265266,2
IP1,Beta,1,3.712985198944807e-05,-0.0009941961616277695,0.0010684558656066656,2
IP1,Beta,2,0.0004155694041401148,6.835244130343199e-05,0.0007627863669767976,2
IP1,Delta,1,-0.00019185998826287687,-0.0002097763936035335,-0.000173943568370305,2
IP1,Delta,2,0.0003534045536071062,9.487115312367678e-05,0.0006119379540905356,2
IP1,GammaH,1,-7.770649972371757e-07,-3.9024474972393364e-05,3.747034497791901e-05,2
IP1,GammaH,2,2.7654081350192428e-05,-3.2878073398023844e-05,8.81862360984087e-05,2
IP1,GammaL,1,-0.00022219025413505733,-0.0002466512378305197,-0.00019772927043959498,2
IP1,GammaL,2,0.00023531228362116963,9.676854824647307e-05,0.0003738560189958662,2
IP1,Ripple,1,0.00011435888154665008,6.917006976436824e-05,0.00015954769332893193,2
IP1,Ripple,2,-4.278129927115515e-05,-0.00022238708334043622,0.00013682448479812592,2
IP1,Theta,1,6.924015906406567e-05,-2.277368912473321e-05,0.00016125400725286454,2
IP1,Theta,2,6.51747322990559e-05,-2.78990191873163e-05,0.0001582484837854281,2
IP2,Alpha,1,0.003351111663505435,0.0011438592337071896,0.007425823714584112,3
IP2,Alpha,2,0.008726115338504314,0.004217848181724548,0.012437182478606701,3
IP2,Beta,1,0.004351451527327299,-0.010186441242694855,0.011985190212726593,3
IP2,Beta,2,0.002563375746831298,-0.0005537359975278378,0.00425703777000308,3
IP2,Delta,1,0.004341526422649622,-0.00015712110325694084,0.011861278675496578,3
IP2,Delta,2,0.0010710969800129533,-0.0008030880708247423,0.0034611811861395836,3
IP2,GammaH,1,-0.00010665189620340243,-0.00020877097267657518,-9.933239198289812e-06,3
IP2,GammaH,2,-0.00016589323058724403,-0.0004213443899061531,4.008397809229791e-05,3
IP2,GammaL,1,0.0009013994131237268,0.0004907050170004368,0.0015830009942874312,3
IP2,GammaL,2,0.0009597078897058964,-0.0026221524458378553,0.0030886130407452583,3
IP2,Ripple,1,-0.00017673389811534435,-0.002414090558886528,0.0014571143547073007,3
IP2,Ripple,2,0.00032603871659375727,-0.0001233754155691713,0.001007187063805759,3
IP2,Theta,1,-0.00018859335978049785,-0.0008349278941750526,0.0006460014265030622,3
IP2,Theta,2,-0.0007061514188535511,-0.0020759454928338528,5.9728045016527176e-05,3
IPS1,Alpha,1,-0.0004417476593516767,-0.0004417476593516767,-0.0004417476593516767,1
IPS1,Alpha,2,0.000165284494869411,0.000165284494869411,0.000165284494869411,1
IPS1,Beta,1,0.0012207516701892018,0.0012207516701892018,0.0012207516701892018,1
IPS1,Beta,2,9.655335452407598e-05,9.655335452407598e-05,9.655335452407598e-05,1
IPS1,Delta,1,0.0002391862217336893,0.0002391862217336893,0.0002391862217336893,1
IPS1,Delta,2,2.680643228814006e-05,2.680643228814006e-05,2.680643228814006e-05,1
IPS1,GammaH,1,0.0001144355337601155,0.0001144355337601155,0.0001144355337601155,1
IPS1,GammaH,2,9.03042673598975e-05,9.03042673598975e-05,9.03042673598975e-05,1
IPS1,GammaL,1,-4.34973044320941e-05,-4.34973044320941e-05,-4.34973044320941e-05,1
IPS1,GammaL,2,0.0006911029340699315,0.0006911029340699315,0.0006911029340699315,1
IPS1,Ripple,1,-0.00012586501543410122,-0.00012586501543410122,-0.00012586501543410122,1
IPS1,Ripple,2,-3.64060397259891e-05,-3.64060397259891e-05,-3.64060397259891e-05,1
IPS1,Theta,1,0.00019369227811694145,0.00019369227811694145,0.00019369227811694145,1
IPS1,Theta,2,0.0004919954808428884,0.0004919954808428884,0.0004919954808428884,1
Ig,Alpha,1,-6.348853639792651e-05,-0.0001917244226206094,6.474732799688354e-05,4
Ig,Alpha,2,8.485704893246293e-05,-0.0001740839798003435,0.00036461689160205424,4
Ig,Beta,1,2.0757033780682832e-05,-0.0001940693473443389,0.00023558342945761979,4
Ig,Beta,2,3.24339562212117e-05,-0.000109892847831361,0.0001747607602737844,4
Ig,Delta,1,-8.872889884514734e-05,-0.00014479058154392987,-2.7848145691677928e-05,4
Ig,Delta,2,0.00029141685809008777,0.00013001271872781217,0.0005465783178806305,4
Ig,GammaH,1,0.002835033228620887,-0.00048199662705883384,0.007596313487738371,4
Ig,GammaH,2,-2.4823973944876343e-05,-0.00014207776985131204,0.00015503366012126207,4
Ig,GammaL,1,-5.452684490592219e-05,-0.00013048850814811885,5.233764022705145e-05,4
Ig,GammaL,2,-1.30373882711865e-06,-0.0002275254955748096,0.00038168608443811536,4
Ig,Ripple,1,2.7414323994889855e-05,-9.9921555374749e-05,0.00011327088577672839,4
Ig,Ripple,2,-6.735216447850689e-05,-0.00021615158766508102,0.00018146331422030926,4
Ig,Theta,1,-6.369958282448351e-05,-0.00013227443560026586,-5.388399586081505e-06,4
Ig,Theta,2,6.598296749871224e-06,-6.828612822573632e-05,8.148272172547877e-05,4
LBelt,Alpha,1,-4.3412834202172235e-05,-6.445845792768523e-05,-2.0544235667330213e-05,6
LBelt,Alpha,2,4.7898112825350836e-05,-4.3700816604541615e-05,0.00017378211487084627,6
LBelt,Beta,1,0.00020820368081331253,3.927423313143663e-05,0.0003479773586150259,6
LBelt,Beta,2,0.00010750483488664031,-8.268895180663094e-05,0.00032187518081627786,6
LBelt,Delta,1,-3.422149165999144e-05,-0.00021261372603476048,0.00017157499678432941,6
LBelt,Delta,2,-0.00014077694504521787,-0.00022354377142619342,-5.90245945204515e-05,6
LBelt,GammaH,1,-5.4986467148410156e-05,-0.0001560069213155657,4.466227619559504e-05,6
LBelt,GammaH,2,-0.00017480053065810353,-0.0003849972563330084,-1.67403948125866e-06,6
LBelt,GammaL,1,6.084279448259622e-05,-5.266733933240175e-05,0.0001825543586164713,6
LBelt,GammaL,2,0.0001329465740127489,-3.5690158256329596e-05,0.0004022350476589054,6
LBelt,Ripple,1,4.1189294279320166e-05,-0.00012040979345329106,0.00023101642727851868,6
LBelt,Ripple,2,0.00010365214984631166,-8.484993304591626e-05,0.0002641690371092409,6
LBelt,Theta,1,-2.781477235203056e-07,-0.00010933142766589299,0.00011811157310148701,6
LBelt,Theta,2,-7.887589163146913e-05,-0.00010496960021555424,-5.4327083489624783e-05,6
LIPd,Alpha,1,0.0038820765912532806,0.001565585844218731,0.00619856733828783,2
LIPd,Alpha,2,0.0011372871231287718,-0.000580501276999712,0.0028550755232572556,2
LIPd,Beta,1,0.0007748918724246323,-0.00026046624407172203,0.0018102499889209867,2
LIPd,Beta,2,0.00046358630061149597,0.0004571368917822838,0.00047003570944070816,2
LIPd,Delta,1,9.95309092104435e-05,-0.00035612285137176514,0.0005551846697926521,2
LIPd,Delta,2,1.743317989166826e-05,6.0538004618138075e-06,2.8812559321522713e-05,2
LIPd,GammaH,1,0.00012073892867192626,-0.00020678318105638027,0.0004482610384002328,2
LIPd,GammaH,2,0.00010013725841417909,3.5896606277674437e-05,0.00016437791055068374,2
LIPd,GammaL,1,-2.8133581508882344e-05,-0.00018029107013717294,0.00012402390711940825,2
LIPd,GammaL,2,0.001013569300994277,0.0007404880598187447,0.0012866506585851312,2
LIPd,Ripple,1,5.916071677347645e-05,4.656583769246936e-06,0.00011366484977770597,2
LIPd,Ripple,2,0.00013780235894955695,-5.130647332407534e-05,0.00032691119122318923,2
LIPd,Theta,1,6.591879355255514e-05,2.352794399484992e-05,0.00010830964311026037,2
LIPd,Theta,2,2.9936418286524713e-05,2.258148742839694e-05,3.7291349144652486e-05,2
LO1,Alpha,1,0.0013754446990787983,0.0013754446990787983,0.0013754446990787983,1
LO1,Alpha,2,0.01307446975260973,0.01307446975260973,0.01307446975260973,1
LO1,Beta,1,0.0009667871636338532,0.0009667871636338532,0.0009667871636338532,1
LO1,Beta,2,0.0002020244428422302,0.0002020244428422302,0.0002020244428422302,1
LO1,Delta,1,0.00010071451833937317,0.00010071451833937317,0.00010071451833937317,1
LO1,Delta,2,9.239887003786862e-05,9.239887003786862e-05,9.239887003786862e-05,1
LO1,GammaH,1,0.00021421769633889198,0.00021421769633889198,0.00021421769633889198,1
LO1,GammaH,2,0.002497031819075346,0.002497031819075346,0.002497031819075346,1
LO1,GammaL,1,2.8328708140179515e-05,2.8328708140179515e-05,2.8328708140179515e-05,1
LO1,GammaL,2,4.549621371552348e-05,4.549621371552348e-05,4.549621371552348e-05,1
LO1,Ripple,1,0.0014051477191969752,0.0014051477191969752,0.0014051477191969752,1
LO1,Ripple,2,-0.00013026662054471672,-0.00013026662054471672,-0.00013026662054471672,1
LO1,Theta,1,-6.424933962989599e-05,-6.424933962989599e-05,-6.424933962989599e-05,1
LO1,Theta,2,0.00013422349002212286,0.00013422349002212286,0.00013422349002212286,1
LO3,Alpha,1,-0.00047916924813762307,-0.00047916924813762307,-0.00047916924813762307,1
LO3,Alpha,2,-0.00022971861471887678,-0.00022971861471887678,-0.00022971861471887678,1
LO3,Beta,1,-1.6702688299119473e-05,-1.6702688299119473e-05,-1.6702688299119473e-05,1
LO3,Beta,2,-8.882099064067006e-05,-8.882099064067006e-05,-8.882099064067006e-05,1
LO3,Delta,1,8.020366658456624e-05,8.020366658456624e-05,8.020366658456624e-05,1
LO3,Delta,2,-2.127977495547384e-06,-2.127977495547384e-06,-2.127977495547384e-06,1
LO3,GammaH,1,-4.357149009592831e-06,-4.357149009592831e-06,-4.357149009592831e-06,1
LO3,GammaH,2,-3.5326986107975245e-05,-3.5326986107975245e-05,-3.5326986107975245e-05,1
LO3,GammaL,1,-6.792225030949339e-05,-6.792225030949339e-05,-6.792225030949339e-05,1
LO3,GammaL,2,7.267462206073105e-05,7.267462206073105e-05,7.267462206073105e-05,1
LO3,Ripple,1,7.734000973869115e-06,7.734000973869115e-06,7.734000973869115e-06,1
LO3,Ripple,2,0.0001281463773921132,0.0001281463773921132,0.0001281463773921132,1
LO3,Theta,1,7.637380622327328e-05,7.637380622327328e-05,7.637380622327328e-05,1
LO3,Theta,2,0.00019538721244316548,0.00019538721244316548,0.00019538721244316548,1
MBelt,Alpha,1,4.366575012682006e-05,-0.0001096340492949821,0.00022362690651789308,8
MBelt,Alpha,2,-1.4333258150145411e-05,-0.0002633362601045519,0.00020189161296002567,8
MBelt,Beta,1,-2.5183082470903173e-05,-0.00013468778342939913,0.0001009314219118096,8
MBelt,Beta,2,-7.198478124337271e-05,-0.0001985000417334959,6.456976552726701e-05,8
MBelt,Delta,1,2.1803458366775885e-05,-9.795698133530095e-05,0.0001604191493242979,8
MBelt,Delta,2,0.00019578076899051666,-0.0001784742489689961,0.0006703927065245807,8
MBelt,GammaH,1,5.6980868976097554e-05,-2.5215940695488825e-05,0.00014250031381379813,8
MBelt,GammaH,2,-2.6230693038087338e-05,-0.00010401235340395942,3.920440576621331e-05,8
MBelt,GammaL,1,-0.00012316092033870518,-0.00045027362648397684,0.00017320571350865066,8
MBelt,GammaL,2,-0.0003684792900457978,-0.0010522098746150732,6.42309314571321e-05,8
MBelt,Ripple,1,-7.35124631319195e-05,-0.00019724451703950763,3.913194814231247e-05,8
MBelt,Ripple,2,0.0002503386349417269,-0.00016563691315241158,0.0006763991550542414,8
MBelt,Theta,1,0.00042898583342321217,-0.00031733885407447815,0.0011869999580085278,8
MBelt,Theta,2,0.0009505138732492924,0.0006318505620583892,0.0013048651162534952,8
MI,Alpha,1,0.0011880359379574656,0.0004437286115717143,0.0020723133347928524,8
MI,Alpha,2,0.0056063104420900345,0.002764021046459675,0.00870479829609394,8
MI,Beta,1,0.005890227854251862,0.001269411644898355,0.013397116214036942,8
MI,Beta,2,0.0001994395424844697,0.0001054871390806511,0.00030059233540669084,8
MI,Delta,1,0.00043022161116823554,-0.00034446516656316817,0.0012979982420802116,8
MI,Delta,2,0.0006963084451854229,0.0002251747064292431,0.0011734660947695374,8
MI,GammaH,1,0.001954467501491308,0.0008233655244112015,0.003601333126425743,8
MI,GammaH,2,0.0006833836669102311,0.00014944549184292555,0.0013686022721230984,8
MI,GammaL,1,0.0003229300200473517,0.0001074745086953044,0.000566408853046596,8
MI,GammaL,2,0.00012102934124413878,-0.00032639215351082385,0.0005811321898363531,8
MI,Ripple,1,0.0006136875599622726,0.0002363336825510487,0.0011869382578879595,8
MI,Ripple,2,0.0031686252914369106,0.0002388590364716947,0.008625565096735954,8
MI,Theta,1,8.232046093326062e-05,-9.725980635266751e-05,0.00034633162431418896,8
MI,Theta,2,0.00903176050633192,0.004022891167551279,0.015601638704538345,8
MIP,Alpha,1,-4.1396870074095204e-05,-0.0002254531136713922,0.0001534088223706931,3
MIP,Alpha,2,-0.00041641711140982807,-0.0013394076377153397,0.0013402701588347554,3
MIP,Beta,1,0.0010794615373015404,-0.0001532245660200715,0.0027706685941666365,3
MIP,Beta,2,0.0003422514710109681,-0.0004706784093286842,0.000784671341534704,3
MIP,Delta,1,0.009110558778047562,0.00302814319729805,0.016974065452814102,3
MIP,Delta,2,0.0025451506953686476,0.0008114310912787914,0.0035159802064299583,3
MIP,GammaH,1,9.8328513558954e-05,-9.454625978833064e-05,0.00039985100738704205,3
MIP,GammaH,2,0.00010377230501035228,-0.00015576707664877176,0.0002977057592943311,3
MIP,GammaL,1,0.0010669295443221927,-0.00012262706877663732,0.003267598105594516,3
MIP,GammaL,2,0.00022988517594058067,0.00014558032853528857,0.00032842904329299927,3
MIP,Ripple,1,0.00010185022983932868,-5.924348079133779e-05,0.00030589327798224986,3
MIP,Ripple,2,0.0006891280063427985,-0.0006252480670809746,0.0018210504204034805,3
MIP,Theta,1,9.534240962238982e-05,7.659042603336275e-05,0.00011562783038243651,3
MIP,Theta,2,0.00013243843568488955,-0.000329884554957971,0.0006249874131754041,3
MST,Alpha,1,0.00013586482964456081,0.00013586482964456081,0.00013586482964456081,1
MST,Alpha,2,0.000147270446177572,0.000147270446177572,0.000147270446177572,1
MST,Beta,1,9.31586982915178e-05,9.31586982915178e-05,9.31586982915178e-05,1
MST,Beta,2,7.519025530200452e-05,7.519025530200452e-05,7.519025530200452e-05,1
MST,Delta,1,0.00023805146338418126,0.00023805146338418126,0.00023805146338418126,1
MST,Delta,2,5.042407428845763e-05,5.042407428845763e-05,5.042407428845763e-05,1
MST,GammaH,1,0.00010269638733007014,0.00010269638733007014,0.00010269638733007014,1
MST,GammaH,2,-5.5428350606234744e-05,-5.5428350606234744e-05,-5.5428350606234744e-05,1
MST,GammaL,1,2.141253207810223e-05,2.141253207810223e-05,2.141253207810223e-05,1
MST,GammaL,2,6.143694918137044e-06,6.143694918137044e-06,6.143694918137044e-06,1
MST,Ripple,1,4.432781133800745e-05,4.432781133800745e-05,4.432781133800745e-05,1
MST,Ripple,2,9.300652891397476e-05,9.300652891397476e-05,9.300652891397476e-05,1
MST,Theta,1,8.900335524231195e-05,8.900335524231195e-05,8.900335524231195e-05,1
MST,Theta,2,6.543965719174594e-05,6.543965719174594e-05,6.543965719174594e-05,1
MT,Alpha,1,6.89094013068825e-05,-0.0002129060449078679,0.0003507248475216329,2
MT,Alpha,2,0.00019408030493650585,-2.9306713258847594e-05,0.0004174673231318593,2
MT,Beta,1,-7.115249172784388e-05,-9.924699406838045e-05,-4.30579821113497e-05,2
MT,Beta,2,0.00016130227595567703,-1.0251183994114399e-05,0.00033285573590546846,2
MT,Delta,1,0.000705234007909894,0.0005551250651478767,0.0008553430088795722,2
MT,Delta,2,0.0002174610272049904,0.00016821007011458278,0.000266711984295398,2
MT,GammaH,1,1.4579683011106681e-05,6.1969385569682345e-06,2.2962427465245128e-05,2
MT,GammaH,2,-0.00020245873020030558,-0.0002860271488316357,-0.00011889031884493306,2
MT,GammaL,1,2.9000730137340724e-06,-6.899026629980654e-05,7.479041232727468e-05,2
MT,GammaL,2,0.00010759585711639374,-0.0002476756344549358,0.0004628673486877233,2
MT,Ripple,1,-0.00043509856914170086,-0.0005236944416537881,-0.00034650269662961364,2
MT,Ripple,2,0.00017869178554974496,0.00010280920832883567,0.00025457434821873903,2
MT,Theta,1,0.00043500663014128804,0.00014909019228070974,0.0007209230680018663,2
MT,Theta,2,-6.311640026979148e-05,-6.472179666161537e-05,-6.15110038779676e-05,2
OFC,Alpha,1,0.0020709147211164236,7.862241182010621e-05,0.0040632071904838085,2
OFC,Alpha,2,0.0007301816949620843,-0.0001567443396197632,0.0016171077731996775,2
OFC,Beta,1,-0.000129053441924043,-0.00034103429061360657,8.292740676552057e-05,2
OFC,Beta,2,-0.0012261943193152547,-0.00317789101973176,0.0007255023811012506,2
OFC,Delta,1,0.00015854655066505075,8.762371726334095e-05,0.00022946938406676054,2
OFC,Delta,2,-7.934255700092763e-05,-9.239027713192627e-05,-6.62948441458866e-05,2
OFC,GammaH,1,0.00038272529491223395,-0.0001363630872219801,0.000901813677046448,2
OFC,GammaH,2,-4.0789644117467105e-05,-0.0003261487290728837,0.0002445694408379495,2
OFC,GammaL,1,-8.233037078753114e-05,-0.00019901397172361612,3.435323014855385e-05,2
OFC,GammaL,2,0.0018997285515069962,-0.00018580153118818998,0.003985258750617504,2
OFC,Ripple,1,7.038185140118003e-05,-2.4779816158115864e-05,0.00016554351896047592,2
OFC,Ripple,2,-0.0001806867658160627,-0.00018721222295425832,-0.00017416130867786705,2
OFC,Theta,1,0.0049928175285458565,0.00114727346226573,0.008838361129164696,2
OFC,Theta,2,-0.00013299178681336343,-0.00024054612731561065,-2.543744631111622e-05,2
OP1,Alpha,1,0.0001175062934635207,-0.00033712974982336164,0.0005988264456391335,5
OP1,Alpha,2,0.0004131017194595188,-0.00023184700694400817,0.0011355987517163157,5
OP1,Beta,1,6.417313215933973e-06,-0.0004048334958497435,0.0003369060286786407,5
OP1,Beta,2,-0.00012401604908518493,-0.0006028634961694479,0.0002327742986381054,5
OP1,Delta,1,0.0012259030481800437,-0.0004047732800245285,0.0030312540475279093,5
OP1,Delta,2,0.0001350684033241123,1.004411569738295e-05,0.00029362025088630617,5
OP1,GammaH,1,0.0002419748343527317,-0.00012117371807107702,0.000766529468819499,5
OP1,GammaH,2,0.0005353694432415068,0.00016534296446479857,0.000840550463180989,5
OP1,GammaL,1,4.360044840723276e-05,-0.00027678569313138723,0.00035505625419318676,5
OP1,GammaL,2,9.150842379312962e-05,-0.0003107365337200463,0.0005604015314020216,5
OP1,Ripple,1,0.00014251757238525897,2.5123803425231017e-05,0.0003052586689591408,5
OP1,Ripple,2,6.746009603375569e-05,-0.00029444199753925204,0.0003402654256206006,5
OP1,Theta,1,0.0006583713693544269,0.0001660633715800941,0.001258225878700614,5
OP1,Theta,2,-2.2070875274948776e-05,-9.390678314957768e-05,4.976502896170132e-05,5
OP2-3,Alpha,1,-9.269337169826031e-05,-0.0003174691228196025,0.00013208237942308187,2
OP2-3,Alpha,2,8.966683526523411e-05,1.698738196864724e-05,0.00016234628856182098,2
OP2-3,Beta,1,0.00010350990487495437,6.167871470097452e-05,0.00014534109504893422,2
OP2-3,Beta,2,0.00024267472326755524,-9.478314314037561e-05,0.0005801325896754861,2
OP2-3,Delta,1,0.00014271697727963328,0.00012246635742485523,0.00016296759713441133,2
OP2-3,Delta,2,-9.799540566746145e-05,-0.0002026340225711465,6.6432112362235785e-06,2
OP2-3,GammaH,1,9.31115064304322e-05,-5.718769534723833e-05,0.00024341070093214512,2
OP2-3,GammaH,2,-2.3245811462402344e-05,-0.00018722930690273643,0.00014073768397793174,2
OP2-3,GammaL,1,0.0003604447701945901,0.00033193419221788645,0.0003889553772751242,2
OP2-3,GammaL,2,0.00013606250286102295,3.863777965307236e-05,0.00023348722606897354,2
OP2-3,Ripple,1,0.00024808052694424987,1.0196003131568432e-05,0.0004859650507569313,2
OP2-3,Ripple,2,0.001231290865689516,-0.0008519664406776428,0.003314548172056675,2
OP2-3,Theta,1,-0.0003339615650475025,-0.0008664503693580627,0.00019852722471114248,2
OP2-3,Theta,2,-0.0003076186403632164,-0.0003637787885963917,-0.0002514585212338716,2
OP4,Alpha,1,9.015051182359457e-05,9.015051182359457e-05,9.015051182359457e-05,1
OP4,Alpha,2,5.54392026970163e-05,5.54392026970163e-05,5.54392026970163e-05,1
OP4,Beta,1,0.00020461948588490486,0.00020461948588490486,0.00020461948588490486,1
OP4,Beta,2,-3.630353603512049e-05,-3.630353603512049e-05,-3.630353603512049e-05,1
OP4,Delta,1,0.00013079967175144702,0.00013079967175144702,0.00013079967175144702,1
OP4,Delta,2,0.000630379538051784,0.000630379538051784,0.000630379538051784,1
OP4,GammaH,1,7.935252506285906e-05,7.935252506285906e-05,7.935252506285906e-05,1
OP4,GammaH,2,-9.243898966815323e-05,-9.243898966815323e-05,-9.243898966815323e-05,1
OP4,GammaL,1,-1.9573955796658993e-05,-1.9573955796658993e-05,-1.9573955796658993e-05,1
OP4,GammaL,2,1.3813143596053123e-05,1.3813143596053123e-05,1.3813143596053123e-05,1
OP4,Ripple,1,-8.44668538775295e-05,-8.44668538775295e-05,-8.44668538775295e-05,1
OP4,Ripple,2,-0.00013437162851914763,-0.00013437162851914763,-0.00013437162851914763,1
OP4,Theta,1,8.494540816172957e-05,8.494540816172957e-05,8.494540816172957e-05,1
OP4,Theta,2,0.0001681744761299342,0.0001681744761299342,0.0001681744761299342,1
PBelt,Alpha,1,0.00010372514225309715,-0.0007249410264194012,0.0011869295267388225,3
PBelt,Alpha,2,-3.149282929371111e-05,-0.0007092610467225313,0.0007668796461075544,3
PBelt,Beta,1,0.00018286089471075684,-6.747210136381909e-05,0.0004721775185316801,3
PBelt,Beta,2,-0.00022201290994416922,-0.0004932360025122762,6.604484224226326e-05,3
PBelt,Delta,1,-5.988105840515345e-05,-0.0003060410963371396,0.00011121932038804516,3
PBelt,Delta,2,5.778555987490108e-06,-0.0001032081781886518,9.145771036855876e-05,3
PBelt,GammaH,1,-0.0001432846038369462,-0.00024254171876236796,-7.776159327477217e-05,3
PBelt,GammaH,2,8.58386410982348e-05,4.627924681699369e-06,0.00015958653239067644,3
PBelt,GammaL,1,5.228235386312008e-05,-0.00012515188427641988,0.0001412960555171594,3
PBelt,GammaL,2,1.153086941485526e-05,-0.00014399969950318336,0.00011632396490313113,3
PBelt,Ripple,1,5.410447556641884e-05,-2.4792898329906166e-05,0.00018581125186756253,3
PBelt,Ripple,2,-9.064485311682802e-06,-0.0005649751983582973,0.0010357089340686798,3
PBelt,Theta,1,-5.964902447885834e-05,-0.00010882282367674634,-2.23871466005221e-05,3
PBelt,Theta,2,4.681910286308266e-05,-0.00010834584099939093,0.00018438929691910744,3
PCV,Alpha,1,0.00014196518168319017,-0.00011098010145360604,0.0003715250932145864,3
PCV,Alpha,2,0.0008099923725239933,-0.00025386177003383636,0.0025378845166414976,3
PCV,Beta,1,-1.0553379070188385e-05,-0.0001818969612941146,0.00014849676517769694,3
PCV,Beta,2,1.3087022807667381e-06,-0.00019083102233707905,0.00012501678429543972,3
PCV,Delta,1,-1.0349053809477482e-05,-0.00010185805149376392,5.824467007187195e-05,3
PCV,Delta,2,0.00018780550453811884,-0.00011170686775585636,0.0006254091858863831,3
PCV,GammaH,1,8.962446736404672e-05,-3.316633956274018e-05,0.0002430372405797243,3
PCV,GammaH,2,-2.9237746275612153e-05,-0.0007628658786416054,0.0004461035132408142,3
PCV,GammaL,1,-0.000776149274315685,-0.0011671457905322313,-0.00011360319331288338,3
PCV,GammaL,2,-2.892672455345746e-05,-0.00015973288100212812,5.271786358207464e-05,3
PCV,Ripple,1,0.00012558112211991102,-6.828145706094801e-05,0.00028363463934510946,3
PCV,Ripple,2,0.00021192082203924656,-0.00027741980738937855,0.001145167974755168,3
PCV,Theta,1,0.000566446571610868,0.0001491319271735847,0.001274089445360005,3
PCV,Theta,2,0.0007177350926212966,0.0005101051647216082,0.0011031751055270433,3
PEF,Alpha,1,7.211422052932903e-05,-0.00015682476805523038,0.00038229726487770677,4
PEF,Alpha,2,0.0014404603280127048,0.0005160432774573565,0.0023648773785680532,4
PEF,Beta,1,0.0016607247525826097,0.0008706531953066587,0.0027360625099390745,4
PEF,Beta,2,-0.0002203603071393445,-0.0006159342010505497,0.00019664166029542685,4
PEF,Delta,1,0.0006245042895898223,-0.00022861613251734525,0.001476677367463708,4
PEF,Delta,2,-2.3479718947783113e-05,-0.00021861703135073185,0.00017165759345516562,4
PEF,GammaH,1,0.010613643564283848,0.0004056027391925454,0.024624157696962357,4
PEF,GammaH,2,0.0002588098868727684,-5.185302870813757e-05,0.0007875725859776139,4
PEF,GammaL,1,0.00027953938115388155,4.352937685325742e-05,0.000621416955254972,4
PEF,GammaL,2,0.0002011336327996105,4.795568383997306e-05,0.0004393576236907393,4
PEF,Ripple,1,0.0005319244228303432,1.072244776878506e-05,0.0013461452908813953,4
PEF,Ripple,2,0.0021512124221771955,6.183958612382412e-05,0.004240585491061211,4
PEF,Theta,1,0.0003218900237698108,5.2086092182435095e-05,0.0006896099075675011,4
PEF,Theta,2,0.00014834721514489502,-0.00011506244482006878,0.0006417905678972602,4
PF,Alpha,1,0.0009815682424232364,0.00042648936505429447,0.0016573956236243248,5
PF,Alpha,2,0.00030384075944311917,-0.00014940978144295514,0.0007791226962581277,5
PF,Beta,1,0.00022283277940005064,-0.00042382423998788,0.0008711814880371094,5
PF,Beta,2,0.0005508896429091692,0.0002508079051040113,0.0007674937369301915,5
PF,Delta,1,0.0001545258710393682,-0.0003124690556433052,0.0005987853510305285,5
PF,Delta,2,0.000143629644298926,-0.0007639533723704517,0.0010260270209982991,5
PF,GammaH,1,0.0006213652668520808,-8.199371222872287e-05,0.0011607289779931307,5
PF,GammaH,2,0.00024191461852751672,-0.00022049318067729473,0.0006305064307525754,5
PF,GammaL,1,0.0002057120145764202,0.00010071108408737928,0.0003122458583675325,5
PF,GammaL,2,0.0004143918922636658,-0.00026056909700855613,0.0010905994568020105,5
PF,Ripple,1,0.00021093327086418867,0.00013684609439224005,0.000257776613580063,5
PF,Ripple,2,3.22351706927293e-06,-0.00012793582573067397,0.00010659436520654708,5
PF,Theta,1,0.000824200629722327,0.0001301815646002069,0.0015510611701756716,5
PF,Theta,2,0.0009247702546417713,0.00017508692690171301,0.001703868038021028,5
PFcm,Alpha,1,3.480507757558371e-06,-0.0002646313514560461,0.00042751384899020195,3
PFcm,Alpha,2,2.1525376723730005e-05,-1.4766774256713688e-05,6.821843271609396e-05,3
PFcm,Beta,1,3.759184619411826e-05,-2.0679464796558022e-05,7.55025539547205e-05,3
PFcm,Beta,2,7.49188257032074e-05,2.004008274525404e-05,0.00015604624059051275,3
PFcm,Delta,1,0.0010300343856215477,2.302112989127636e-05,0.0017412364250048995,3
PFcm,Delta,2,0.00013934564776718616,-8.91673844307661e-05,0.00030258868355304003,3
PFcm,GammaH,1,-2.198039146605879e-05,-0.0001615975343156606,6.740246317349374e-05,3
PFcm,GammaH,2,0.0009311780449934304,-0.0006376123055815697,0.003960886038839817,3
PFcm,GammaL,1,5.1465409342199564e-05,1.7803744412958622e-05,9.486114140599966e-05,3
PFcm,GammaL,2,-7.5225543696433306e-06,-0.0003622824151534587,0.0001731806551106274,3
PFcm,Ripple,1,0.001232073293067515,0.00019866134971380234,0.0026567683089524508,3
PFcm,Ripple,2,0.0003154168662149459,-3.723512782016769e-05,0.0006492420216090977,3
PFcm,Theta,1,0.0004046413814648986,-0.00045113288797438145,0.0018771520117297769,3
PFcm,Theta,2,3.870693035423756e-06,-8.804560638964176e-05,0.0001260894350707531,3
PFm,Alpha,1,0.0006528165540657938,-0.000499014975503087,0.0023987540043890476,3
PFm,Alpha,2,0.00014363213267643005,-0.0006032605888321996,0.001275514718145132,3
PFm,Beta,1,0.0002462897391524166,-8.812372107058764e-05,0.0004195722285658121,3
PFm,Beta,2,0.0005836578202433884,-0.0016002251068130136,0.003018758026883006,3
PFm,Delta,1,0.001430522301234305,-5.944166332483292e-07,0.003191911382600665,3
PFm,Delta,2,0.0001964634284377098,-0.00013881243648938835,0.0003883244935423136,3
PFm,GammaH,1,0.00032446926343254745,-0.00011513332719914615,0.000855092890560627,3
PFm,GammaH,2,0.00018295826157554984,-8.478821109747514e-05,0.0004140322271268815,3
PFm,GammaL,1,6.554896390298381e-05,-0.00023318968305829912,0.0005592973902821541,3
PFm,GammaL,2,-6.737726653227583e-05,-0.0018286894774064422,0.001271619345061481,3
PFm,Ripple,1,0.00038718944415450096,1.1527212336659431e-05,0.0006865555769763887,3
PFm,Ripple,2,-2.9098009690642357e-05,-0.00017421459779143333,7.390114478766918e-05,3
PFm,Theta,1,0.0004743370518554002,-5.0759088480845094e-05,0.0010862428462132812,3
PFm,Theta,2,0.00012119883467676118,-7.135493797250092e-05,0.00050422886852175,3
PFop,Alpha,1,0.00027462872094474733,-0.0003230973961763084,0.0009178306208923459,4
PFop,Alpha,2,0.0013375459238886833,-0.00034106691600754857,0.004202185198664665,4
PFop,Beta,1,4.7689263737993315e-05,-6.143018254078925e-07,9.599282930139452e-05,4
PFop,Beta,2,0.0001529598666820675,5.561747821047902e-05,0.000250302255153656,4
PFop,Delta,1,0.0004852517449762672,0.00038807454984635115,0.0005824289983138442,4
PFop,Delta,2,3.620755160227418e-05,-0.00016074860468506813,0.00018885848112404346,4
PFop,GammaH,1,-6.615167512791231e-05,-0.0002334657037863508,0.0001806191576179117,4
PFop,GammaH,2,-6.173882866278291e-05,-0.0004469724080991,0.000262078974628821,4
PFop,GammaL,1,0.0011345760431140661,0.00028494460275396705,0.001927593955770135,4
PFop,GammaL,2,0.00011405731493141502,-4.784404154634103e-05,0.0002759586786851287,4
PFop,Ripple,1,0.00023864404647611082,7.171111792558804e-05,0.0004160573589615524,4
PFop,Ripple,2,0.0001877776812762022,9.510555537417531e-05,0.0002804498071782291,4
PFop,Theta,1,0.0004681755672208965,1.0921532521024346e-05,0.0009254297474399209,4
PFop,Theta,2,5.3955402108840644e-05,-0.0005743271904066205,0.0006171031855046749,4
PFt,Alpha,1,0.00013031033449806273,-0.00011291329428786412,0.00039686975651420653,5
PFt,Alpha,2,0.0006350258481688797,-0.0005765588139183819,0.0025850250385701656,5
PFt,Beta,1,4.669007466873154e-05,-0.0002896616351790726,0.0004979687510058284,5
PFt,Beta,2,0.00016119323845487088,3.270077286288142e-06,0.0003249075380153954,5
PFt,Delta,1,0.0003998506290372461,0.00013077531184535474,0.0007238108664751053,5
PFt,Delta,2,0.00043999560875818133,-0.000846938812173903,0.0017359241610392928,5
PFt,GammaH,1,2.243501330667641e-05,-5.146196053829044e-05,9.143260831478983e-05,5
PFt,GammaH,2,6.402612780220807e-05,1.3141572708263993e-05,0.00011083807476097718,5
PFt,GammaL,1,0.00018436324899084866,-0.0001053672531270422,0.0004860705812461674,5
PFt,GammaL,2,0.0005723158828914165,0.0001809856330510229,0.0012164699146524072,5
PFt,Ripple,1,1.6522739088031813e-06,-0.00044732532114721835,0.00041360026807524264,5
PFt,Ripple,2,-3.8204547308851033e-05,-0.00028544169617816806,0.00016953951853793114,5
PFt,Theta,1,0.0021516880951821804,-0.00017668624059297144,0.004177798982709646,5
PFt,Theta,2,0.0001951311423908919,-0.0004896645550616086,0.0009015469695441425,5
PGi,Alpha,1,6.836838292656466e-05,-1.186721601698082e-05,0.00018008968618232757,5
PGi,Alpha,2,0.00013749557547271252,-2.785514880088158e-05,0.00030284631066024303,5
PGi,Beta,1,0.00036234175786376,1.9265829905634746e-05,0.0007054175948724151,5
PGi,Beta,2,0.0002174082474084571,9.929786756401882e-05,0.0003355185908731073,5
PGi,Delta,1,-6.887916970299557e-05,-0.00029612629441544414,0.0001392085978295654,5
PGi,Delta,2,0.000425505917519331,5.5419292039005086e-05,0.0008963034488260746,5
PGi,GammaH,1,0.00041474803583696485,0.00019038203754462302,0.000695731898304075,5
PGi,GammaH,2,-8.374536264454946e-05,-0.00020998937543481588,1.9755698303924873e-05,5
PGi,GammaL,1,0.002771452534943819,0.0015877351397648454,0.0044339681044220924,5
PGi,GammaL,2,0.001496286946348846,0.0002484656579326838,0.0027441084384918213,5
PGi,Ripple,1,-0.00012889693607576191,-0.00022170584998093545,-3.608800034271553e-05,5
PGi,Ripple,2,-0.0002260041219415143,-0.000572189805097878,3.54462317773141e-05,5
PGi,Theta,1,0.00010572581231826916,-2.0043993572471663e-05,0.00030549807706847787,5
PGi,Theta,2,0.0021717888303101063,0.0011156524997204542,0.0032279249280691147,5
PGp,Alpha,1,0.0015166132943704724,0.0006922686006873846,0.0023409579880535603,2
PGp,Alpha,2,-3.632222069427371e-05,-0.0011296359589323401,0.0010569915175437927,2
PGp,Beta,1,0.00033651874400675297,0.00019258222891949117,0.0004804552881978452,2
PGp,Beta,2,0.00021474734239745885,4.562491085380316e-05,0.00038386977394111454,2
PGp,Delta,1,0.0011179319117218256,0.0010993306059390306,0.0011365331010892987,2
PGp,Delta,2,0.001326441066339612,0.0003833453229162842,0.0022695367224514484,2
PGp,GammaH,1,0.0003944479103665799,-4.4490985601441935e-05,0.0008333867881447077,2
PGp,GammaH,2,0.0007034773007035255,0.0003095981082879007,0.0010973564349114895,2
PGp,GammaL,1,6.823703006375581e-05,-7.198736420832574e-05,0.00020846142433583736,2
PGp,GammaL,2,6.834160740254447e-05,2.9084039852023125e-05,0.00010759917495306581,2
PGp,Ripple,1,0.00028704683063551784,-5.899742245674133e-05,0.000633091083727777,2
PGp,Ripple,2,1.059217902366072e-05,-0.0002935167867690325,0.0003147011448163539,2
PGp,Theta,1,0.00035092636244371533,-0.00011646165512502193,0.0008183143800124526,2
PGp,Theta,2,0.0011322859209030867,0.00038521294482052326,0.0018793587805703282,2
PGs,Alpha,1,0.00034623502870090306,3.293404006399214e-05,0.000621228595264256,4
PGs,Alpha,2,0.0019967316184192896,1.4619436115026474e-05,0.005401771981269121,4
PGs,Beta,1,0.0027555380947887897,0.0005107484175823629,0.005316246300935745,4
PGs,Beta,2,9.897066047415137e-05,-0.00023043277906253934,0.0004283741000108421,4
PGs,Delta,1,0.003003886668011546,-0.00039832922630012035,0.006406102329492569,4
PGs,Delta,2,-5.4749049013480544e-05,-0.00023935214267112315,0.00015491916565224528,4
PGs,GammaH,1,5.4637115681543946e-05,-0.0005880120443180203,0.0008761715143918991,4
PGs,GammaH,2,6.915905396454036e-05,1.2439224519766867e-05,0.000139778625452891,4
PGs,GammaL,1,0.0001730841031530872,8.958310354501009e-05,0.00026970449835062027,4
PGs,GammaL,2,-0.00012180049088783562,-0.0008189959917217493,0.0007457179017364979,4
PGs,Ripple,1,0.0002984025049954653,6.39523786958307e-05,0.0005328526021912694,4
PGs,Ripple,2,-1.5217039617709816e-05,-0.0005978546105325222,0.00036654717405326664,4
PGs,Theta,1,-6.7493601818569e-05,-0.00025756395189091563,0.00012257674825377762,4
PGs,Theta,2,0.00027943216264247894,7.352884858846664e-05,0.000498998851981014,4
PH,Alpha,1,0.0040284753777086735,-0.0005394695326685905,0.01097467727959156,4
PH,Alpha,2,0.000372825947124511,0.0002310835407115519,0.0005593050736933947,4
PH,Beta,1,-5.7146186009049416e-05,-0.00031972661963663995,0.00019144645193591714,4
PH,Beta,2,0.0018014432862401009,0.0005427862051874399,0.0031952466815710068,4
PH,Delta,1,0.005187708884477615,0.0004220514092594385,0.011936794966459274,4
PH,Delta,2,0.0003732668701559305,0.00011516129598021507,0.000631372444331646,4
PH,GammaH,1,0.0019306170288473368,0.00014539636322297156,0.005414564162492752,4
PH,GammaH,2,0.0031343232840299606,0.0002390845911577344,0.007395584136247635,4
PH,GammaL,1,0.002119498560205102,0.0005346251418814063,0.004077366553246975,4
PH,GammaL,2,0.001935179578140378,0.00020989100448787212,0.004467844031751156,4
PH,Ripple,1,0.0002975044189952314,8.827087003737688e-05,0.0005755487945862114,4
PH,Ripple,2,0.0015102534089237452,0.00018383277347311378,0.00267800223082304,4
PH,Theta,1,1.4038057997822762e-05,-0.001068972167558968,0.0008968946058303118,4
PH,Theta,2,0.006040093954652548,-0.0004672221839427948,0.017475498840212822,4
PHA1,Alpha,1,0.0003209394926670939,-0.00045438812230713665,0.00128345494158566,6
PHA1,Alpha,2,0.000518057553563267,-0.0016668299213051796,0.0029630300123244524,6
PHA1,Beta,1,0.0005105997552163899,-0.00021032556833233684,0.001630293671041727,6
PHA1,Beta,2,0.001969558885321021,0.00036410303437151015,0.0038303378969430923,6
PHA1,Delta,1,0.0062068370170891285,0.0032026858534663916,0.00967553909868002,6
PHA1,Delta,2,0.0035554086789488792,0.0011493590427562594,0.006037140730768442,6
PHA1,GammaH,1,-0.00034331693314015865,-0.0006883434834890068,0.0001386055228067562,6
PHA1,GammaH,2,8.364734094357118e-05,-0.0006771450280211866,0.0008043621201068163,6
PHA1,GammaL,1,0.0002762785297818482,6.66942578391172e-05,0.000501790433190763,6
PHA1,GammaL,2,0.0022423199843615294,-0.0002499706170056015,0.0050130849704146385,6
PHA1,Ripple,1,-2.6239780709147453e-05,-0.0007594996131956577,0.0004901245702058077,6
PHA1,Ripple,2,0.0007579709053970873,1.6766813132562675e-05,0.0019872309640049934,6
PHA1,Theta,1,0.0010343295289203525,0.0005278115277178586,0.0016642034752294421,6
PHA1,Theta,2,0.0013136477209627628,-0.0008473414927721024,0.00328027899377048,6
PHA2,Alpha,1,0.003884316422045231,-4.028342664241791e-05,0.011627096682786942,3
PHA2,Alpha,2,5.6853765272535384e-05,-1.301489828620106e-05,0.00012947623326908797,3
PHA2,Beta,1,0.0018417941173538566,-0.0008381055667996407,0.005549652501940727,3
PHA2,Beta,2,-0.0013642688281834126,-0.0040946039371192455,7.161154644563794e-05,3
PHA2,Delta,1,0.004534103907644749,0.0014610467478632927,0.007396243512630463,3
PHA2,Delta,2,0.013564475812017918,0.007951396517455578,0.020263388752937317,3
PHA2,GammaH,1,0.0002061743725789711,-0.00027115613920614123,0.0011279111495241523,3
PHA2,GammaH,2,0.00023974869691301137,-0.00012224412057548761,0.0005813890020363033,3
PHA2,GammaL,1,0.002368964720517397,0.001055216882377863,0.0034972161520272493,3
PHA2,GammaL,2,0.00023564178263768554,3.5247314372099936e-05,0.0003999516775365919,3
PHA2,Ripple,1,-7.018761243671179e-05,-0.0010599057422950864,0.0009490633383393288,3
PHA2,Ripple,2,0.0005171449738554657,-0.0048717111349105835,0.003530748886987567,3
PHA2,Theta,1,0.00174184690695256,0.0006699520163238049,0.0031677978113293648,3
PHA2,Theta,2,0.002813024679198861,-0.0027595162391662598,0.01207191962748766,3
PHA3,Alpha,1,0.005821202415972948,0.0028756875544786453,0.008164474740624428,7
PHA3,Alpha,2,0.002137180184945464,0.00028638922958634794,0.003842082107439637,7
PHA3,Beta,1,0.0020556021481752396,6.177061004564166e-05,0.00532475346699357,7
PHA3,Beta,2,0.005279540549963713,0.003771489020437002,0.006908019073307514,7
PHA3,Delta,1,0.010788084007799625,0.005714038852602243,0.015430684201419353,7
PHA3,Delta,2,0.0017448661383241415,0.0008471774053759873,0.0027090259827673435,7
PHA3,GammaH,1,0.0003087204531766474,7.825597276678309e-05,0.0005658913869410753,7
PHA3,GammaH,2,0.0013700219569727778,0.000496325024869293,0.002381181577220559,7
PHA3,GammaL,1,0.013799583539366722,0.006904914043843746,0.021478058770298958,7
PHA3,GammaL,2,0.0012126958463340998,-0.0007909587002359331,0.0031745939049869776,7
PHA3,Ripple,1,0.0005982716684229672,-0.00029554805951192975,0.0014620404690504074,7
PHA3,Ripple,2,3.689173172460869e-05,-0.0004826141521334648,0.0004881841305177659,7
PHA3,Theta,1,0.00247704004868865,0.0010251824278384447,0.003699494292959571,7
PHA3,Theta,2,0.0001205156950163655,-0.0003313431516289711,0.0006089086527936161,7
PHT,Alpha,1,0.004912445321679115,0.0013366129714995623,0.008615240454673767,4
PHT,Alpha,2,0.0009311333997175097,0.0003651391016319394,0.001497127814218402,4
PHT,Beta,1,-0.00013601614045910537,-0.00026229978539049625,1.5339654055424035e-05,4
PHT,Beta,2,0.00020474649500101805,-8.072653145063668e-05,0.0004393470590002835,4
PHT,Delta,1,0.0018631498096510768,0.0003980874316766858,0.0034735901281237602,4
PHT,Delta,2,0.0009918821742758155,0.00027553190011531115,0.0017082324484363198,4
PHT,GammaH,1,-0.0006944396300241351,-0.0015925276093184948,-4.363467451184988e-05,4
PHT,GammaH,2,0.0009821391431614757,0.0002055900840787217,0.002097157295793295,4
PHT,GammaL,1,8.80152074387297e-05,-2.5748275220394135e-05,0.00019988005806226283,4
PHT,GammaL,2,0.0013983836397528648,0.000448370206868276,0.0023483969271183014,4
PHT,Ripple,1,0.00015459538553841412,-0.00017576036043465137,0.0005723023787140846,4
PHT,Ripple,2,0.00012305722339078784,5.6274846429005265e-05,0.00018983961490448564,4
PHT,Theta,1,-0.000124140118714422,-0.00024794554337859154,-3.346940502524376e-07,4
PHT,Theta,2,0.00043086279765702784,-0.00026109584723599255,0.0008892251644283533,4
PI,Alpha,1,0.0004693644877988845,-0.0002811849117279053,0.001272265100851655,3
PI,Alpha,2,-0.00016528430569451302,-0.00043409710633568466,0.00014295468281488866,3
PI,Beta,1,-0.000140402014949359,-0.0009199481573887169,0.0003989000106230378,3
PI,Beta,2,-8.941662963479757e-05,-0.00032009967253543437,4.5075445086695254e-05,3
PI,Delta,1,-0.0001830890541896224,-0.0002551853540353477,-9.914778638631105e-05,3
PI,Delta,2,-7.826458750059828e-05,-0.00021505181211978197,0.00019372352107893676,3
PI,GammaH,1,4.70117483928334e-05,-0.00043253530748188496,0.0006124480860307813,3
PI,GammaH,2,-7.05677448422648e-05,-0.0002464456483721733,3.138910324196331e-05,3
PI,GammaL,1,-0.00010941783693851903,-0.00030370301101356745,0.00016769289504736662,3
PI,GammaL,2,8.025624083529692e-06,-5.42178750038147e-05,8.697601151652634e-05,3
PI,Ripple,1,-0.0005690529360435903,-0.001242759870365262,-6.472594395745546e-05,3
PI,Ripple,2,6.979103545745602e-06,-0.0002121818979503587,0.00024562067119404674,3
PI,Theta,1,7.446512609021738e-05,-9.903439786285162e-05,0.00031255639623850584,3
PI,Theta,2,3.0281449653557502e-05,-4.224429721944034e-05,0.00013101764488965273,3
POS1,Alpha,1,-0.000149949686601758,-0.00044757695286534727,0.00010078516788780689,3
POS1,Alpha,2,0.0009462260641157627,-0.0003462950699031353,0.0021661603823304176,3
POS1,Beta,1,0.000703197147231549,0.00030346441781148314,0.0009889035718515515,3
POS1,Beta,2,0.0003124163777101785,0.0001300493604503572,0.0005375086329877377,3
POS1,Delta,1,0.0003278915537521243,-0.00022058619651943445,0.0008083787397481501,3
POS1,Delta,2,2.0011861124658026e-05,-0.00025963978259824216,0.000389678607461974,3
POS1,GammaH,1,0.00025484879733994603,9.662601951276883e-05,0.00048565538600087166,3
POS1,GammaH,2,3.011089575011283e-05,-0.00010968232527375221,0.00011175178224220872,3
POS1,GammaL,1,0.0005024652346037328,0.0003525398497004062,0.0007618318777531385,3
POS1,GammaL,2,0.004608962219208479,0.002617501886561513,0.005666226614266634,3
POS1,Ripple,1,0.00012493289250414819,-7.427384844049811e-05,0.00030252200667746365,3
POS1,Ripple,2,4.020015239802888e-06,-7.763714529573917e-05,0.00013142399257048965,3
POS1,Theta,1,-9.847682667896152e-05,-0.00022982079826761037,6.0046251746825874e-05,3
POS1,Theta,2,0.002013186225667596,0.0008307674434036016,0.0034632415045052767,3
POS2,Alpha,1,0.00037757522659376264,-0.00035666857729665935,0.0010707767214626074,4
POS2,Alpha,2,0.010371623560786247,-0.0037059567403048277,0.01797778159379959,4
POS2,Beta,1,0.0033858423121273518,0.0003687090356834233,0.006933846976608038,4
POS2,Beta,2,0.00045025997678749263,-0.001055739470757544,0.0016709193587303162,4
POS2,Delta,1,0.0011624704347923398,0.0005239034071564674,0.0018010376952588558,4
POS2,Delta,2,0.0006068748771212995,-0.00014286086661741138,0.0013566105626523495,4
POS2,GammaH,1,-6.285788549575955e-05,-0.00023331507691182196,8.92478710738942e-05,4
POS2,GammaH,2,-0.00010576828208286315,-0.00019882309425156564,1.9882434571627527e-05,4
POS2,GammaL,1,6.907092028995976e-06,-0.00011596389231272042,0.00011459900997579098,4
POS2,GammaL,2,2.5773842935450375e-05,-0.00012780044926330447,0.00014096735685598105,4
POS2,Ripple,1,0.0028257465455681086,-0.002415643073618412,0.008067136630415916,4
POS2,Ripple,2,-7.449016266036779e-06,-9.176495223073289e-05,7.348714279942214e-05,4
POS2,Theta,1,0.00011738331522792578,5.643427721224725e-05,0.0001783323532436043,4
POS2,Theta,2,0.00039276882307603955,0.00017566308088134974,0.0006098745507188141,4
PSL,Alpha,1,-0.0001830393448472023,-0.0001830393448472023,-0.0001830393448472023,1
PSL,Alpha,2,0.0005405284464359283,0.0005405284464359283,0.0005405284464359283,1
PSL,Beta,1,0.0009564001811668277,0.0009564001811668277,0.0009564001811668277,1
PSL,Beta,2,-3.6983692552894354e-06,-3.6983692552894354e-06,-3.6983692552894354e-06,1
PSL,Delta,1,0.0004417646850924939,0.0004417646850924939,0.0004417646850924939,1
PSL,Delta,2,0.0003514108539093286,0.0003514108539093286,0.0003514108539093286,1
PSL,GammaH,1,6.297946674749255e-05,6.297946674749255e-05,6.297946674749255e-05,1
PSL,GammaH,2,-7.576565985800698e-05,-7.576565985800698e-05,-7.576565985800698e-05,1
PSL,GammaL,1,9.3893613666296e-05,9.3893613666296e-05,9.3893613666296e-05,1
PSL,GammaL,2,8.254070417024195e-05,8.254070417024195e-05,8.254070417024195e-05,1
PSL,Ripple,1,0.00015486092888750136,0.00015486092888750136,0.00015486092888750136,1
PSL,Ripple,2,0.0006710054585710168,0.0006710054585710168,0.0006710054585710168,1
PSL,Theta,1,-6.531062535941601e-05,-6.531062535941601e-05,-6.531062535941601e-05,1
PSL,Theta,2,3.753070632228628e-05,3.753070632228628e-05,3.753070632228628e-05,1
PeEc,Alpha,1,0.0017020832747220993,0.0007910753483884037,0.002691106405109167,7
PeEc,Alpha,2,0.003398413071408868,0.0004950130241923034,0.00860243197530508,7
PeEc,Beta,1,0.0003806113381870091,0.0001289561769226566,0.0006780968979001045,7
PeEc,Beta,2,0.00021774509514216334,-0.0001672000071266666,0.0006420045392587781,7
PeEc,Delta,1,0.00037362106377258897,7.086975529091433e-05,0.0006316681392490864,7
PeEc,Delta,2,0.0002203172043664381,-0.00011578014527913183,0.0006031924858689308,7
PeEc,GammaH,1,0.0001617849338799715,-0.0002240973262814805,0.0005715996958315372,7
PeEc,GammaH,2,0.0005460864631459117,-0.0001371842809021473,0.0011093805078417063,7
PeEc,GammaL,1,0.0003544118080753833,-0.00019486162636894733,0.0009479370201006532,7
PeEc,GammaL,2,-0.00020437032799236476,-0.0009097824222408235,0.00025253224885091186,7
PeEc,Ripple,1,0.0018390242476016283,0.00020575022790580988,0.004482924938201904,7
PeEc,Ripple,2,0.0012400498380884528,-0.0005281359772197902,0.0035578710958361626,7
PeEc,Theta,1,0.00022083884687162936,-0.00013911329733673483,0.0006057341233827174,7
PeEc,Theta,2,0.000856742262840271,0.00020001750090159476,0.0015351511538028717,7
Pir,Alpha,1,-0.00017638682038523257,-0.0003246680134907365,-2.810564183164388e-05,2
Pir,Alpha,2,-0.00011002318933606148,-0.00018544915656093508,-3.4597222111187875e-05,2
Pir,Beta,1,-0.00010575403575785458,-0.00017643661703914404,-3.507145447656512e-05,2
Pir,Beta,2,6.0384518292266876e-05,4.289468051865697e-06,0.00011647956853266805,2
Pir,Delta,1,-2.1433552319649607e-05,-3.414844104554504e-05,-8.718663593754172e-06,2
Pir,Delta,2,0.00011023764091078192,7.035268936306238e-05,0.00015012259245850146,2
Pir,GammaH,1,5.1862079999409616e-05,-0.00023497652728110552,0.00033870068727992475,2
Pir,GammaH,2,2.0531966583803296e-05,-0.00014092391938902438,0.00018198785255663097,2
Pir,GammaL,1,0.00024521906743757427,6.477057468146086e-05,0.0004256675601936877,2
Pir,GammaL,2,-7.766163616906852e-05,-0.00019995003822259605,4.462676588445902e-05,2
Pir,Ripple,1,6.686346750939265e-06,-1.1393822205718607e-05,2.4766515707597136e-05,2
Pir,Ripple,2,-3.427483170526102e-05,-5.087094905320555e-05,-1.7678714357316494e-05,2
Pir,Theta,1,-0.00017944895080290735,-0.00018235831521451473,-0.00017653958639129996,2
Pir,Theta,2,-7.996077329153195e-06,-6.039956497261301e-05,4.440741031430662e-05,2
PoI1,Alpha,1,0.00016156371566466987,1.0604817362036556e-05,0.00033643803908489645,10
PoI1,Alpha,2,1.6397651052102447e-05,-0.0001495949545642361,0.00021385448053479195,10
PoI1,Beta,1,0.00027191577828489244,2.662312544998713e-05,0.0005599570577032864,10
PoI1,Beta,2,0.00023743874044157565,6.678491627098992e-05,0.000449733721325174,10
PoI1,Delta,1,0.0007525336695834994,0.00017197268607560545,0.0013466425007209182,10
PoI1,Delta,2,3.3535656257299706e-05,-0.0003531190159264952,0.0003270100860390812,10
PoI1,GammaH,1,0.0010767646599560976,0.0005998124834150076,0.0015983909834176302,10
PoI1,GammaH,2,0.0003362117859069258,-6.218288763193414e-05,0.0007102840463630855,10
PoI1,GammaL,1,0.00023947501904331148,8.660883031552657e-05,0.0003962965856771916,10
PoI1,GammaL,2,0.00018471022485755384,-4.9239566578762606e-05,0.00040348025504499674,10
PoI1,Ripple,1,0.00047850902774371207,0.00020280519674997777,0.0007573547190986574,10
PoI1,Ripple,2,0.0005863590049557388,-1.7313013813691214e-05,0.0012980764731764793,10
PoI1,Theta,1,0.00014557625399902463,-9.6075666078832e-05,0.00037856632843613625,10
PoI1,Theta,2,0.0005504140863195062,0.00010440161713631824,0.0010262365685775876,10
PoI2,Alpha,1,-6.120636680861935e-05,-0.00026055084890685976,8.555255044484511e-05,6
PoI2,Alpha,2,0.00044764004996977746,5.988504926790483e-05,0.0008476637885905802,6
PoI2,Beta,1,0.0016225340077653527,0.00040131949936039746,0.002938438206911087,6
PoI2,Beta,2,3.1513434350927128e-06,-0.00010788586951093748,0.0001227474567713216,6
PoI2,Delta,1,0.00055973936105147,0.0002159190335078165,0.0009244591929018497,6
PoI2,Delta,2,-6.175666203489527e-05,-0.00017712131375446916,5.8212055591866374e-05,6
PoI2,GammaH,1,0.0007493264856748283,-9.866131586022675e-05,0.0017609321512281895,6
PoI2,GammaH,2,-3.1149189453572035e-05,-0.0001053175437846221,6.87101564835757e-05,6
PoI2,GammaL,1,-3.363473297213204e-05,-0.00014694842684548348,7.876945892348886e-05,6
PoI2,GammaL,2,0.00033317471388727427,2.6230105504509993e-05,0.0006733205518685281,6
PoI2,Ripple,1,-0.00017041469982359558,-0.000551319622900337,0.00016347561904694885,6
PoI2,Ripple,2,0.0009787384187802672,0.00014843956159893423,0.0019142926903441548,6
PoI2,Theta,1,9.881960431812331e-05,-0.00012123931082896888,0.00037109930417500436,6
PoI2,Theta,2,-7.149382872739807e-05,-0.00014490621106233448,2.97819497063756e-06,6
PreS,Alpha,1,0.000735042616724968,0.00014459753583651036,0.0013766094343736768,6
PreS,Alpha,2,0.0016501849750056863,0.00047520952648483217,0.002825892763212323,6
PreS,Beta,1,0.0017541636480018497,0.00036435030051507056,0.0029227666091173887,6
PreS,Beta,2,0.00012850442726630718,-1.4156721590552479e-05,0.00026368582621216774,6
PreS,Delta,1,-1.729943323880434e-05,-0.00029182605794630945,0.00024236796889454126,6
PreS,Delta,2,8.125235035549849e-05,-7.275711686816067e-05,0.0002189187944168225,6
PreS,GammaH,1,-6.169197149574757e-05,-0.00012112385593354702,-1.6419344319729134e-06,6
PreS,GammaH,2,0.0004618055245373398,-0.0002122790174325928,0.0010551373707130551,6
PreS,GammaL,1,0.0003050656814593822,1.4727798998137587e-06,0.0008265222422778606,6
PreS,GammaL,2,0.00022968721168581396,-0.0001508007408119738,0.0005936327506788075,6
PreS,Ripple,1,0.0003926268545910716,0.00011667676881188527,0.0007014593575149775,6
PreS,Ripple,2,-3.3832409826572984e-05,-0.00013480561028700322,7.520684448536485e-05,6
PreS,Theta,1,4.5723008952336386e-05,-0.00012383857392705977,0.00020284131460357457,6
PreS,Theta,2,0.0001880126801552251,-8.652123506180942e-05,0.000474915694212541,6
Putamen,Alpha,1,1.020278432406485e-05,-4.1122897528111935e-05,6.152846617624164e-05,2
Putamen,Alpha,2,0.00014900830865371972,0.00012659022468142211,0.00017142639262601733,2
Putamen,Beta,1,-0.0001708364870864898,-0.00019936537137255073,-0.00014230760280042887,2
Putamen,Beta,2,-0.0003945422940887511,-0.0006721687386743724,-0.00011691586405504495,2
Putamen,Delta,1,0.0005288728279992938,-0.00032467470737174153,0.0013824203051626682,2
Putamen,Delta,2,8.65263064042665e-06,-3.673114406410605e-05,5.403640534495935e-05,2
Putamen,GammaH,1,-6.672344170510769e-06,-2.7479400159791112e-05,1.4134711818769574e-05,2
Putamen,GammaH,2,-0.00015674863243475556,-0.00026432937011122704,-4.916789475828409e-05,2
Putamen,GammaL,1,0.00011918152449652553,6.401061546057463e-05,0.00017435243353247643,2
Putamen,GammaL,2,-8.464574057143182e-05,-0.00017749311518855393,8.201635864679702e-06,2
Putamen,Ripple,1,-0.00024360319366678596,-0.0005453450139611959,5.8138626627624035e-05,2
Putamen,Ripple,2,5.949708793195896e-05,3.678690700326115e-05,8.220726886065677e-05,2
Putamen,Theta,1,-5.5542644986417145e-05,-9.14676784304902e-05,-1.9617611542344093e-05,2
Putamen,Theta,2,0.0005365198012441397,-0.00043500447645783424,0.0015080440789461136,2
RI,Alpha,1,0.00013956279144622386,3.115786239504814e-05,0.00024796772049739957,4
RI,Alpha,2,5.948618854745291e-05,7.123344403225929e-08,0.00011890115274582058,4
RI,Beta,1,9.581362246535718e-05,4.348985385149717e-06,0.00018727825954556465,4
RI,Beta,2,0.0002905984001699835,-5.677074659615755e-05,0.0006907433271408081,4
RI,Delta,1,0.00021129701053723693,9.444853640161455e-05,0.0003487497160676867,4
RI,Delta,2,0.00019791751401498914,5.2437659178394824e-05,0.00044841039925813675,4
RI,GammaH,1,-8.332633296959102e-05,-0.0004331644158810377,0.00026651174994185567,4
RI,GammaH,2,0.0005435494240373373,-0.00045121333096176386,0.001355048967525363,4
RI,GammaL,1,-1.2558171874843538e-05,-2.9377566534094512e-05,4.261220965418033e-06,4
RI,GammaL,2,-9.948837396223098e-05,-0.0004616540390998125,0.000262677320279181,4
RI,Ripple,1,0.000630013644695282,-0.0005340669304132462,0.001305236597545445,4
RI,Ripple,2,1.2274620530661196e-05,-0.00012474895629566163,0.00017626283806748688,4
RI,Theta,1,0.00036457314854487777,8.83059692569077e-06,0.0008371489821001887,4
RI,Theta,2,8.282996714115143e-05,2.8429043595679104e-05,0.00011552224168553948,4
RSC,Alpha,1,0.0002306191745446995,-3.9716309402137995e-05,0.0005867648869752884,8
RSC,Alpha,2,0.0036875612568110228,0.0009376232046633959,0.007077358663082123,8
RSC,Beta,1,8.38658306747675e-05,-6.0801205108873546e-05,0.00024760866654105484,8
RSC,Beta,2,0.00033542586606927216,-0.00021554595150519162,0.0009677998023107648,8
RSC,Delta,1,0.0011485663708299398,0.00010534413740970194,0.0023633972741663456,8
RSC,Delta,2,-0.0002132697554770857,-0.0005146554904058576,5.688307646778412e-05,8
RSC,GammaH,1,0.00020362135546747595,1.893284934340045e-05,0.00034143318771384656,8
RSC,GammaH,2,0.00013536967162508518,-1.9792198145296425e-05,0.00028591929003596306,8
RSC,GammaL,1,6.490974919870496e-05,-8.407248242292553e-05,0.0002464624703861773,8
RSC,GammaL,2,0.00013849802780896425,-1.96559867617907e-05,0.0002862794208340347,8
RSC,Ripple,1,8.43131056171842e-06,-0.0002588246134109795,0.00023243451141752303,8
RSC,Ripple,2,-8.605965558672324e-05,-0.0003958010347560048,0.00021054520038887858,8
RSC,Theta,1,0.008312657475471497,0.004558348562568426,0.012328521348536015,8
RSC,Theta,2,0.0018357691587880254,0.000712161825504154,0.0028930488042533398,8
SCEF,Alpha,1,-5.84481458645314e-05,-5.84481458645314e-05,-5.84481458645314e-05,1
SCEF,Alpha,2,-0.0003172665601596236,-0.0003172665601596236,-0.0003172665601596236,1
SCEF,Beta,1,5.359876740840264e-05,5.359876740840264e-05,5.359876740840264e-05,1
SCEF,Beta,2,-3.0283394153229892e-05,-3.0283394153229892e-05,-3.0283394153229892e-05,1
SCEF,Delta,1,0.0002059435355477035,0.0002059435355477035,0.0002059435355477035,1
SCEF,Delta,2,0.0001846867671702057,0.0001846867671702057,0.0001846867671702057,1
SCEF,GammaH,1,0.00045226747170090675,0.00045226747170090675,0.00045226747170090675,1
SCEF,GammaH,2,-3.569485852494836e-05,-3.569485852494836e-05,-3.569485852494836e-05,1
SCEF,GammaL,1,1.7283880879404023e-05,1.7283880879404023e-05,1.7283880879404023e-05,1
SCEF,GammaL,2,6.2794097175356e-06,6.2794097175356e-06,6.2794097175356e-06,1
SCEF,Ripple,1,-9.132421837421134e-06,-9.132421837421134e-06,-9.132421837421134e-06,1
SCEF,Ripple,2,-2.1058207494206727e-05,-2.1058207494206727e-05,-2.1058207494206727e-05,1
SCEF,Theta,1,0.00010941970685962588,0.00010941970685962588,0.00010941970685962588,1
SCEF,Theta,2,3.702589310705662e-05,3.702589310705662e-05,3.702589310705662e-05,1
STGa,Alpha,1,0.0001324446202488616,-0.00012605139636434615,0.00056274957023561,4
STGa,Alpha,2,0.00045643377234227955,2.8507027309387922e-05,0.0010245528537780046,4
STGa,Beta,1,-8.73339522513561e-05,-0.0001930574799189344,4.580039603752084e-05,4
STGa,Beta,2,4.401379555929452e-06,-1.1688134691212326e-05,2.686548396013677e-05,4
STGa,Delta,1,-7.398847083095461e-05,-0.00019961007637903094,2.106453393935226e-05,4
STGa,Delta,2,4.0819279092829674e-05,-0.0001795995922293514,0.00020556419622153044,4
STGa,GammaH,1,9.958985901903361e-05,-2.3464490368496627e-05,0.00028677863883785903,4
STGa,GammaH,2,0.00017852286691777408,-2.649117959663272e-06,0.0003596948808990419,4
STGa,GammaL,1,0.0011571665527299047,0.00018911410006694496,0.002029369119554758,4
STGa,GammaL,2,4.173161869402975e-06,-0.0001870137930382043,0.00019536010222509503,4
STGa,Ripple,1,5.0779613957274705e-05,-5.778737977379933e-05,0.00019924099615309387,4
STGa,Ripple,2,0.00010642941197147593,-0.0003464428591541946,0.0005593016976490617,4
STGa,Theta,1,0.00032111199107021093,0.00010283137089572847,0.0005976185202598572,4
STGa,Theta,2,0.0005023822886869311,-0.0007637630915269256,0.0020154649391770363,4
STSda,Alpha,1,0.0005527138127945364,-0.0007551211165264249,0.0015752747422084212,5
STSda,Alpha,2,0.00048379466170445085,-0.00030214403523132205,0.0016206956934183836,5
STSda,Beta,1,0.0007460489287041128,-0.0002914709330070764,0.0019001381006091833,5
STSda,Beta,2,3.4755099477479234e-05,-0.00012464674364309758,0.00018324024858884513,5
STSda,Delta,1,0.001183858490549028,0.00040019271546043456,0.0019186567515134811,5
STSda,Delta,2,8.098825492197648e-05,-0.00030857959063723683,0.00041737797437235713,5
STSda,GammaH,1,0.0003492292598821223,-5.694331048289314e-05,0.0008773092413321137,5
STSda,GammaH,2,0.00016621914983261377,-9.543220221530646e-05,0.0004550198500510305,5
STSda,GammaL,1,0.00025726493913680315,-3.052064130315557e-05,0.0006021548761054873,5
STSda,GammaL,2,-3.64153238479048e-05,-0.00027248598053120077,0.0001655618252698332,5
STSda,Ripple,1,5.711354242521338e-05,-6.125632353359833e-05,0.0001754834083840251,5
STSda,Ripple,2,0.000747193000279367,9.594396397005767e-05,0.0012030011275783181,5
STSda,Theta,1,1.4613568964705337e-05,-0.0001432519347872585,0.00017654069233685732,5
STSda,Theta,2,0.0005822779494337738,0.00024334988847840577,0.0010490913409739733,5
STSdp,Alpha,1,-0.0002735836897045374,-0.000753754167817533,0.0001182401756523177,7
STSdp,Alpha,2,-0.00012296806380618364,-0.0002733950677793473,6.743993435520679e-05,7
STSdp,Beta,1,0.0011807024711742997,0.0004277585831005126,0.002050563460215926,7
STSdp,Beta,2,0.0001342104224022478,3.0984872410044773e-06,0.0002770067367237061,7
STSdp,Delta,1,-2.311392563569825e-05,-8.270082616945729e-05,3.964547795476392e-05,7
STSdp,Delta,2,0.000591389078181237,-0.0002732305438257754,0.001402241294272244,7
STSdp,GammaH,1,0.0002222060866188258,-0.00015232885198201984,0.0007379562011919916,7
STSdp,GammaH,2,0.0001689734635874629,-0.00021259431377984583,0.0006409888155758381,7
STSdp,GammaL,1,0.0004896699101664126,-0.00012755785428453237,0.0011709248647093773,7
STSdp,GammaL,2,0.00010052404104499146,-0.0001708973286440596,0.0003900071606040001,7
STSdp,Ripple,1,-0.0002023829147219658,-0.0004935163888148963,2.5425759304198436e-05,7
STSdp,Ripple,2,0.0006031459197402,-0.0005613397224806249,0.0020617046393454075,7
STSdp,Theta,1,-0.00010195014328928664,-0.0004820988397113979,0.00022412058024201542,7
STSdp,Theta,2,-4.579412052407861e-05,-0.00016183724801521748,7.435773295583203e-05,7
STSva,Alpha,1,0.00102446717210114,2.833323560480494e-05,0.001914320164360106,11
STSva,Alpha,2,0.0007529804715886712,0.0001184161810670048,0.0014743558131158352,11
STSva,Beta,1,0.00011776848987210542,-0.0003939227026421577,0.0006138542667031288,11
STSva,Beta,2,0.0003035745758097619,5.6553973990958184e-05,0.0005851948517374694,11
STSva,Delta,1,0.00019343686290085316,-0.0002025550347752869,0.0006378651596605778,11
STSva,Delta,2,8.174827235052362e-05,-0.0004912968724966049,0.0006693692412227392,11
STSva,GammaH,1,-2.736496571742464e-05,-0.001274768030270934,0.0010144483530893922,11
STSva,GammaH,2,-3.3567845093784854e-05,-0.00030311630689539015,0.0002227448858320713,11
STSva,GammaL,1,0.00019929777772631496,9.49934619711712e-05,0.00030364253325387836,11
STSva,GammaL,2,0.0002014198835240677,-0.00017463606491219252,0.0006314308266155422,11
STSva,Ripple,1,3.2931322493823245e-05,-7.267837645485997e-05,0.00014263404591474682,11
STSva,Ripple,2,0.00041479896754026413,-0.0009241547668352723,0.0017411570297554135,11
STSva,Theta,1,0.00015550902753602713,-1.587546466907952e-05,0.00033508302294649184,11
STSva,Theta,2,0.00022249278845265508,3.518031371640973e-05,0.0004270040662959218,11
STSvp,Alpha,1,0.007380013819783926,0.0006913729012012482,0.015813127160072327,7
STSvp,Alpha,2,0.0074812984094023705,0.002828832482919097,0.013429321348667145,7
STSvp,Beta,1,0.00025866267969831824,0.0001325565535807982,0.00041909440187737346,7
STSvp,Beta,2,0.0007755128317512572,0.00020241992024239153,0.0013773954706266522,7
STSvp,Delta,1,7.565307168988511e-05,-0.00011341305071255192,0.00026194326346740127,7
STSvp,Delta,2,0.00022423423069994897,2.588693496363703e-05,0.00043453462421894073,7
STSvp,GammaH,1,0.0004735799157060683,-9.96027847577352e-06,0.0009851198410615325,7
STSvp,GammaH,2,9.806312300497666e-05,-0.00015504859038628638,0.0003735703940037638,7
STSvp,GammaL,1,0.00026291905669495463,0.00015737066860310733,0.00039441665285266936,7
STSvp,GammaL,2,0.0006908218492753804,0.00026456895284354687,0.001134788733907044,7
STSvp,Ripple,1,-5.975423482595943e-05,-0.0001785325730452314,5.235732169239782e-05,7
STSvp,Ripple,2,0.00046006139018572867,0.0002061622653855011,0.0007274518138729036,7
STSvp,Theta,1,0.0029434561729431152,0.0007100219372659922,0.0053343926556408405,7
STSvp,Theta,2,0.00035889665014110506,-0.00010313429811503738,0.0008424846455454826,7
STV,Alpha,1,3.383080547791906e-05,-6.526325887534767e-05,0.0001831064437283203,3
STV,Alpha,2,0.0001566060964250937,8.292554412037134e-06,0.00023907927970867604,3
STV,Beta,1,8.485613943776116e-05,-0.0005735320737585425,0.0004794218111783266,3
STV,Beta,2,8.79056824487634e-05,-7.949324935907498e-05,0.00018716354679781944,3
STV,Delta,1,3.474850382190198e-05,-7.769619696773589e-05,0.00023548677563667297,3
STV,Delta,2,-5.6626147852512076e-05,-0.00018731859745457768,3.773614298552275e-05,3
STV,GammaH,1,0.0002387968561379239,9.510770905762911e-05,0.00038401607889682055,3
STV,GammaH,2,5.012312249164097e-05,-0.0001470240531489253,0.00031952979043126106,3
STV,GammaL,1,0.00020658761786762625,-4.836078733205795e-05,0.00038226190372370183,3
STV,GammaL,2,0.0002571791410446167,4.968229040969163e-05,0.0005112682702019811,3
STV,Ripple,1,4.896060636383481e-05,-0.00036434654612094164,0.00034907020744867623,3
STV,Ripple,2,-3.209192072972655e-05,-5.880772368982434e-05,-6.983056664466858e-06,3
STV,Theta,1,-0.0002685175568331033,-0.0007542959065176547,0.00016305496683344245,3
STV,Theta,2,0.00021472111984621733,-0.00016428287199232727,0.000765346921980381,3
TA2,Alpha,1,0.0001401350600644946,1.3445969671010971e-06,0.0002603071043267846,3
TA2,Alpha,2,3.236730117350817e-05,-3.21902334690094e-05,8.504811557941139e-05,3
TA2,Beta,1,5.811915616504848e-05,-7.312095840461552e-05,0.00012882804730907083,3
TA2,Beta,2,7.652747444808483e-05,-3.838387783616781e-05,0.0002344716340303421,3
TA2,Delta,1,0.0007394865970127285,0.0004940613871440291,0.001028954517096281,3
TA2,Delta,2,0.0005289351101964712,-0.0009414986707270145,0.001369654550217092,3
TA2,GammaH,1,-0.0005396802444010973,-0.0011736529413610697,0.0003444249741733074,3
TA2,GammaH,2,0.0001359182788291946,3.203912638127804e-05,0.00028605887200683355,3
TA2,GammaL,1,0.000329421745846048,0.0002127594780176878,0.0004224172735121101,3
TA2,GammaL,2,0.00043667355203069746,-6.013840902596712e-06,0.0006794757209718227,3
TA2,Ripple,1,0.00031801723525859416,-8.741358033148572e-05,0.0011242335895076394,3
TA2,Ripple,2,7.84267031121999e-05,-0.0003177317266818136,0.0003261767269577831,3
TA2,Theta,1,0.00014500890392810106,-2.0273640984669328e-05,0.000333812233293429,3
TA2,Theta,2,7.426956290146336e-05,-0.0001180965336970985,0.0001805540669010952,3
TE1a,Alpha,1,-2.5193481633323245e-05,-0.00042740959906950593,0.00033429369796067476,11
TE1a,Alpha,2,0.0002830068988259882,2.1193856809986755e-05,0.0005930886254645884,11
TE1a,Beta,1,0.0001876211608760059,-7.89255354902707e-05,0.00043748505413532257,11
TE1a,Beta,2,5.736839011660777e-05,-0.00012355248327367008,0.0002846500719897449,11
TE1a,Delta,1,0.00018709534197114408,-9.451207733945921e-05,0.0005209906958043575,11
TE1a,Delta,2,0.0005246837972663343,0.00012602328206412494,0.0009781584376469254,11
TE1a,GammaH,1,-0.00021996641589794308,-0.00085831357864663,0.00037723028799518943,11
TE1a,GammaH,2,0.0002964988525491208,-0.00017227986245416105,0.0007448764517903328,11
TE1a,GammaL,1,1.2375609003356658e-05,-0.00010850569378817454,0.00011889149027410895,11
TE1a,GammaL,2,0.00019896193407475948,-4.5367603888735175e-05,0.0004616670776158571,11
TE1a,Ripple,1,0.0013554909965023398,0.0006388389738276601,0.002106568543240428,11
TE1a,Ripple,2,0.00035985923022963107,5.512054485734552e-06,0.0006992836715653539,11
TE1a,Theta,1,0.000600947649218142,3.147295501548797e-05,0.0013024973450228572,11
TE1a,Theta,2,0.0004787633952219039,0.00026314330170862377,0.000694318616297096,11
TE1m,Alpha,1,0.0009771710028871894,0.0003138628089800477,0.001849373453296721,8
TE1m,Alpha,2,0.0013245135778561234,0.00032506397110410035,0.0023229089565575123,8
TE1m,Beta,1,0.000512830272782594,5.278942990116775e-05,0.0010662733111530542,8
TE1m,Beta,2,0.0006480698939412832,-0.0009634008165448904,0.001938701025210321,8
TE1m,Delta,1,0.00031951896380633116,-9.774013597052544e-05,0.0007083838572725654,8
TE1m,Delta,2,0.00045264328946359456,0.00025857891887426376,0.0006312335026450455,8
TE1m,GammaH,1,0.00024525204207748175,-0.0002059196849586442,0.0006548558594658971,8
TE1m,GammaH,2,0.00014137198741082102,-8.239161252276972e-05,0.0003604587400332093,8
TE1m,GammaL,1,0.000337222998496145,-0.00019564334070309997,0.0008516682428307831,8
TE1m,GammaL,2,0.0009319338132627308,0.0003356074739713222,0.0016129381256178021,8
TE1m,Ripple,1,0.00024221847706940025,-0.0002162009768653661,0.0006652428419329226,8
TE1m,Ripple,2,0.00043278548400849104,-0.0005256206495687366,0.0015050829388201237,8
TE1m,Theta,1,0.001022191485390067,6.269768346101046e-05,0.0018913204548880458,8
TE1m,Theta,2,0.0020472719334065914,0.0008090802584774792,0.0031606650445610285,8
TE1p,Alpha,1,0.0002837579813785851,3.431480217841454e-05,0.0005680802860297263,10
TE1p,Alpha,2,0.0008035480277612805,0.0003636230539996177,0.00128044409211725,10
TE1p,Beta,1,0.0005588241619989276,-4.307030758354813e-05,0.0012564235366880894,10
TE1p,Beta,2,0.00044335442362353206,-0.00046053831465542316,0.0015198608161881566,10
TE1p,Delta,1,0.001195990713313222,-0.0008207540959119797,0.003421322675421834,10
TE1p,Delta,2,0.0003740137617569417,4.728263957076706e-05,0.0007549978909082711,10
TE1p,GammaH,1,0.00033947586780413985,0.00012998550664633512,0.000541966175660491,10
TE1p,GammaH,2,0.00018146324146073312,-5.885328209842555e-05,0.0004553163016680628,10
TE1p,GammaL,1,0.000398659089114517,0.00017155167006421834,0.0007540276274085045,10
TE1p,GammaL,2,0.0012541472679004073,0.0004307535127736628,0.002016079379245639,10
TE1p,Ripple,1,0.0007874643197283149,0.00034575682366266847,0.001382789108902216,10
TE1p,Ripple,2,0.0009004442836157978,0.00028025443316437304,0.0018102099420502782,10
TE1p,Theta,1,0.008183450438082218,0.0034387148916721344,0.012842287309467793,10
TE1p,Theta,2,0.0007459435146301985,0.0001482307125115767,0.0014088284224271774,10
TE2a,Alpha,1,0.0007012177957221866,-0.0004967551794834435,0.0016925850650295615,10
TE2a,Alpha,2,0.0023725510109215975,0.00046940872562117875,0.005172271281480789,10
TE2a,Beta,1,0.00024335438502021134,-0.00044554457417689264,0.0011456243228167295,10
TE2a,Beta,2,0.0001682712318142876,-0.00016276282258331776,0.0006500062881968915,10
TE2a,Delta,1,0.00018349525635130703,-0.00039369214209727943,0.0008815826149657369,10
TE2a,Delta,2,0.0010283251758664846,-0.00011757804168155417,0.0025466419756412506,10
TE2a,GammaH,1,9.676342597231269e-05,-3.3487619930383516e-06,0.0001878055918496102,10
TE2a,GammaH,2,0.00022033399727661163,2.6077788106704247e-07,0.0004320039297454059,10
TE2a,GammaL,1,9.91901833913289e-05,-0.00021891247888561338,0.0005388747085817158,10
TE2a,GammaL,2,0.00018642956274561584,-0.0002935768570750952,0.0005871637840755284,10
TE2a,Ripple,1,-7.792516043991782e-06,-0.0001223166473209858,9.469697397435084e-05,10
TE2a,Ripple,2,0.0001436000020476058,-2.381599369982723e-05,0.0002827043063007295,10
TE2a,Theta,1,0.0013221099507063627,0.0002636333811096847,0.00247447588481009,10
TE2a,Theta,2,0.0003391462960280478,-0.00011190599616384134,0.0007571310270577669,10
TE2p,Alpha,1,0.0004749480285681784,-0.00040574127342551947,0.0013370878295972943,9
TE2p,Alpha,2,0.0013954320456832647,0.0004970539011992514,0.0022940284106880426,9
TE2p,Beta,1,0.0021403515711426735,0.0006658474449068308,0.0038186516612768173,9
TE2p,Beta,2,0.0005067422753199935,0.00010340088192606345,0.000954396091401577,9
TE2p,Delta,1,-3.5267376006231643e-06,-0.00026612303918227553,0.00017916742945089936,9
TE2p,Delta,2,0.0013548245187848806,0.0006922249449416995,0.0021077911369502544,9
TE2p,GammaH,1,0.00037994407466612756,0.00015067384811118245,0.0006251591839827597,9
TE2p,GammaH,2,0.0013183873379603028,0.0007107437704689801,0.001953921979293227,9
TE2p,GammaL,1,0.00033745900145731866,-0.0009571133414283395,0.0015585619257763028,9
TE2p,GammaL,2,0.00044548942241817713,5.749581760028377e-06,0.0008940616971813142,9
TE2p,Ripple,1,0.002783966949209571,0.0015198001638054848,0.003987886477261782,9
TE2p,Ripple,2,0.0009440423455089331,0.0005576138501055539,0.0014115668600425124,9
TE2p,Theta,1,0.0002712807327043265,0.00012816085654776543,0.0004458304319996387,9
TE2p,Theta,2,0.00035248210770078003,9.407884499523789e-05,0.0006533578271046281,9
TF,Alpha,1,0.005000467877835035,0.0013345660408958793,0.010005079209804535,8
TF,Alpha,2,0.001722220447845757,0.0004190653271507472,0.003315700450912118,8
TF,Beta,1,-0.0001263256126549095,-0.000697066483553499,0.0004362804174888879,8
TF,Beta,2,0.0009581225458532572,0.00045644526835530996,0.0015272670425474644,8
TF,Delta,1,0.0010877950116991997,0.00045227320515550673,0.0018179137259721756,8
TF,Delta,2,0.0007733453530818224,7.213659409899265e-05,0.0015203466173261404,8
TF,GammaH,1,0.00019874506688211113,-0.00024949846556410193,0.0005267877131700516,8
TF,GammaH,2,0.00021123519400134683,-0.00010677380487322807,0.000617123965639621,8
TF,GammaL,1,0.0021470370702445507,0.0007718089036643505,0.003244010964408517,8
TF,GammaL,2,-2.2522126528201625e-05,-0.00013404035416897386,7.160674431361258e-05,8
TF,Ripple,1,0.0001261575671378523,-2.4249056878034025e-05,0.0002765139506664127,8
TF,Ripple,2,0.0006304904236458242,0.00018289583385922015,0.0012023672461509705,8
TF,Theta,1,0.0001832576235756278,0.00011546834139153361,0.00024824446882121265,8
TF,Theta,2,0.0001801350445020944,-0.00021118590666446835,0.00043993708095513284,8
TGd,Alpha,1,0.0025239898823201656,-0.0004957666387781501,0.006341386586427689,10
TGd,Alpha,2,0.002131564309820533,-0.0002277592575410381,0.004891066811978817,10
TGd,Beta,1,0.0006393855437636375,4.696477117249742e-05,0.0012926514027640224,10
TGd,Beta,2,-0.00019207163131795824,-0.0007770687807351351,0.00018290655862074345,10
TGd,Delta,1,0.00017166888574138284,-2.0509673049673438e-05,0.0003711199387907982,10
TGd,Delta,2,3.135449514957145e-05,-0.000357799232006073,0.0004135661874897778,10
TGd,GammaH,1,0.0003916317073162645,2.8308342734817415e-05,0.0007780813612043858,10
TGd,GammaH,2,0.0024408665485680103,0.0006520672468468547,0.005074407439678907,10
TGd,GammaL,1,0.00010168684093514457,-5.9009591495851055e-05,0.00026164689916186035,10
TGd,GammaL,2,0.0003280385280959308,6.940164894331247e-05,0.0005950187332928181,10
TGd,Ripple,1,0.0010624754941090941,0.0004158375086262822,0.0017443042015656829,10
TGd,Ripple,2,0.000186837773071602,-9.682784002507105e-05,0.000523547874763608,10
TGd,Theta,1,9.308326116297394e-05,2.1040261344751343e-05,0.00018269165593665093,10
TGd,Theta,2,0.00012597654131241143,-0.0001760790473781526,0.00042655825382098556,10
TGv,Alpha,1,0.0009598459000699222,0.00012814623187296093,0.00137829699087888,3
TGv,Alpha,2,-7.760095286357682e-06,-9.327600128017366e-05,0.00011802680091932416,3
TGv,Beta,1,0.0005844563711434603,0.00023581564892083406,0.0008673081174492836,3
TGv,Beta,2,0.0031657509971410036,-0.0008766502141952515,0.0073373629711568356,3
TGv,Delta,1,-6.486986967502162e-05,-0.0003248866705689579,0.00010088307317346334,3
TGv,Delta,2,0.0003643691597972065,1.526298001408577e-05,0.0009160770568996668,3
TGv,GammaH,1,0.00039443434798158705,-6.300199311226606e-05,0.0008285048534162343,3
TGv,GammaH,2,0.0009311035391874611,-0.0006613329169340432,0.0018459806451573968,3
TGv,GammaL,1,-4.479584822547622e-05,-0.0005313255824148655,0.00026472684112377465,3
TGv,GammaL,2,4.806788638234138e-07,-0.00010131846647709608,8.702510967850685e-05,3
TGv,Ripple,1,0.0003471928648650646,0.00026392482686787844,0.00048514766967855394,3
TGv,Ripple,2,0.0027622042689472437,0.0017915070056915283,0.004112942144274712,3
TGv,Theta,1,0.0006617692415602505,0.00039019659743644297,0.0010926517425104976,3
TGv,Theta,2,0.0007393251289613545,1.6376608982682228e-05,0.0013982407981529832,3
TPOJ1,Alpha,1,2.5745130187715404e-05,-0.00021447730250656605,0.00026596756651997566,4
TPOJ1,Alpha,2,0.00026163485017605126,7.103085226844996e-05,0.0004851505218539387,4
TPOJ1,Beta,1,-0.00021824633586220443,-0.0006466574850492179,0.00011768774857046083,4
TPOJ1,Beta,2,2.7360860258340836e-05,-0.00012573343701660633,0.0001859480980783701,4
TPOJ1,Delta,1,-0.0005430877208709717,-0.0021031838841736317,0.0015977714210748672,4
TPOJ1,Delta,2,-0.00011462507245596498,-0.00023601781867910177,6.7676737671718e-06,4
TPOJ1,GammaH,1,-0.0006294426857493818,-0.0009867165936157107,-0.0002721687778830528,4
TPOJ1,GammaH,2,6.11459618085064e-05,-3.5730237868847325e-05,0.00013218005187809467,4
TPOJ1,GammaL,1,-2.6148190954700112e-06,-0.00051298295147717,0.00033129844814538956,4
TPOJ1,GammaL,2,-0.00016827158106025308,-0.00046828328049741685,9.181504719890654e-05,4
TPOJ1,Ripple,1,0.0009865548927336931,0.0003340858966112137,0.0016390238888561726,4
TPOJ1,Ripple,2,-3.0568582587875426e-05,-0.00018670535064302385,9.987728844862431e-05,4
TPOJ1,Theta,1,-4.037858889205381e-05,-0.0001362706534564495,5.551346475840546e-05,4
TPOJ1,Theta,2,5.064046126790345e-05,3.0539540603058413e-06,9.623929508961737e-05,4
TPOJ2,Alpha,1,0.001007823389954865,0.00016026695084292442,0.0021341864485293627,6
TPOJ2,Alpha,2,0.0005203532637096941,8.024189446587116e-05,0.0010471512796357274,6
TPOJ2,Beta,1,0.002544405637308955,-0.0007286571781150997,0.006786820013076067,6
TPOJ2,Beta,2,1.3239991858426947e-05,-0.000309808790916577,0.00030977875576354563,6
TPOJ2,Delta,1,0.00011683500633807853,-0.00022001047909725457,0.0004435909213498235,6
TPOJ2,Delta,2,-2.689409302547574e-05,-0.00016171408060472459,0.00011488777818158269,6
TPOJ2,GammaH,1,6.0979986301390454e-05,-9.902354941004887e-05,0.0001833207643358037,6
TPOJ2,GammaH,2,0.0005644518532790244,-3.183809531037696e-05,0.0011605016188696027,6
TPOJ2,GammaL,1,0.000510089797899127,9.586341911926866e-05,0.0009277468197979033,6
TPOJ2,GammaL,2,8.036079088924453e-05,-0.00010549944272497669,0.00022615228954236954,6
TPOJ2,Ripple,1,0.000705690763425082,-0.0001534625916974619,0.0015914555406197906,6
TPOJ2,Ripple,2,0.0006605078815482557,-0.00013782184396404773,0.001935862354002893,6
TPOJ2,Theta,1,0.00022745276510249823,-5.885282371309586e-05,0.0005286448867991567,6
TPOJ2,Theta,2,6.410494825104252e-05,-7.265337626449764e-05,0.00027001206763088703,6
TPOJ3,Alpha,1,0.0004018918261863291,0.0004018918261863291,0.0004018918261863291,1
TPOJ3,Alpha,2,2.0081817638128996e-05,2.0081817638128996e-05,2.0081817638128996e-05,1
TPOJ3,Beta,1,0.00011743125651264563,0.00011743125651264563,0.00011743125651264563,1
TPOJ3,Beta,2,-0.00011204984912183136,-0.00011204984912183136,-0.00011204984912183136,1
TPOJ3,Delta,1,-2.328620757907629e-05,-2.328620757907629e-05,-2.328620757907629e-05,1
TPOJ3,Delta,2,0.00011301528866169974,0.00011301528866169974,0.00011301528866169974,1
TPOJ3,GammaH,1,0.0020331074483692646,0.0020331074483692646,0.0020331074483692646,1
TPOJ3,GammaH,2,0.00039380582165904343,0.00039380582165904343,0.00039380582165904343,1
TPOJ3,GammaL,1,0.00029412051662802696,0.00029412051662802696,0.00029412051662802696,1
TPOJ3,GammaL,2,0.000246669165790081,0.000246669165790081,0.000246669165790081,1
TPOJ3,Ripple,1,3.42043349519372e-05,3.42043349519372e-05,3.42043349519372e-05,1
TPOJ3,Ripple,2,0.00015880385763011873,0.00015880385763011873,0.00015880385763011873,1
TPOJ3,Theta,1,0.0001292526867473498,0.0001292526867473498,0.0001292526867473498,1
TPOJ3,Theta,2,-0.00013888606918044388,-0.00013888606918044388,-0.00013888606918044388,1
V1,Alpha,1,0.000235238199820742,1.4301016562967561e-05,0.0004951049922965467,5
V1,Alpha,2,0.00015002321742940694,-0.00010021743219112977,0.000515421328600496,5
V1,Beta,1,1.947332566487603e-05,-0.00022946446551941335,0.00026431994047015905,5
V1,Beta,2,0.0010681042913347483,0.0002748708357103169,0.001682068221271038,5
V1,Delta,1,-5.3888092224951833e-05,-0.0003544782812241465,0.00013489853881765157,5
V1,Delta,2,0.00011745272058760747,-9.152059647021815e-05,0.0003287202271167189,5
V1,GammaH,1,0.0013837746810168028,-9.389342449139804e-05,0.0024592990521341562,5
V1,GammaH,2,0.0002684648788999766,1.5175808584899642e-05,0.00046961745829321444,5
V1,GammaL,1,3.6666147934738547e-05,-0.0007529336144216359,0.0006664281245321035,5
V1,GammaL,2,0.00044929413706995547,-0.0006226534023880959,0.0015618766192346811,5
V1,Ripple,1,0.0001390651596011594,-4.007662573712878e-05,0.0003500983293633908,5
V1,Ripple,2,0.0025061997584998608,-7.5560063123703e-05,0.005844066850841045,5
V1,Theta,1,-4.4654276280198246e-05,-0.00011377070040907711,4.641763007384725e-05,5
V1,Theta,2,-5.391153899836354e-05,-0.00038297707214951515,0.00017124674923252314,5
V2,Alpha,1,0.00014026598364580423,-7.733522215858102e-05,0.0002999139833264053,5
V2,Alpha,2,0.0013273402582854033,0.0003584987425711006,0.0022961818613111973,5
V2,Beta,1,0.00023590335331391543,-1.5029683709144592e-05,0.0004708722699433565,5
V2,Beta,2,2.1213540094322525e-05,-0.00014340135385282338,0.00016499761841259897,5
V2,Delta,1,5.447068178909831e-05,1.3492268408299424e-05,0.00010909163393080235,5
V2,Delta,2,-0.00010877271415665746,-0.00030779364169575274,9.024820610648021e-05,5
V2,GammaH,1,0.0007575617055408657,-0.0007394584827125072,0.002451777458190918,5
V2,GammaH,2,0.0001461356587242335,-0.00013379589654505253,0.00037356297252699733,5
V2,GammaL,1,0.0001037072142935358,-0.00011170814104843885,0.0003684811817947775,5
V2,GammaL,2,0.0005499654798768461,-1.2200209766888293e-06,0.0011095462832599878,5
V2,Ripple,1,-7.893187284935266e-05,-0.00047928938874974847,0.00027580023743212223,5
V2,Ripple,2,-0.0007261370774358511,-0.0018474325770512223,0.000374017923604697,5
V2,Theta,1,0.00021498366550076753,-0.00017363266670145094,0.0006634859018959105,5
V2,Theta,2,0.00022851703397464007,4.651299968827516e-05,0.0004329756775405258,5
V3,Alpha,1,-0.00012565089855343103,-0.00012565089855343103,-0.00012565089855343103,1
V3,Alpha,2,0.00012068904470652342,0.00012068904470652342,0.00012068904470652342,1
V3,Beta,1,0.00013730686623603106,0.00013730686623603106,0.00013730686623603106,1
V3,Beta,2,-2.557865809649229e-05,-2.557865809649229e-05,-2.557865809649229e-05,1
V3,Delta,1,0.0009279166115447879,0.0009279166115447879,0.0009279166115447879,1
V3,Delta,2,0.0001614434877410531,0.0001614434877410531,0.0001614434877410531,1
V3,GammaH,1,-3.798391844611615e-05,-3.798391844611615e-05,-3.798391844611615e-05,1
V3,GammaH,2,0.0002496144734323025,0.0002496144734323025,0.0002496144734323025,1
V3,GammaL,1,0.0004715071991086006,0.0004715071991086006,0.0004715071991086006,1
V3,GammaL,2,0.00020246021449565887,0.00020246021449565887,0.00020246021449565887,1
V3,Ripple,1,-0.00024310231674462557,-0.00024310231674462557,-0.00024310231674462557,1
V3,Ripple,2,0.00013182911789044738,0.00013182911789044738,0.00013182911789044738,1
V3,Theta,1,-0.00033580115996301174,-0.00033580115996301174,-0.00033580115996301174,1
V3,Theta,2,0.0018153388518840075,0.0018153388518840075,0.0018153388518840075,1
V3A,Alpha,1,6.638315971940756e-05,6.638315971940756e-05,6.638315971940756e-05,1
V3A,Alpha,2,-4.5630906242877245e-05,-4.5630906242877245e-05,-4.5630906242877245e-05,1
V3A,Beta,1,-4.342466127127409e-05,-4.342466127127409e-05,-4.342466127127409e-05,1
V3A,Beta,2,0.0004613436758518219,0.0004613436758518219,0.0004613436758518219,1
V3A,Delta,1,0.0007544329855591059,0.0007544329855591059,0.0007544329855591059,1
V3A,Delta,2,0.00019837368745356798,0.00019837368745356798,0.00019837368745356798,1
V3A,GammaH,1,0.00013297810801304877,0.00013297810801304877,0.00013297810801304877,1
V3A,GammaH,2,0.0001838261669036001,0.0001838261669036001,0.0001838261669036001,1
V3A,GammaL,1,4.9238093197345734e-05,4.9238093197345734e-05,4.9238093197345734e-05,1
V3A,GammaL,2,-0.0002594175166450441,-0.0002594175166450441,-0.0002594175166450441,1
V3A,Ripple,1,0.00015653681475669146,0.00015653681475669146,0.00015653681475669146,1
V3A,Ripple,2,0.0006685021799057722,0.0006685021799057722,0.0006685021799057722,1
V3A,Theta,1,0.0002501595299690962,0.0002501595299690962,0.0002501595299690962,1
V3A,Theta,2,0.0006609472329728305,0.0006609472329728305,0.0006609472329728305,1
V3CD,Alpha,1,0.0012378289829939604,0.0012378289829939604,0.0012378289829939604,1
V3CD,Alpha,2,0.004855762235820293,0.004855762235820293,0.004855762235820293,1
V3CD,Beta,1,0.0019185125129297376,0.0019185125129297376,0.0019185125129297376,1
V3CD,Beta,2,-3.743698471225798e-05,-3.743698471225798e-05,-3.743698471225798e-05,1
V3CD,Delta,1,0.0018774067284539342,0.0018774067284539342,0.0018774067284539342,1
V3CD,Delta,2,0.00010025886876974255,0.00010025886876974255,0.00010025886876974255,1
V3CD,GammaH,1,2.365466207265854e-05,2.365466207265854e-05,2.365466207265854e-05,1
V3CD,GammaH,2,0.00036319447099231184,0.00036319447099231184,0.00036319447099231184,1
V3CD,GammaL,1,-4.624700522981584e-05,-4.624700522981584e-05,-4.624700522981584e-05,1
V3CD,GammaL,2,7.337085116887465e-05,7.337085116887465e-05,7.337085116887465e-05,1
V3CD,Ripple,1,0.0038689039647579193,0.0038689039647579193,0.0038689039647579193,1
V3CD,Ripple,2,6.782609125366434e-05,6.782609125366434e-05,6.782609125366434e-05,1
V3CD,Theta,1,-0.00015375623479485512,-0.00015375623479485512,-0.00015375623479485512,1
V3CD,Theta,2,8.508050814270973e-05,8.508050814270973e-05,8.508050814270973e-05,1
V4,Alpha,1,0.0006169567350298166,0.0006169567350298166,0.0006169567350298166,1
V4,Alpha,2,0.0017327857203781605,0.0017327857203781605,0.0017327857203781605,1
V4,Beta,1,7.868418470025063e-05,7.868418470025063e-05,7.868418470025063e-05,1
V4,Beta,2,0.00014209153596311808,0.00014209153596311808,0.00014209153596311808,1
V4,Delta,1,0.0001225366722792387,0.0001225366722792387,0.0001225366722792387,1
V4,Delta,2,9.416541433893144e-05,9.416541433893144e-05,9.416541433893144e-05,1
V4,GammaH,1,-8.581532165408134e-05,-8.581532165408134e-05,-8.581532165408134e-05,1
V4,GammaH,2,0.0011532532516866922,0.0011532532516866922,0.0011532532516866922,1
V4,GammaL,1,-4.999834345653653e-05,-4.999834345653653e-05,-4.999834345653653e-05,1
V4,GammaL,2,4.736534901894629e-05,4.736534901894629e-05,4.736534901894629e-05,1
V4,Ripple,1,0.0032536075450479984,0.0032536075450479984,0.0032536075450479984,1
V4,Ripple,2,-0.00023282004985958338,-0.00023282004985958338,-0.00023282004985958338,1
V4,Theta,1,-0.00010373996337875724,-0.00010373996337875724,-0.00010373996337875724,1
V4,Theta,2,-0.00023236474953591824,-0.00023236474953591824,-0.00023236474953591824,1
V6,Alpha,1,0.001334084663540125,0.00029508431907743216,0.0033840436954051256,3
V6,Alpha,2,4.712944428320043e-05,-0.0007125906995497644,0.0009106998331844807,3
V6,Beta,1,0.0006358494865708053,-7.110225851647556e-05,0.0010837004519999027,3
V6,Beta,2,-7.986847049323842e-05,-0.0002007271978072822,-1.7044192645698786e-05,3
V6,Delta,1,5.5630258430028334e-05,-5.303038051351905e-05,0.00013963527453597635,3
V6,Delta,2,-4.001380875706673e-05,-0.00020615983521565795,6.536446744576097e-05,3
V6,GammaH,1,0.0002913069911301136,9.248618152923882e-05,0.0006565507501363754,3
V6,GammaH,2,0.0005324039957486093,-0.0002811090089380741,0.002084865001961589,3
V6,GammaL,1,-8.434602204943076e-05,-0.000213551742490381,-9.61453770287335e-06,3
V6,GammaL,2,0.00017617327102925628,5.752325523644686e-05,0.00023749379033688456,3
V6,Ripple,1,6.854128878330812e-05,-6.224383832886815e-05,0.00021087360801175237,3
V6,Ripple,2,0.0001120977321988903,-0.00017880619270727038,0.00028688771999441087,3
V6,Theta,1,0.00031019182642921805,0.00011737056775018573,0.0006699867662973702,3
V6,Theta,2,0.00021295645274221897,-4.298985004425049e-06,0.00040089478716254234,3
V7,Alpha,1,0.0030640196055173874,0.0030640196055173874,0.0030640196055173874,1
V7,Alpha,2,0.0009321397519670427,0.0009321397519670427,0.0009321397519670427,1
V7,Beta,1,-3.7494632124435157e-05,-3.7494632124435157e-05,-3.7494632124435157e-05,1
V7,Beta,2,-1.2791366316378117e-05,-1.2791366316378117e-05,-1.2791366316378117e-05,1
V7,Delta,1,0.00012947387585882097,0.00012947387585882097,0.00012947387585882097,1
V7,Delta,2,0.0005662500625476241,0.0005662500625476241,0.0005662500625476241,1
V7,GammaH,1,-5.1750801503658295e-05,-5.1750801503658295e-05,-5.1750801503658295e-05,1
V7,GammaH,2,9.440269786864519e-05,9.440269786864519e-05,9.440269786864519e-05,1
V7,GammaL,1,5.5658339988440275e-05,5.5658339988440275e-05,5.5658339988440275e-05,1
V7,GammaL,2,-3.5334669519215822e-06,-3.5334669519215822e-06,-3.5334669519215822e-06,1
V7,Ripple,1,-0.0009545789798721671,-0.0009545789798721671,-0.0009545789798721671,1
V7,Ripple,2,-0.00024910876527428627,-0.00024910876527428627,-0.00024910876527428627,1
V7,Theta,1,6.075241253711283e-05,6.075241253711283e-05,6.075241253711283e-05,1
V7,Theta,2,-0.00017576687969267368,-0.00017576687969267368,-0.00017576687969267368,1
VMV1,Alpha,1,9.31618851609528e-05,-0.0001753039687173441,0.00042066219612024724,3
VMV1,Alpha,2,-6.000482244417071e-06,-0.0003042836324311793,0.00019759067799896002,3
VMV1,Beta,1,-0.0003347888996358961,-0.000985418912023306,0.00020252873946446925,3
VMV1,Beta,2,-0.0011411835439503193,-0.003044449957087636,0.0015993495471775532,3
VMV1,Delta,1,0.001351526821963489,-0.0006443859310820699,0.004130902700126171,3
VMV1,Delta,2,0.002343628089874983,0.00047144736163318157,0.005105790216475725,3
VMV1,GammaH,1,-2.434797897876706e-05,-0.00026322936173528433,0.0001265941100427881,3
VMV1,GammaH,2,7.85629017627798e-05,-0.0005391133017838001,0.0007983792456798255,3
VMV1,GammaL,1,-2.1653240764862858e-05,-0.0002613428223412484,0.0002473489148542285,3
VMV1,GammaL,2,0.00019773859821725637,-0.0008063463610596955,0.0009484950569458306,3
VMV1,Ripple,1,-4.033041841466911e-05,-6.549071258632466e-05,-3.372610080987215e-06,3
VMV1,Ripple,2,0.0001321660674875602,-0.0002612181124277413,0.0004464993253350258,3
VMV1,Theta,1,0.0012300946982577443,0.00013023517385590822,0.0034186504781246185,3
VMV1,Theta,2,0.0001190619877888821,-0.00014310976257547736,0.0005088361795060337,3
VMV2,Alpha,1,0.00037761108251288533,0.00037761108251288533,0.00037761108251288533,1
VMV2,Alpha,2,0.00015855615492910147,0.00015855615492910147,0.00015855615492910147,1
VMV2,Beta,1,-0.00016332189261447638,-0.00016332189261447638,-0.00016332189261447638,1
VMV2,Beta,2,0.002155509078875184,0.002155509078875184,0.002155509078875184,1
VMV2,Delta,1,0.0016304925084114075,0.0016304925084114075,0.0016304925084114075,1
VMV2,Delta,2,0.0026911767199635506,0.0026911767199635506,0.0026911767199635506,1
VMV2,GammaH,1,8.885836723493412e-05,8.885836723493412e-05,8.885836723493412e-05,1
VMV2,GammaH,2,-4.1722465539351106e-05,-4.1722465539351106e-05,-4.1722465539351106e-05,1
VMV2,GammaL,1,0.0013602058170363307,0.0013602058170363307,0.0013602058170363307,1
VMV2,GammaL,2,0.0032760659232735634,0.0032760659232735634,0.0032760659232735634,1
VMV2,Ripple,1,-0.00016285738092847168,-0.00016285738092847168,-0.00016285738092847168,1
VMV2,Ripple,2,0.0007329708896577358,0.0007329708896577358,0.0007329708896577358,1
VMV2,Theta,1,0.0066183083690702915,0.0066183083690702915,0.0066183083690702915,1
VMV2,Theta,2,-5.9631362091749907e-05,-5.9631362091749907e-05,-5.9631362091749907e-05,1
VMV3,Alpha,1,0.0006552806007675827,0.0006552806007675827,0.0006552806007675827,1
VMV3,Alpha,2,0.0043558403849601746,0.0043558403849601746,0.0043558403849601746,1
VMV3,Beta,1,-9.717229113448411e-05,-9.717229113448411e-05,-9.717229113448411e-05,1
VMV3,Beta,2,-0.0007159191882237792,-0.0007159191882237792,-0.0007159191882237792,1
VMV3,Delta,1,0.00029130629263818264,0.00029130629263818264,0.00029130629263818264,1
VMV3,Delta,2,0.00017509222379885614,0.00017509222379885614,0.00017509222379885614,1
VMV3,GammaH,1,-2.1181156625971198e-05,-2.1181156625971198e-05,-2.1181156625971198e-05,1
VMV3,GammaH,2,0.0006085038185119629,0.0006085038185119629,0.0006085038185119629,1
VMV3,GammaL,1,-8.005874406080693e-05,-8.005874406080693e-05,-8.005874406080693e-05,1
VMV3,GammaL,2,9.43048216868192e-05,9.43048216868192e-05,9.43048216868192e-05,1
VMV3,Ripple,1,0.0004615181824192405,0.0004615181824192405,0.0004615181824192405,1
VMV3,Ripple,2,0.0023893783800303936,0.0023893783800303936,0.0023893783800303936,1
VMV3,Theta,1,-0.0002506696037016809,-0.0002506696037016809,-0.0002506696037016809,1
VMV3,Theta,2,-5.594993126578629e-05,-5.594993126578629e-05,-5.594993126578629e-05,1
VVC,Alpha,1,0.0025592027232050896,0.0017201430164277554,0.003520125523209572,4
VVC,Alpha,2,0.002724659163504839,0.0011764797382056713,0.004272838588804007,4
VVC,Beta,1,0.0003687773132696748,-0.00010055916209239513,0.0009582536295056343,4
VVC,Beta,2,0.006737104617059231,0.0023206286132335663,0.011652596294879913,4
VVC,Delta,1,0.025699205696582794,0.017456918954849243,0.033941492438316345,4
VVC,Delta,2,0.0035192598588764668,0.0011997348628938198,0.005838784389197826,4
VVC,GammaH,1,0.00021210065460763872,-7.82081187935546e-05,0.0005973323131911457,4
VVC,GammaH,2,0.0006306321010924876,0.00010903956717811525,0.0011522246059030294,4
VVC,GammaL,1,0.004758139606565237,0.0015416231472045183,0.0079746562987566,4
VVC,GammaL,2,0.0012174306903034449,0.0006131463451310992,0.0018217151518911123,4
VVC,Ripple,1,-0.0005722572095692158,-0.0015984030906111002,0.0003342394484207034,4
VVC,Ripple,2,0.0007588945445604622,0.00017606993787921965,0.001341719296760857,4
VVC,Theta,1,0.004854906350374222,0.003648018464446068,0.005920432507991791,4
VVC,Theta,2,0.001847175182774663,0.0005076347151771188,0.0027877818793058395,4
a24,Alpha,1,0.0011232953984290361,1.4823031960986555e-05,0.0024531125091016293,4
a24,Alpha,2,0.002035471610724926,0.00047501339577138424,0.004419020842760801,4
a24,Beta,1,2.4409382604062557e-05,-9.30834430619143e-05,0.0001304725301451981,4
a24,Beta,2,-0.00015892338706180453,-0.00027948751812800765,-3.835922689177096e-05,4
a24,Delta,1,0.0001287875056732446,-0.0001792378316167742,0.00031523004872724414,4
a24,Delta,2,-3.314846253488213e-06,-4.640830957214348e-05,3.550899782567285e-05,4
a24,GammaH,1,-0.0005855405470356345,-0.001024902332574129,-5.891759064979851e-05,4
a24,GammaH,2,0.0009493203833699226,0.0003363649011589587,0.0015245908871293068,4
a24,GammaL,1,0.00034664670238271356,-0.0002101593418046832,0.0012781493132933974,4
a24,GammaL,2,0.0008066900772973895,0.00023490337480325252,0.0012485850602388382,4
a24,Ripple,1,0.0038739670999348164,-0.0007799438899382949,0.010687158443033695,4
a24,Ripple,2,8.412156603299081e-06,-0.000510865356773138,0.0005887735169380903,4
a24,Theta,1,0.0009038016432896256,0.00043408595956861973,0.0013735173270106316,4
a24,Theta,2,-2.3130938643589616e-05,-5.8832840295508504e-05,1.913780579343438e-05,4
a24pr,Alpha,1,0.0003082056937273592,-8.218921720981598e-07,0.0007192979101091623,3
a24pr,Alpha,2,-5.649946160701802e-06,-0.00015250721480697393,0.0002018531085923314,3
a24pr,Beta,1,1.1463765986263752e-05,-0.00016997929196804762,0.00030891760252416134,3
a24pr,Beta,2,-3.1361079891212285e-05,-7.105455733835697e-05,1.4134944649413228e-05,3
a24pr,Delta,1,-3.1724979635328054e-05,-0.00015092460671439767,6.689253496006131e-05,3
a24pr,Delta,2,0.00035982063855044544,-6.718200165778399e-05,0.0010824739001691341,3
a24pr,GammaH,1,-0.00017220906738657504,-0.0002825999108608812,-3.087462391704321e-05,3
a24pr,GammaH,2,6.22489969828166e-05,-2.4460256099700928e-05,0.00020551924535539,3
a24pr,GammaL,1,-0.001530459732748568,-0.0035729659721255302,0.00023202481679618359,3
a24pr,GammaL,2,0.0007233829237520695,0.00038661365397274494,0.0009447138290852308,3
a24pr,Ripple,1,0.00015954366244841367,-0.00024339300580322742,0.0005053827771916986,3
a24pr,Ripple,2,0.00017752742860466242,0.00014937808737158775,0.00021780352108180523,3
a24pr,Theta,1,0.0014331783168017864,0.00026381248608231544,0.002962534548714757,3
a24pr,Theta,2,0.00023735458671581,-2.1291198208928108e-05,0.0007076991605572402,3
a32pr,Alpha,1,0.0029516795184463263,0.0008445827406831086,0.006756932940334082,3
a32pr,Alpha,2,9.177541505778208e-05,-0.00027801893884316087,0.00033065295428968966,3
a32pr,Beta,1,-0.0009518180158920586,-0.004700385965406895,0.001121950102970004,3
a32pr,Beta,2,-0.0001471947180107236,-0.001001764670945704,0.0005104774027131498,3
a32pr,Delta,1,0.00011129670747322962,-0.0001401036570314318,0.00030373880872502923,3
a32pr,Delta,2,7.756383274681866e-05,-0.00023251405218616128,0.00040002402965910733,3
a32pr,GammaH,1,-0.0004362912441138178,-0.0014203352620825171,0.0002617113059386611,3
a32pr,GammaH,2,0.0002792325976770371,0.00011104819714091718,0.00036488930345512927,3
a32pr,GammaL,1,-0.00010087478585774079,-0.0006420665304176509,0.00021275028120726347,3
a32pr,GammaL,2,0.000448623817646876,-0.0005844422266818583,0.0014912855112925172,3
a32pr,Ripple,1,9.825693996390328e-05,-0.00013594422489404678,0.00026511307805776596,3
a32pr,Ripple,2,-0.0004709756176453084,-0.0016318311681970954,0.0002025360445259139,3
a32pr,Theta,1,-0.0006445411709137261,-0.002076086588203907,0.0001302687160205096,3
a32pr,Theta,2,0.00038419172051362693,-3.8653917727060616e-05,0.0012151800328865647,3
a47r,Alpha,1,0.00038684593164362013,-1.6712292563170195e-06,0.0008046890143305063,4
a47r,Alpha,2,0.0003375859814696014,-0.00014076990191824734,0.0009477651910856366,4
a47r,Beta,1,0.0005127269541844726,7.97154352767393e-05,0.0009457384003326297,4
a47r,Beta,2,-0.00030651892302557826,-0.0008217081194743514,0.0006199585623107851,4
a47r,Delta,1,-0.000515892228577286,-0.0029069622978568077,0.0011506880400702357,4
a47r,Delta,2,0.0006479015573859215,-0.0005964955780655146,0.0018922986928373575,4
a47r,GammaH,1,0.0005083028227090836,-0.000373808026779443,0.0011420322116464376,4
a47r,GammaH,2,0.000562378903850913,-0.00037165352841839194,0.0014964112779125571,4
a47r,GammaL,1,0.00029235397232696414,-0.00017749378457665443,0.0007691339123994112,4
a47r,GammaL,2,-0.0003581505152396858,-0.0030990473460406065,0.0015808329917490482,4
a47r,Ripple,1,0.00015062803868204355,-0.0002103483711834997,0.0005116044776514173,4
a47r,Ripple,2,0.002230699174106121,0.0011983208823949099,0.003263077698647976,4
a47r,Theta,1,0.0016633013729006052,0.00040018255822360516,0.00313080963678658,4
a47r,Theta,2,5.920972034800798e-05,-0.000663090730085969,0.0007172472542151809,4
d23ab,Alpha,1,0.00280957599170506,0.00015592039562761784,0.007329970598220825,3
d23ab,Alpha,2,0.01009347103536129,0.0016848817467689514,0.02471616305410862,3
d23ab,Beta,1,0.00011228016956010833,6.168071558931842e-05,0.00016902839706745,3
d23ab,Beta,2,-9.840319989962154e-07,-9.385962766828015e-05,8.274337596958503e-05,3
d23ab,Delta,1,3.779976395890117e-05,-0.00011286648805253208,0.00029507928411476314,3
d23ab,Delta,2,-6.968367233639583e-05,-9.180306369671598e-05,-4.096880365977995e-05,3
d23ab,GammaH,1,0.00021228102559689432,-0.00037915678694844246,0.000979323172941804,3
d23ab,GammaH,2,-0.0001920742361107841,-0.0009019001736305654,0.0010613882914185524,3
d23ab,GammaL,1,2.438344199617859e-05,-0.00016825494822114706,0.00016469036927446723,3
d23ab,GammaL,2,1.4880924027238507e-05,-0.0003215353353880346,0.0005393678438849747,3
d23ab,Ripple,1,-0.00010764916078187525,-0.0004407500382512808,0.0003089067176915705,3
d23ab,Ripple,2,9.378848335472867e-05,1.7508311429992318e-05,0.00017324090003967285,3
d23ab,Theta,1,-0.0002264294307678938,-0.0005510144983418286,-6.0374237364158034e-05,3
d23ab,Theta,2,3.1555959139950573e-05,-1.9720231648534536e-05,0.00012026492186123505,3
d32,Alpha,1,-7.084931712597609e-05,-7.084931712597609e-05,-7.084931712597609e-05,1
d32,Alpha,2,-9.81430639512837e-05,-9.81430639512837e-05,-9.81430639512837e-05,1
d32,Beta,1,-7.713952800258994e-05,-7.713952800258994e-05,-7.713952800258994e-05,1
d32,Beta,2,0.0001223525032401085,0.0001223525032401085,0.0001223525032401085,1
d32,Delta,1,-9.416766988579184e-05,-9.416766988579184e-05,-9.416766988579184e-05,1
d32,Delta,2,-8.123247243929654e-05,-8.123247243929654e-05,-8.123247243929654e-05,1
d32,GammaH,1,-5.2169489208608866e-05,-5.2169489208608866e-05,-5.2169489208608866e-05,1
d32,GammaH,2,6.219590432010591e-05,6.219590432010591e-05,6.219590432010591e-05,1
d32,GammaL,1,-7.331068627536297e-05,-7.331068627536297e-05,-7.331068627536297e-05,1
d32,GammaL,2,-5.3192838095128536e-05,-5.3192838095128536e-05,-5.3192838095128536e-05,1
d32,Ripple,1,8.464441634714603e-05,8.464441634714603e-05,8.464441634714603e-05,1
d32,Ripple,2,-8.636823622509837e-05,-8.636823622509837e-05,-8.636823622509837e-05,1
d32,Theta,1,2.958858385682106e-05,2.958858385682106e-05,2.958858385682106e-05,1
d32,Theta,2,-7.039867341518402e-05,-7.039867341518402e-05,-7.039867341518402e-05,1
i6-8,Alpha,1,-0.0008484069257974625,-0.0008484069257974625,-0.0008484069257974625,1
i6-8,Alpha,2,0.0014474540948867798,0.0014474540948867798,0.0014474540948867798,1
i6-8,Beta,1,0.0013185665011405945,0.0013185665011405945,0.0013185665011405945,1
i6-8,Beta,2,0.005713356658816338,0.005713356658816338,0.005713356658816338,1
i6-8,Delta,1,0.001705915667116642,0.001705915667116642,0.001705915667116642,1
i6-8,Delta,2,0.0007643047720193863,0.0007643047720193863,0.0007643047720193863,1
i6-8,GammaH,1,-0.004448052495718002,-0.004448052495718002,-0.004448052495718002,1
i6-8,GammaH,2,0.004665855318307877,0.004665855318307877,0.004665855318307877,1
i6-8,GammaL,1,0.0016338396817445755,0.0016338396817445755,0.0016338396817445755,1
i6-8,GammaL,2,0.0016394983977079391,0.0016394983977079391,0.0016394983977079391,1
i6-8,Ripple,1,0.005424927920103073,0.005424927920103073,0.005424927920103073,1
i6-8,Ripple,2,0.007508060894906521,0.007508060894906521,0.007508060894906521,1
i6-8,Theta,1,0.03355516865849495,0.03355516865849495,0.03355516865849495,1
i6-8,Theta,2,-0.002191217616200447,-0.002191217616200447,-0.002191217616200447,1
p24,Alpha,1,0.00015982610057108104,-9.734343620948493e-05,0.00044166785664856434,4
p24,Alpha,2,-5.581279401667416e-05,-0.0008233571425080299,0.000522052519954741,4
p24,Beta,1,-0.0001316279813181609,-0.0006978677120059729,0.00031571020372211933,4
p24,Beta,2,8.264995267381892e-05,-0.001605912228114903,0.0012046953197568655,4
p24,Delta,1,-0.0003627084370236844,-0.0010354353580623865,0.00017154996749013662,4
p24,Delta,2,9.547933586873114e-05,-5.183275789022446e-05,0.0002713504363782704,4
p24,GammaH,1,-0.00010750815999926999,-0.00037573528243228793,0.00014124746667221189,4
p24,GammaH,2,-0.00013433881395030767,-0.0003658659989014268,6.618649058509618e-05,4
p24,GammaL,1,0.000157432776177302,4.2603351175785065e-05,0.0002813978062476963,4
p24,GammaL,2,5.199160659685731e-05,-0.00010365346679463983,0.00022820159210823476,4
p24,Ripple,1,-1.5763485862407833e-05,-0.00011188994540134445,5.8391859056428075e-05,4
p24,Ripple,2,-0.0001058312482200563,-0.00022412088583223522,-2.6793457436724566e-05,4
p24,Theta,1,1.8626531527843326e-05,-0.00010318915883544832,0.0001438447943655774,4
p24,Theta,2,0.00042980583384633064,0.00014796901086810976,0.0009377446258440614,4
p24pr,Alpha,1,0.0002769103448372334,1.1439714398875367e-05,0.0005544836749322712,5
p24pr,Alpha,2,0.0016428104136139154,0.00022978111519478261,0.003760655177757144,5
p24pr,Beta,1,0.001059505739249289,-0.0003256024210713804,0.0030878789257258177,5
p24pr,Beta,2,0.0005840527592226863,0.00011839057697216049,0.001358887180685997,5
p24pr,Delta,1,0.00010173516056966037,-0.0002020540414378047,0.00040622014785185456,5
p24pr,Delta,2,-0.00032199823181144893,-0.0009813490323722363,0.00014124596782494336,5
p24pr,GammaH,1,0.0007595218485221267,-0.00028622819809243083,0.0015053487149998546,5
p24pr,GammaH,2,0.0004085799737367779,-0.0001636388769838959,0.0008603658643551171,5
p24pr,GammaL,1,-3.275761264376342e-05,-0.0004446761740837246,0.00030714517924934626,5
p24pr,GammaL,2,-0.0006004664464853704,-0.0024090141523629427,0.0008323129150085151,5
p24pr,Ripple,1,-6.5501117205712944e-06,-0.0002135670220013708,0.00016859642346389592,5
p24pr,Ripple,2,0.00020919083908665925,-0.00019458358292467892,0.0008004787378013134,5
p24pr,Theta,1,0.00013132314779795706,-4.785212149727158e-05,0.0004006800299976021,5
p24pr,Theta,2,2.9171118512749672e-05,-0.0011999530252069235,0.0010075445752590895,5
p32,Alpha,1,0.002945471787825227,0.002945471787825227,0.002945471787825227,1
p32,Alpha,2,0.007270407862961292,0.007270407862961292,0.007270407862961292,1
p32,Beta,1,0.005788099952042103,0.005788099952042103,0.005788099952042103,1
p32,Beta,2,-0.00014076114166527987,-0.00014076114166527987,-0.00014076114166527987,1
p32,Delta,1,-0.00015097111463546753,-0.00015097111463546753,-0.00015097111463546753,1
p32,Delta,2,5.335405876394361e-05,5.335405876394361e-05,5.335405876394361e-05,1
p32,GammaH,1,-3.926831413991749e-05,-3.926831413991749e-05,-3.926831413991749e-05,1
p32,GammaH,2,0.00022044661454856396,0.00022044661454856396,0.00022044661454856396,1
p32,GammaL,1,0.00011378145427443087,0.00011378145427443087,0.00011378145427443087,1
p32,GammaL,2,0.0005022130790166557,0.0005022130790166557,0.0005022130790166557,1
p32,Ripple,1,4.096889460925013e-05,4.096889460925013e-05,4.096889460925013e-05,1
p32,Ripple,2,3.408309567021206e-06,3.408309567021206e-06,3.408309567021206e-06,1
p32,Theta,1,-4.093829193152487e-05,-4.093829193152487e-05,-4.093829193152487e-05,1
p32,Theta,2,4.9842812586575747e-05,4.9842812586575747e-05,4.9842812586575747e-05,1
p32pr,Alpha,1,0.0007138117216527462,-0.0006623601075261831,0.0016567475395277143,3
p32pr,Alpha,2,0.00016692969074938446,6.394647061824799e-05,0.00024053275410551578,3
p32pr,Beta,1,0.001036941190250218,0.0005938061513006687,0.001463509164750576,3
p32pr,Beta,2,6.679979560431093e-05,-1.565448474138975e-05,0.00017060368554666638,3
p32pr,Delta,1,0.0001052689622156322,7.155864295782521e-05,0.0001563240948598832,3
p32pr,Delta,2,0.0010665409499779344,-5.320107447914779e-05,0.0030743603128939867,3
p32pr,GammaH,1,-0.00012827955652028322,-0.0003424198366701603,0.00012457869888748974,3
p32pr,GammaH,2,6.940557068446651e-05,-8.175873517757282e-05,0.00030928291380405426,3
p32pr,GammaL,1,0.0003023757308255881,9.546591900289059e-05,0.0005080331466160715,3
p32pr,GammaL,2,-0.0002589284267742187,-0.0005111975478939712,6.516650319099426e-05,3
p32pr,Ripple,1,0.00012675167818088084,1.9782339222729206e-05,0.00020628997299354523,3
p32pr,Ripple,2,0.00015604203508701175,-0.00013071262219455093,0.0005419894005171955,3
p32pr,Theta,1,0.0002378165809204802,0.0001616006629774347,0.00032571880728937685,3
p32pr,Theta,2,3.284347985754721e-05,-5.42736379429698e-05,0.0001665619929553941,3
p47r,Alpha,1,0.00472225109115243,0.0020334352739155293,0.009745810180902481,3
p47r,Alpha,2,0.008296913467347622,0.0026152448263019323,0.018586311489343643,3
p47r,Beta,1,0.0006050924421288073,-6.487325299531221e-05,0.0014177588745951653,3
p47r,Beta,2,0.0007697499240748584,4.4042099034413695e-05,0.0019257091917097569,3
p47r,Delta,1,7.88089819252491e-05,-0.0001488769194111228,0.0002176663838326931,3
p47r,Delta,2,-2.1609666873700917e-05,-0.00020203011808916926,0.00017676595598459244,3
p47r,GammaH,1,0.0010156272910535336,-0.0015346268191933632,0.0034615856129676104,3
p47r,GammaH,2,0.0007728307391516864,3.813591320067644e-06,0.0017115160590037704,3
p47r,GammaL,1,2.1980513338348828e-05,-0.0001768914080457762,0.00022153528698254377,3
p47r,GammaL,2,0.0006964147905819118,0.00022591149900108576,0.0015334092313423753,3
p47r,Ripple,1,0.0018542432226240635,-0.0001729727373458445,0.0032152263447642326,3
p47r,Ripple,2,0.0002502750139683485,2.610776573419571e-05,0.0004994336632080376,3
p47r,Theta,1,0.00015106373757589608,6.515796121675521e-05,0.00027312999009154737,3
p47r,Theta,2,0.0007855144795030355,0.00022373581305146217,0.0016090857097879052,3
p9-46v,Alpha,1,0.005609074607491493,-0.011209230870008469,0.023832611739635468,4
p9-46v,Alpha,2,0.0052686287090182304,-0.004983569495379925,0.015520826913416386,4
p9-46v,Beta,1,-2.6357811293564737e-05,-0.0009621334029361606,0.0006528582307510078,4
p9-46v,Beta,2,9.61294281296432e-05,7.619761163368821e-06,0.00020637348643504083,4
p9-46v,Delta,1,0.03407609835267067,0.002895740792155266,0.06525645405054092,4
p9-46v,Delta,2,0.002588561736047268,0.0004820553585886955,0.00469506811350584,4
p9-46v,GammaH,1,1.2656004400923848e-05,-0.0001692586811259389,0.0003193787415511906,4
p9-46v,GammaH,2,0.0009188129333779216,0.00023320561740547419,0.002221614122390747,4
p9-46v,GammaL,1,0.0007609485764987767,0.00048288318794220686,0.0010390139650553465,4
p9-46v,GammaL,2,0.00019575312035158277,-0.00018608151003718376,0.000650643662083894,4
p9-46v,Ripple,1,0.00043775938684120774,0.00029881781665608287,0.0005626996280625463,4
p9-46v,Ripple,2,0.00010037311585620046,-9.535494609735906e-05,0.0002530129568185657,4
p9-46v,Theta,1,-0.0012320706155151129,-0.002286642324179411,-0.0002746228128671646,4
p9-46v,Theta,2,0.00032861786894500256,2.155880065402016e-05,0.0006638432387262583,4
s32,Alpha,1,0.016434844583272934,0.016403544694185257,0.01646614447236061,2
s32,Alpha,2,0.01167717482894659,0.008702684193849564,0.014651665464043617,2
s32,Beta,1,9.249025606550276e-05,-0.000620495353359729,0.0008054758654907346,2
s32,Beta,2,0.00026462593814358115,1.5765370335429907e-05,0.0005134865059517324,2
s32,Delta,1,-0.0008923098212108016,-0.0018598749302327633,7.5255346018821e-05,2
s32,Delta,2,0.0006014376413077116,0.0004401234327815473,0.0007627519080415368,2
s32,GammaH,1,0.0012749738525599241,0.0007499303901568055,0.0018000173149630427,2
s32,GammaH,2,0.0018572956323623657,0.0008307902025990188,0.0028838010039180517,2
s32,GammaL,1,-0.00011943152640014887,-0.00032874674070626497,8.988368790596724e-05,2
s32,GammaL,2,0.001676594140008092,0.0006053631659597158,0.002747825114056468,2
s32,Ripple,1,4.106905544176698e-05,-0.00014831253793090582,0.00023045064881443977,2
s32,Ripple,2,0.00021832442143931985,1.3726057659368962e-05,0.0004229227779433131,2
s32,Theta,1,0.0012377595994621515,0.0010109057184308767,0.0014646134804934263,2
s32,Theta,2,0.0003101980546489358,-0.0003785780572798103,0.0009989741956815124,2
s6-8,Alpha,1,-0.004631174728274345,-0.004631174728274345,-0.004631174728274345,1
s6-8,Alpha,2,0.0017367638647556305,0.0017367638647556305,0.0017367638647556305,1
s6-8,Beta,1,0.0042566959746181965,0.0042566959746181965,0.0042566959746181965,1
s6-8,Beta,2,0.004444614984095097,0.004444614984095097,0.004444614984095097,1
s6-8,Delta,1,-0.00035884417593479156,-0.00035884417593479156,-0.00035884417593479156,1
s6-8,Delta,2,-7.292814552783966e-05,-7.292814552783966e-05,-7.292814552783966e-05,1
s6-8,GammaH,1,-0.0027371905744075775,-0.0027371905744075775,-0.0027371905744075775,1
s6-8,GammaH,2,0.0017882874235510826,0.0017882874235510826,0.0017882874235510826,1
s6-8,GammaL,1,0.0002862936817109585,0.0002862936817109585,0.0002862936817109585,1
s6-8,GammaL,2,-6.710831075906754e-05,-6.710831075906754e-05,-6.710831075906754e-05,1
s6-8,Ripple,1,0.0010357443243265152,0.0010357443243265152,0.0010357443243265152,1
s6-8,Ripple,2,0.0029524508863687515,0.0029524508863687515,0.0029524508863687515,1
s6-8,Theta,1,0.000880279578268528,0.000880279578268528,0.000880279578268528,1
s6-8,Theta,2,-0.001037602312862873,-0.001037602312862873,-0.001037602312862873,1
v23ab,Alpha,1,0.0007379481685347855,-0.0008212707471102476,0.0025269847828894854,4
v23ab,Alpha,2,0.014445575885474682,-0.00236321659758687,0.03664778172969818,4
v23ab,Beta,1,0.005399158224463463,-0.00035454443423077464,0.012046768330037594,4
v23ab,Beta,2,0.0013506489340215921,0.0011701626935973763,0.001521976781077683,4
v23ab,Delta,1,1.984161644941196e-05,-0.00028317508986219764,0.00037944322684779763,4
v23ab,Delta,2,2.6502617402002215e-05,-0.00039506808388978243,0.0005377699853852391,4
v23ab,GammaH,1,-3.1453382689505816e-05,-0.00021534097322728485,0.00015243420784827322,4
v23ab,GammaH,2,-0.0005244910717010498,-0.0015465393662452698,0.0004975572228431702,4
v23ab,GammaL,1,0.0002724482328630984,-0.0006859595887362957,0.0009150448604486883,4
v23ab,GammaL,2,4.2587264033500105e-05,-0.00013352662790566683,0.00018223242659587413,4
v23ab,Ripple,1,0.00012850624625571072,-0.00033918916597031057,0.0006590487319044769,4
v23ab,Ripple,2,0.00048225437058135867,-0.0001501902297604829,0.0015599888283759356,4
v23ab,Theta,1,0.00022984464885666966,-0.00019829953089356422,0.0006579888286069036,4
v23ab,Theta,2,-0.00021655429736711085,-0.0008219844312407076,0.0005698094610124826,4
