region,band,second,mean,ci_low,ci_high,n_subjects,p_signflip
Amygdala,Alpha,1,0.089403542115909,-0.03239295446764559,0.21162223372515238,11,0.203125
Amygdala,Alpha,2,-0.10786640807526995,-0.2441036553989875,0.02099361390865528,11,0.1630859375
Amygdala,Beta,1,0.1361759383368111,-0.13895024884307525,0.38376435237720197,11,0.35546875
Amygdala,Beta,2,0.020463800449602457,-0.19613589243820348,0.24741705655114427,11,0.8720703125
Amygdala,Delta,1,-0.06747281709302073,-0.2570781127904084,0.11138772742033297,11,0.501953125
Amygdala,Delta,2,-0.12300412519369014,-0.5175118443722005,0.14058235526400417,11,0.7841796875
Amygdala,GammaH,1,-0.015204062402099342,-0.23450142904733026,0.16996237654059707,11,0.89453125
Amygdala,GammaH,2,0.037883702947060206,-0.1338560033705855,0.22079741208297424,11,0.701171875
Amygdala,GammaL,1,0.14054782131595223,-0.09421570796301026,0.38535382847224325,11,0.2998046875
Amygdala,GammaL,2,-0.0726245448009951,-0.2303826177624567,0.08264425383525888,11,0.38671875
Amygdala,Ripple,1,0.007342368718824846,-0.26036540994020974,0.38080943834332365,11,0.982421875
Amygdala,Ripple,2,-0.08196867362530016,-0.1635300464839123,0.0014253345110339104,11,0.0986328125
Amygdala,Theta,1,0.020133323811951633,-0.17777393713710313,0.21063761437316664,11,0.853515625
Amygdala,Theta,2,-0.006408769310860924,-0.1055809567376318,0.09357319955540995,11,0.904296875
PSL,Alpha,1,-0.19727280247343515,-0.19727280247343515,-0.19727280247343515,1,
PSL,Alpha,2,-0.6558978062423328,-0.6558978062423328,-0.6558978062423328,1,
PSL,Beta,1,-0.21536584692386995,-0.21536584692386995,-0.21536584692386995,1,
PSL,Beta,2,-0.06867312492931177,-0.06867312492931177,-0.06867312492931177,1,
PSL,Delta,1,-0.041024492536852364,-0.041024492536852364,-0.041024492536852364,1,
PSL,Delta,2,0.11119620193316493,0.11119620193316493,0.11119620193316493,1,
PSL,GammaH,1,-0.5392061307124472,-0.5392061307124472,-0.5392061307124472,1,
PSL,GammaH,2,0.29096804333974546,0.29096804333974546,0.29096804333974546,1,
PSL,GammaL,1,0.5290028775654427,0.5290028775654427,0.5290028775654427,1,
PSL,GammaL,2,0.11839816595661645,0.11839816595661645,0.11839816595661645,1,
PSL,Ripple,1,0.36580836396255023,0.36580836396255023,0.36580836396255023,1,
PSL,Ripple,2,-0.09335627472559338,-0.09335627472559338,-0.09335627472559338,1,
PSL,Theta,1,-0.2250702902077144,-0.2250702902077144,-0.2250702902077144,1,
PSL,Theta,2,0.32022129770703245,0.32022129770703245,0.32022129770703245,1,
PFm,Alpha,1,0.27437624507478847,0.04136251971441851,0.4593702192146054,3,0.25
PFm,Alpha,2,-0.2207006951558661,-0.4612738699129224,0.03649198983923796,3,0.5
PFm,Beta,1,-0.0062032671741386975,-0.24235253398256518,0.22125143161476402,3,1.0
PFm,Beta,2,-0.013954498310378463,-0.23375747664083946,0.1887225352125519,3,1.0
PFm,Delta,1,-0.09735521673152547,-0.22843298987048044,0.07270433877953408,3,0.5
PFm,Delta,2,0.016796141827554106,-0.06809557077164996,0.13633332253253982,3,1.0
PFm,GammaH,1,0.049965648393643626,-0.09704474134007413,0.1490561229256322,3,0.5
PFm,GammaH,2,0.019805240860390445,-0.10210234347820801,0.1722907742331543,3,1.0
PFm,GammaL,1,0.05021713120374235,-0.41530391144019774,0.497163463902929,3,0.75
PFm,GammaL,2,-0.15084030727124662,-0.3890530122130471,0.01611005983330216,3,0.5
PFm,Ripple,1,-0.2788885322972033,-0.8267896638963492,0.12491716138269027,3,0.5
PFm,Ripple,2,0.4606941761615732,0.05545921147682975,1.0718485878262172,3,0.25
PFm,Theta,1,0.2496377743876792,0.024873807791152558,0.6161556742695211,3,0.25
PFm,Theta,2,-0.134182805453964,-0.940207596413746,0.4662616917958964,3,1.0
PF,Alpha,1,-0.10809642466190965,-0.38080561474448016,0.11409885209027948,5,0.6875
PF,Alpha,2,0.11788289852471863,-0.026458454453061366,0.28876766844738955,5,0.3125
PF,Beta,1,-0.035581754956320565,-0.1601953155217224,0.11742252957145852,5,0.75
PF,Beta,2,0.17209067644220824,0.005079257494698908,0.34877894058517567,5,0.1875
PF,Delta,1,0.006878772221079998,-0.1342523020957927,0.14800984653795268,5,0.9375
PF,Delta,2,-0.013049299617417631,-0.2323438773974999,0.1948035677833296,5,0.875
PF,GammaH,1,0.12195615597806508,-0.024830738728547175,0.28281008558986187,5,0.375
PF,GammaH,2,-0.023195530179520318,-0.18625285587303964,0.139861795513999,5,0.875
PF,GammaL,1,-0.00016188285284997052,-0.20600747659266502,0.16368546072748985,5,1.0
PF,GammaL,2,0.19734513572180248,0.05407810806268145,0.3404217378623322,5,0.125
PF,Ripple,1,0.09953642410140802,0.0755402469997776,0.1288331512209771,5,0.0625
PF,Ripple,2,-0.0603644487827232,-0.20451526733697206,0.08378636977152568,5,0.5
PF,Theta,1,0.13601504662843808,-0.003076527976296006,0.2703083015695171,5,0.25
PF,Theta,2,0.15817231696454784,0.000836016838826481,0.2870287043007835,5,0.1875
p24,Alpha,1,0.04917224509485152,-0.3029739156799316,0.5019262705206362,4,1.0
p24,Alpha,2,-0.3024460241544151,-0.7333302237095172,-0.018081474323331292,4,0.25
p24,Beta,1,-0.19590670731916138,-0.4236381180497961,0.031824703411473365,4,0.375
p24,Beta,2,-0.04513044018122869,-0.3633731259723856,0.30862309868890847,4,0.625
p24,Delta,1,0.07244082272621455,-0.1077340855200637,0.3027909505242645,4,0.625
p24,Delta,2,0.7559782517071181,0.12581627141252838,1.6904678781121198,4,0.125
p24,GammaH,1,0.8942394392139725,0.04413769921014499,2.335147593771161,4,0.25
p24,GammaH,2,-0.37690836655946924,-1.0212199668859334,0.08239548240086947,4,0.5
p24,GammaL,1,0.2846978126559545,-0.052670404633269996,0.8479131392439845,4,0.5
p24,GammaL,2,-0.3235680382993822,-0.9216637421044025,0.0822635982983897,4,0.5
p24,Ripple,1,-0.12729012199882206,-0.5857759114696863,0.25563553508418213,4,0.75
p24,Ripple,2,-0.28739173126808915,-0.5542311017938122,0.04201186149254532,4,0.25
p24,Theta,1,-0.1311561608455527,-0.826559544873315,0.5892349679346767,4,0.625
p24,Theta,2,0.0433896203445423,-0.0854103504824506,0.23025909002297418,4,1.0
a24,Alpha,1,0.017646975322511693,-0.14011277313723802,0.1754067237822614,4,1.0
a24,Alpha,2,-0.004775388115936252,-0.4415079448171184,0.4319571685852459,4,1.0
a24,Beta,1,0.10420570366020954,-0.5196588504221884,0.6244531467964096,4,0.625
a24,Beta,2,0.25805899681354294,-0.26460165831912796,0.6454110996026632,4,0.375
a24,Delta,1,-0.15073749285505755,-0.25474183651860294,-0.04673314919151217,4,0.125
a24,Delta,2,0.14247176033656217,-0.012882202002799659,0.34278440369396357,4,0.375
a24,GammaH,1,-0.06895140829005442,-0.41191759181823606,0.34914505781450966,4,0.875
a24,GammaH,2,0.04741645133291872,-0.11809080552953422,0.18659900980951427,4,0.625
a24,GammaL,1,-0.05917929107412245,-0.14212467637839588,0.02376609423015097,4,0.375
a24,GammaL,2,0.035214841659134244,-0.3427823898031921,0.4132120731214606,4,0.875
a24,Ripple,1,0.06451091427414113,-0.08495343555932777,0.21397526410761003,4,0.625
a24,Ripple,2,0.23917898148184502,0.06657900601253086,0.3752263620395553,4,0.25
a24,Theta,1,-0.02937553961176853,-0.20156270953855593,0.20466660674637271,4,0.875
a24,Theta,2,0.22488096060768648,0.05819090464480858,0.4098051282830175,4,0.125
s32,Alpha,1,-0.8455041270335766,-1.459885077560351,-0.23112317650680225,2,0.5
s32,Alpha,2,-0.5386036494668307,-1.2558632795621563,0.17865598062849486,2,1.0
s32,Beta,1,0.36900429444996163,-0.016080249497576915,0.7540888383975002,2,1.0
s32,Beta,2,-0.06798149093348371,-0.07075304579536734,-0.06520993607160008,2,0.5
s32,Delta,1,0.1571824481782791,0.06325718137616221,0.25110771498039597,2,0.5
s32,Delta,2,0.24254831911373564,-0.15135792688870353,0.6364545651161748,2,1.0
s32,GammaH,1,-0.4988150975394916,-1.401328068787361,0.40369787370837784,2,1.0
s32,GammaH,2,-0.6337576018757218,-1.2163951520264646,-0.05112005172497902,2,0.5
s32,GammaL,1,-1.1033688531305934,-2.204862986101883,-0.0018747201593036777,2,0.5
s32,GammaL,2,0.4736301502537916,0.15904916982438877,0.7882111306831945,2,0.5
s32,Ripple,1,-0.5814836302787878,-1.0390122529574803,-0.12395500760009526,2,0.5
s32,Ripple,2,-0.17295652683049845,-0.44692610857357806,0.10101305491258117,2,1.0
s32,Theta,1,-0.11389947136892253,-0.36525894298711137,0.1374600002492663,2,1.0
s32,Theta,2,-0.2930466917659391,-0.8244378711815941,0.23834448764971583,2,1.0
33pr,Alpha,1,0.011339249075910374,-0.31408037800046673,0.3005709649009205,5,0.9375
33pr,Alpha,2,0.36690716503930576,-0.018988417995446837,0.9133321865824904,5,0.25
33pr,Beta,1,0.6035380742247355,-0.18275506997821936,2.0617216286456364,5,0.9375
33pr,Beta,2,0.012861651096585547,-0.10777216345259219,0.20348813143602698,5,1.0
33pr,Delta,1,0.09734941171027885,-0.010828794673506082,0.20552761809406378,5,0.25
33pr,Delta,2,-0.1630100220235299,-0.4007200165916956,0.0719741230076842,5,0.375
33pr,GammaH,1,0.2529433209231229,-0.04774663290194141,0.687066926416113,5,0.3125
33pr,GammaH,2,-0.05017077070102829,-0.20571535192049595,0.13783217987210108,5,0.625
33pr,GammaL,1,0.35147940985540205,0.061080417831991696,0.8239389340654029,5,0.0625
33pr,GammaL,2,-0.2976626374421173,-0.9131436709558933,0.23941213805491798,5,0.4375
33pr,Ripple,1,0.03609157011281923,-0.10777453235800323,0.1759098215311731,5,0.6875
33pr,Ripple,2,0.538627091090494,-0.21821712070330362,1.8119098196478944,5,0.8125
33pr,Theta,1,0.13405661617751435,-0.22036217628310767,0.6077488317473119,5,0.75
33pr,Theta,2,-0.20042305804817956,-0.7318839987339928,0.14430511107872804,5,0.8125
p24pr,Alpha,1,-0.17258377511423575,-0.5080086072752955,0.13477853652876348,5,0.4375
p24pr,Alpha,2,-0.04320646935420882,-0.4390412216499676,0.3033311114177252,5,0.8125
p24pr,Beta,1,-0.45694002592752414,-1.2870559704866438,0.09409363034633315,5,0.5
p24pr,Beta,2,0.09156822173200681,0.012845819123739232,0.23297386589825564,5,0.0625
p24pr,Delta,1,0.03620456075590681,-0.27191665381534663,0.3606301058458321,5,0.9375
p24pr,Delta,2,-0.13652991201145354,-0.4260290549463903,0.18126052753938496,5,0.5
p24pr,GammaH,1,0.32258509808232033,0.15187954184520436,0.4940145073791058,5,0.0625
p24pr,GammaH,2,-0.24894316736175953,-0.7739418549722593,0.1531360292392975,5,0.5
p24pr,GammaL,1,-0.12928900217736583,-0.6004075095482555,0.2699151972060463,5,0.75
p24pr,GammaL,2,0.2931654150866905,-0.10006746499230275,0.9154274334137427,5,0.625
p24pr,Ripple,1,-0.009261523938548778,-0.09210292781734424,0.07357987994024669,5,0.8125
p24pr,Ripple,2,-0.3231380897550352,-0.86631077198073,0.10891248237432052,5,0.3125
p24pr,Theta,1,0.032519153078778375,-0.08383725338679895,0.1488755595443557,5,0.6875
p24pr,Theta,2,0.05111294563608411,-0.19837452440929368,0.44991675172642404,5,1.0
a24pr,Alpha,1,-0.2874455006236059,-1.8326144883271525,0.5961605766204556,3,1.0
a24pr,Alpha,2,-0.6839435378614999,-1.5451007076061032,-0.12155842366351877,3,0.25
a24pr,Beta,1,0.8153905888451133,0.29726054918367595,1.6728125541899956,3,0.25
a24pr,Beta,2,-0.4646365738319105,-0.8844480101743208,-0.006124791243131256,3,0.25
a24pr,Delta,1,0.09891265008738988,-0.30446345830446475,0.39496276946146125,3,0.75
a24pr,Delta,2,0.03833061528098843,-0.30297401624340736,0.23269166099977312,3,1.0
a24pr,GammaH,1,-0.5776318693964626,-1.9700572538515573,0.1697015177615988,3,1.0
a24pr,GammaH,2,-0.1744783508659514,-0.4210205928879063,0.010508852043034977,3,0.5
a24pr,GammaL,1,0.525243759154351,0.36227391225148153,0.6884789783508225,3,0.25
a24pr,GammaL,2,-0.41491598984212175,-1.0747576767812106,0.05175737774474243,3,0.5
a24pr,Ripple,1,-0.39494188889875775,-1.0358399796494275,0.10704642807737486,3,0.5
a24pr,Ripple,2,-0.21116131619807751,-0.727414732339053,0.15857055193448844,3,0.75
a24pr,Theta,1,-0.18429544974945955,-0.9103995274026921,0.40982065319964534,3,0.75
a24pr,Theta,2,-0.7853665895808343,-2.217041003866367,0.16648848332263455,3,0.5
p32pr,Alpha,1,0.040494466122017535,-0.18247613055084955,0.36970185256487653,3,1.0
p32pr,Alpha,2,0.39653416499128014,-0.21618052281279176,1.2851811802000128,3,0.75
p32pr,Beta,1,0.3657399850030269,0.3000246869915557,0.4474955514004364,3,0.25
p32pr,Beta,2,0.5960343387154564,0.22051119259606722,1.2602901135318128,3,0.25
p32pr,Delta,1,-0.06624028483215838,-0.3592643797775139,0.0980789162532929,3,1.0
p32pr,Delta,2,0.7068326244034786,-0.13377604966835221,1.698391249215362,3,0.5
p32pr,GammaH,1,0.18899281881939936,0.09912297583211327,0.25580567368466944,3,0.25
p32pr,GammaH,2,-0.05185834430685669,-0.8414952633932984,0.5243186176145471,3,1.0
p32pr,GammaL,1,0.3879842771081172,-0.16084004655942508,1.1042763077435431,3,0.5
p32pr,GammaL,2,0.3235513421893413,0.10339211842546092,0.7368569084288303,3,0.25
p32pr,Ripple,1,0.07318967270095082,-0.0020673698459994228,0.13405938169417553,3,0.5
p32pr,Ripple,2,0.5694369985925233,-0.6338343531166295,2.4306313661527206,3,1.0
p32pr,Theta,1,0.19251788143922136,-0.07542355459480277,0.40604456072182415,3,0.5
p32pr,Theta,2,0.06487748272242062,-0.42273830189081707,0.44553821219490786,3,0.75
a32pr,Alpha,1,-0.38443958126218786,-0.7008751176329078,-0.03432785107039038,3,0.25
a32pr,Alpha,2,-0.3739228505777798,-0.934522124750103,0.15462688996266394,3,0.5
a32pr,Beta,1,0.04693417310593991,-0.36527731217659465,0.5042727891893684,3,0.75
a32pr,Beta,2,0.8992676029208143,-0.10254137325452461,2.6037259750754522,3,0.5
a32pr,Delta,1,0.38990145849407654,0.1545980070120372,0.8450239235628842,3,0.25
a32pr,Delta,2,-0.14757974597794168,-0.2515153355519715,0.04351388730916739,3,0.5
a32pr,GammaH,1,0.5476873947119939,-0.12213124967545141,1.5570875006137541,3,0.5
a32pr,GammaH,2,0.055532368025821434,-0.13915256081730476,0.34691169783458875,3,1.0
a32pr,GammaL,1,0.4491327890415017,0.07741785671264978,1.1031114523110617,3,0.25
a32pr,GammaL,2,0.3038877057471983,-0.08351174181891707,1.0721386784507274,3,1.0
a32pr,Ripple,1,-0.18402988092541506,-0.4216244275307126,0.035884673119742416,3,0.5
a32pr,Ripple,2,0.05827382141812857,-0.18718578166393485,0.38831049322833167,3,1.0
a32pr,Theta,1,-0.63017037365096,-1.88447672475316,0.20123660041506142,3,0.5
a32pr,Theta,2,0.11866612350228796,-0.14179569654397994,0.28473596476625573,3,0.5
5mv,Alpha,1,0.18754284976467162,-0.07390623382279848,0.3834258011078955,4,0.25
5mv,Alpha,2,-0.06791132150667956,-0.33887026380192165,0.08544129946360712,4,1.0
5mv,Beta,1,0.11524806920723929,0.02292231702846781,0.27002918607181137,4,0.125
5mv,Beta,2,-0.141023135115125,-0.28374518360816126,0.033461040291257405,4,0.25
5mv,Delta,1,-0.04086834932376959,-0.24821737962541945,0.16648068097788027,4,0.75
5mv,Delta,2,0.12294585289499693,0.0012979243995774326,0.25266294787192134,4,0.25
5mv,GammaH,1,0.206313290223199,-0.14608640084670377,0.5083913672485592,4,0.5
5mv,GammaH,2,0.18802890368853475,-0.021060920359680324,0.4047757155264833,4,0.375
5mv,GammaL,1,-0.18557872389926722,-0.3291401461851269,-0.042017301613407554,4,0.125
5mv,GammaL,2,-0.05378222161455781,-0.191520249366258,0.06893759481992312,4,0.625
5mv,Ripple,1,-0.22413660664359547,-0.44671145546657254,-0.06848792294965911,4,0.125
5mv,Ripple,2,-0.15153035783620084,-0.42010057500231923,0.15793104216371656,4,0.375
5mv,Theta,1,0.02782479654474823,-0.13997147541508426,0.21187477096539897,4,0.75
5mv,Theta,2,0.06965850118446326,-0.3040001171798581,0.4009322988398818,4,1.0
24dd,Alpha,1,-0.16790907046370762,-0.8108738564823454,0.30140300624179517,3,1.0
24dd,Alpha,2,-0.355782372971061,-0.6371494657259369,0.08459803831880208,3,0.5
24dd,Beta,1,-0.19978977494818176,-0.3447354757466812,-0.04784043277284411,3,0.25
24dd,Beta,2,0.612470681147169,0.23852998846438211,1.314928958184023,3,0.25
24dd,Delta,1,0.20716136516689687,-0.02605321600250221,0.5848502780435005,3,0.5
24dd,Delta,2,-0.2581346641521911,-0.3916019315566679,-0.18371780591299824,3,0.25
24dd,GammaH,1,-0.6086153367356033,-1.8682986858294548,0.029046834884795203,3,1.0
24dd,GammaH,2,0.1522257036938003,-0.2548331864989386,0.5462741554608996,3,0.75
24dd,GammaL,1,-0.08137279136813429,-0.26172519164605035,0.08337473130025685,3,0.75
24dd,GammaL,2,-0.3571717889202475,-1.2618942341702528,0.27684972051634915,3,0.75
24dd,Ripple,1,0.2951959810128149,-0.22902833301632697,1.1530764877520454,3,1.0
24dd,Ripple,2,1.091706286147873,-0.35527780960432054,3.2864420196914708,3,0.75
24dd,Theta,1,-0.07931421426779532,-0.14042026151707887,0.037798339185407315,3,0.5
24dd,Theta,2,0.29430958514521893,-0.3430497351382158,0.6976178939209063,3,0.5
24dv,Alpha,1,-0.7205150632705042,-2.283367337671624,0.18369257192286526,3,0.75
24dv,Alpha,2,0.3241228096173856,-0.07670060867283723,0.8060006519973371,3,0.5
24dv,Beta,1,-0.15018419390983695,-0.2833290883253028,0.015930551718128072,3,0.5
24dv,Beta,2,-0.38251413855280464,-0.9797925262074223,0.16216699026375636,3,0.5
24dv,Delta,1,-0.14100907308883373,-0.23278001379808444,-0.07759096758273287,3,0.25
24dv,Delta,2,0.21833257881377222,-0.11452613762999775,0.6502006749764817,3,0.5
24dv,GammaH,1,0.05092758646455664,-0.4771230768333865,0.48529173359752065,3,0.75
24dv,GammaH,2,-0.5153939306029377,-1.1059644454648847,-0.019166730198033832,3,0.25
24dv,GammaL,1,-0.23074110495258418,-0.618376358789245,0.34635707112258274,3,0.5
24dv,GammaL,2,0.1704754579242914,-0.00811571951750878,0.5027392328139868,3,0.5
24dv,Ripple,1,0.3528444502557934,-0.19590193124690458,1.0108307265220553,3,0.5
24dv,Ripple,2,-0.34274227723705647,-1.116636743284893,0.06605533588140133,3,1.0
24dv,Theta,1,0.3396518084090599,-0.18053981814970754,0.7532270904850122,3,0.5
24dv,Theta,2,-0.45372266279054446,-1.3267628215019656,0.07058426138033624,3,0.5
AVI,Alpha,1,-0.16954009923603883,-0.30098002859024575,-0.0733721983177631,3,0.25
AVI,Alpha,2,0.073254807346166,-0.19290212068133883,0.5429752498359299,3,1.0
AVI,Beta,1,-0.0924601052073702,-0.25549653451417953,0.11275332777550773,3,0.5
AVI,Beta,2,0.09285437413603148,-0.0380806615711613,0.21147748825406865,3,0.5
AVI,Delta,1,-0.29437260836187323,-0.32100565232691025,-0.2711224170263016,3,0.25
AVI,Delta,2,0.10092124799236284,-0.13601833444413103,0.22040654293691375,3,0.5
AVI,GammaH,1,0.09750311670085428,-0.03023138134991399,0.25535734551440115,3,0.5
AVI,GammaH,2,-0.020567627069064304,-0.133278889505128,0.12047883623105093,3,0.75
AVI,GammaL,1,0.082021638573611,-0.03309895552886033,0.2184073265559512,3,0.5
AVI,GammaL,2,-0.15420416174094362,-0.3369865025752219,0.1982318254229014,3,0.5
AVI,Ripple,1,0.22711496922045527,-0.059078610906261986,0.40489610589426306,3,0.5
AVI,Ripple,2,-0.3541483854426109,-0.564556406104856,-0.08892821557051178,3,0.25
AVI,Theta,1,-0.026557626997472994,-0.10828746690886248,0.054399481342983336,3,0.75
AVI,Theta,2,-0.09124210637526531,-0.25662929243726396,0.017080164959271116,3,0.5
AAIC,Alpha,1,0.12365502165598248,-0.0649228479955255,0.42243012250045453,3,0.75
AAIC,Alpha,2,-0.03534679798460871,-0.3749166701790472,0.2964936189992038,3,0.75
AAIC,Beta,1,0.04993094394119524,-0.1855273064734817,0.2855789791065071,3,0.75
AAIC,Beta,2,0.24318438968074219,-0.015975548196667688,0.7085099589370145,3,0.5
AAIC,Delta,1,-0.19275011343836942,-0.5164817236625296,-0.01728541209328327,3,0.25
AAIC,Delta,2,0.3243244184780683,-0.03460254849633415,0.6525634624335872,3,0.5
AAIC,GammaH,1,0.017534521503170215,-0.333556776643988,0.306573929489101,3,1.0
AAIC,GammaH,2,-0.1061760966309772,-0.46529836447704653,0.14724830925833032,3,0.75
AAIC,GammaL,1,0.10965053198735575,-0.18728579403826373,0.3763920358553001,3,0.75
AAIC,GammaL,2,-0.1858685382780815,-0.7545156196267193,0.20002254197169123,3,0.75
AAIC,Ripple,1,-0.05622486095358307,-0.37873693820661103,0.31608117323600027,3,0.75
AAIC,Ripple,2,0.05241090905774115,-0.2771953210095681,0.43363449822382805,3,0.75
AAIC,Theta,1,0.2317136214381795,0.09289698606591656,0.4919610005611901,3,0.25
AAIC,Theta,2,0.1709305063405111,-0.19975928049271374,0.49339264753014334,3,0.5
Pir,Alpha,1,-0.11276900687285618,-0.12592006038862635,-0.09961795335708601,2,0.5
Pir,Alpha,2,0.0917151319804379,0.008379131950228214,0.1750511320106476,2,0.5
Pir,Beta,1,-0.007352114635928331,-0.2184350996912663,0.20373087041940963,2,1.0
Pir,Beta,2,-0.17741983096955138,-0.23748969692562127,-0.1173499650134815,2,0.5
Pir,Delta,1,-0.41807873994595646,-0.5081743508698189,-0.32798312902209403,2,0.5
Pir,Delta,2,0.3209989082436131,0.2043257353918868,0.4376720810953394,2,0.5
Pir,GammaH,1,-0.00838337112021037,-0.12324029513402479,0.10647355289360405,2,1.0
Pir,GammaH,2,-0.27246195242081583,-0.4790430564946888,-0.06588084834694286,2,0.5
Pir,GammaL,1,0.1307206775088936,-0.06096633832932952,0.3224076933471167,2,1.0
Pir,GammaL,2,-0.31980411748599025,-0.47722007422898827,-0.16238816074299223,2,0.5
Pir,Ripple,1,0.1351596569697353,0.1199993428767705,0.15031997106270012,2,0.5
Pir,Ripple,2,-0.41960531758988395,-0.48433085105105533,-0.35487978412871257,2,0.5
Pir,Theta,1,0.07769037404800905,-0.22541198507926552,0.3807927331752836,2,1.0
Pir,Theta,2,-0.21266999413602683,-0.23374370756080864,-0.19159628071124502,2,0.5
MI,Alpha,1,-0.028191459090454174,-0.2899472235286897,0.20085729572144606,8,0.8515625
MI,Alpha,2,0.014656128313033978,-0.18781519071413344,0.1995545425674239,8,0.8828125
MI,Beta,1,0.048613962084451234,-0.1522504936994624,0.25853765801717915,8,0.703125
MI,Beta,2,0.033894323342985366,-0.12877411785655885,0.20787393682543004,8,0.71875
MI,Delta,1,0.033788704452451856,-0.1983188511685996,0.3146643515146236,8,0.859375
MI,Delta,2,-0.03031341799460563,-0.1978473596778585,0.10402710283100067,8,0.78125
MI,GammaH,1,0.01874781462604025,-0.18675223359645649,0.24459343353746243,8,0.8515625
MI,GammaH,2,-0.16646685292157049,-0.2999263024300558,-0.04498708550812225,8,0.0625
MI,GammaL,1,-0.06851486208794988,-0.21984004415324565,0.08349771110265647,8,0.4296875
MI,GammaL,2,0.04647257181357434,-0.16143823858025375,0.24509450003419486,8,0.6484375
MI,Ripple,1,0.03690238736064666,-0.10625164541221539,0.1748599085232575,8,0.6328125
MI,Ripple,2,-0.04145964718279149,-0.2056543766094359,0.13708756493402596,8,0.6640625
MI,Theta,1,0.048723998429202275,-0.1732349092850686,0.25560059858340806,8,0.6875
MI,Theta,2,-0.10050064655841906,-0.26859525765727427,0.05412069453251167,8,0.296875
FOP2,Alpha,1,0.018318019823385434,-0.10936172983783976,0.14599776948461063,4,1.0
FOP2,Alpha,2,0.260905103560364,0.07552807178639487,0.4623709366716824,4,0.25
FOP2,Beta,1,0.026404640573225002,-0.11293614442139877,0.16574542556784877,4,0.75
FOP2,Beta,2,0.24643093112302683,0.20333866817156476,0.2895231940744889,4,0.125
FOP2,Delta,1,-0.12871410092892965,-0.31531263943413634,0.08200498111298504,4,0.375
FOP2,Delta,2,-0.074167804761613,-0.25632646225317224,0.10799085272994624,4,0.625
FOP2,GammaH,1,0.09113967115810429,0.04605393864844132,0.16019145631381004,4,0.125
FOP2,GammaH,2,-0.03743153108448194,-0.276302480179754,0.1132495908547071,4,1.0
FOP2,GammaL,1,0.18795059846584294,0.07276611888788853,0.26187451243062476,4,0.125
FOP2,GammaL,2,0.05497221010332254,-0.09537390448603311,0.2053183246926782,4,0.5
FOP2,Ripple,1,0.07401387160639317,-0.1405617564706354,0.28858949968342174,4,0.625
FOP2,Ripple,2,0.06117354958709953,-0.0938292890897694,0.297580629762515,4,0.875
FOP2,Theta,1,0.004316667969711752,-0.1833464464187733,0.20590792772265054,4,1.0
FOP2,Theta,2,-0.03449061937548148,-0.21100726753011756,0.1143477656487688,4,0.75
FOP3,Alpha,1,-0.07827767319181926,-0.4877367576474505,0.3390166003162136,3,0.75
FOP3,Alpha,2,-0.09704838953226158,-0.3546364882951849,0.045814753447871226,3,1.0
FOP3,Beta,1,-0.2812650163829673,-0.6689122134705379,-0.06322854480886875,3,0.25
FOP3,Beta,2,-0.09847050975387599,-0.3199502621616013,0.02681345104638666,3,0.75
FOP3,Delta,1,0.09551822506259929,-0.19329776399232657,0.27593202558721686,3,0.5
FOP3,Delta,2,-0.031151471108891826,-0.33137351648156255,0.2384816202459703,3,0.75
FOP3,GammaH,1,-0.09407846824813267,-0.3671175325596572,0.13411372089149864,3,0.75
FOP3,GammaH,2,-0.24086131110095602,-0.8860026886300432,0.19163658549008744,3,0.75
FOP3,GammaL,1,0.034845697553350874,-0.14340404543098018,0.2955431374937554,3,1.0
FOP3,GammaL,2,0.03397609474447686,-0.09913754478057157,0.16753738126298856,3,0.75
FOP3,Ripple,1,0.013077686505640193,-0.22927224466506857,0.1569291177432106,3,1.0
FOP3,Ripple,2,-0.27880573856102114,-0.9102816410245396,0.12058632376534462,3,0.75
FOP3,Theta,1,0.08676353236281642,-0.0024207238159803524,0.22148751507343079,3,0.5
FOP3,Theta,2,-0.011827145618557466,-0.22336576093350402,0.17649809487153334,3,1.0
FOP4,Alpha,1,-0.02922525630021105,-0.23873869216721083,0.1265266910203851,7,0.875
FOP4,Alpha,2,-0.16252041283895988,-0.3227277472231326,0.0022874228572253522,7,0.15625
FOP4,Beta,1,0.009255186795657368,-0.12400838722904695,0.1296157805626303,7,0.921875
FOP4,Beta,2,0.00874890797110187,-0.20106437682695752,0.2073228485731262,7,0.890625
FOP4,Delta,1,0.08131476011036501,-0.02977497141073369,0.20391252708785754,7,0.28125
FOP4,Delta,2,0.030893308005554992,-0.07605739571641026,0.14922376317493452,7,0.640625
FOP4,GammaH,1,0.028476539493930426,-0.20119566590064913,0.24635972701844785,7,0.890625
FOP4,GammaH,2,-0.11723394998955376,-0.16522558760672115,-0.07136901532239445,7,0.015625
FOP4,GammaL,1,-0.01887027590812908,-0.1722965045761359,0.12362597524705064,7,0.828125
FOP4,GammaL,2,-0.024104085168559157,-0.17318446967329898,0.1217553899950958,7,0.875
FOP4,Ripple,1,0.12427747314125018,-0.019143388075593442,0.285302510533036,7,0.234375
FOP4,Ripple,2,0.04183365428025506,-0.10259165399082194,0.1753525656794958,7,0.609375
FOP4,Theta,1,0.032351759910295944,-0.25425504338290345,0.26063887056633966,7,0.84375
FOP4,Theta,2,0.045531800616615214,-0.026502021291690374,0.12478011945543538,7,0.34375
FOP5,Alpha,1,-0.09575011268117528,-0.3527399678003089,0.33283553216130013,4,0.625
FOP5,Alpha,2,-0.01761216134056287,-0.13129061590751512,0.1432279319152947,4,0.875
FOP5,Beta,1,0.17556352533265862,-0.014826981390321237,0.3857899997348708,4,0.375
FOP5,Beta,2,0.02207786934621403,-0.11177349396206449,0.11427715729992194,4,0.875
FOP5,Delta,1,-0.13531996892852316,-0.37652384206494816,0.23826295905067152,4,0.5
FOP5,Delta,2,-0.06111975861916896,-0.2870943523457079,0.15540861785994764,4,0.625
FOP5,GammaH,1,-0.3173572990223219,-0.6000159314543323,-0.15906454408101922,4,0.125
FOP5,GammaH,2,-0.1536526429119256,-0.25614133551418394,-0.037020954583472765,4,0.25
FOP5,GammaL,1,-0.09650940007839637,-0.16744960593829195,-0.012242912805345618,4,0.25
FOP5,GammaL,2,0.07038563357951588,-0.17711045492902144,0.3178817220880532,4,0.75
FOP5,Ripple,1,0.22946249447604394,0.016883461955513823,0.5209182487732207,4,0.25
FOP5,Ripple,2,-0.10741648846250218,-0.20671262562370885,-0.054264563512615105,4,0.125
FOP5,Theta,1,0.02565694855934275,-0.21436748312572895,0.28480832816154766,4,0.875
FOP5,Theta,2,0.007152543758426333,-0.17703982724071832,0.1777518880871769,4,0.875
43,Alpha,1,0.2196268649128529,0.0768930821449807,0.3652564637072082,3,0.25
43,Alpha,2,-0.021117803470999046,-0.38573127202885615,0.22563855235611996,3,1.0
43,Beta,1,-0.29147567814535574,-0.8604204118022629,0.0076210456375847,3,0.5
43,Beta,2,-0.2530696278809212,-0.44598065056716507,-0.004372902979500992,3,0.25
43,Delta,1,-0.04627835237226918,-0.4676341711964582,0.25986997690168323,3,1.0
43,Delta,2,0.12673888677280942,-0.16716965821542829,0.33850026107922915,3,0.5
43,GammaH,1,-0.06603980460749763,-0.23159658008876605,0.15804365312144242,3,0.75
43,GammaH,2,0.10534203437523122,-0.08614064418337009,0.31412277925112875,3,0.5
43,GammaL,1,0.21464015782529344,-0.04485852048216188,0.6542733959474774,3,0.75
43,GammaL,2,0.2008713198359177,0.02678358994217689,0.40451028269945866,3,0.25
43,Ripple,1,0.15520554069887757,-0.14569667618628657,0.3887519599143765,3,0.5
43,Ripple,2,-0.13836755933949738,-0.40897062068357926,0.09810877787974448,3,0.5
43,Theta,1,0.009999011432564467,-0.12728620066057772,0.18615008498146324,3,1.0
43,Theta,2,0.13114439236666087,0.0017934900588549851,0.2709159019945666,3,0.25
FOP1,Alpha,1,0.29526905634171285,0.29526905634171285,0.29526905634171285,1,
FOP1,Alpha,2,0.020246918312253115,0.020246918312253115,0.020246918312253115,1,
FOP1,Beta,1,0.7209455391587056,0.7209455391587056,0.7209455391587056,1,
FOP1,Beta,2,-0.39166164988955643,-0.39166164988955643,-0.39166164988955643,1,
FOP1,Delta,1,-0.4440097305625166,-0.4440097305625166,-0.4440097305625166,1,
FOP1,Delta,2,-0.24201798854486256,-0.24201798854486256,-0.24201798854486256,1,
FOP1,GammaH,1,-0.08852515675388872,-0.08852515675388872,-0.08852515675388872,1,
FOP1,GammaH,2,-0.6543650466941884,-0.6543650466941884,-0.6543650466941884,1,
FOP1,GammaL,1,0.05974294339425512,0.05974294339425512,0.05974294339425512,1,
FOP1,GammaL,2,-0.3417263693261816,-0.3417263693261816,-0.3417263693261816,1,
FOP1,Ripple,1,0.18579568480731368,0.18579568480731368,0.18579568480731368,1,
FOP1,Ripple,2,-0.5395903143452934,-0.5395903143452934,-0.5395903143452934,1,
FOP1,Theta,1,-0.41473924933743334,-0.41473924933743334,-0.41473924933743334,1,
FOP1,Theta,2,0.5591986148413852,0.5591986148413852,0.5591986148413852,1,
A4,Alpha,1,-0.11344410855903912,-0.25474138819436476,0.06830738700492844,3,0.5
A4,Alpha,2,-0.06365651694676917,-0.1531702679272584,0.021473968802634857,3,0.5
A4,Beta,1,-0.008952794816007525,-0.3010449034665754,0.2164018445351239,3,1.0
A4,Beta,2,0.07305829024571626,-0.2590434356715612,0.5436659730840461,3,1.0
A4,Delta,1,-0.20229325150292135,-0.338623292238843,0.037778268747064914,3,0.5
A4,Delta,2,0.2631974767223693,-0.1508902607202991,0.768786131550744,3,0.5
A4,GammaH,1,-0.06746176980513023,-0.2125256147624519,0.0071393336977010335,3,1.0
A4,GammaH,2,0.22005499619016078,0.08473557126825426,0.42019055172466224,3,0.25
A4,GammaL,1,0.040094930775552484,-0.18953189447258012,0.2851865847049062,3,0.75
A4,GammaL,2,-0.045411854561692166,-0.2541577028218356,0.13400214279223022,3,0.75
A4,Ripple,1,0.20271780978174783,-0.38668826812509494,0.7338334630336902,3,0.75
A4,Ripple,2,0.22199831174055737,0.07184165087550909,0.3401792887109636,3,0.25
A4,Theta,1,0.18092618298701404,-0.30088308900227645,0.48784757790769007,3,0.5
A4,Theta,2,-0.1079038445887015,-0.34004155443734163,0.12301169389847644,3,0.75
A5,Alpha,1,0.010452448982644923,-0.1832960424951004,0.16722188834023877,10,0.92578125
A5,Alpha,2,0.013325551466800433,-0.0729757250490329,0.10696372977864849,10,0.783203125
A5,Beta,1,-0.16070861887001692,-0.27524394823765547,-0.038342389905747745,10,0.037109375
A5,Beta,2,-0.05352046318581749,-0.2789969336128025,0.2153449517011398,10,0.69921875
A5,Delta,1,0.025772901963933847,-0.07736728671761842,0.17255262779549604,10,0.88671875
A5,Delta,2,-0.13144690470672984,-0.40011376682250893,0.09517412842707008,10,0.38671875
A5,GammaH,1,-0.2275253757287956,-0.5476926709287018,0.0259879887133824,10,0.169921875
A5,GammaH,2,0.22568482274502238,-0.08189449297594874,0.6720187736828352,10,0.328125
A5,GammaL,1,-0.15385745920229327,-0.3035983780460721,0.016246046057645375,10,0.109375
A5,GammaL,2,-0.14378761050945954,-0.2844688209349456,0.013597976377158915,10,0.1171875
A5,Ripple,1,-0.0025853583029920913,-0.19765871427318715,0.15112868486880215,10,0.978515625
A5,Ripple,2,0.013103159359525662,-0.0865975505574112,0.10848352493961606,10,0.818359375
A5,Theta,1,-0.08370186791589909,-0.19609275390228056,0.02620850274239916,10,0.177734375
A5,Theta,2,-0.13394708627641236,-0.4423030335832141,0.10094999525153452,10,0.49609375
LBelt,Alpha,1,-0.0529602270195042,-0.30757454957474906,0.16432049889539732,6,0.75
LBelt,Alpha,2,-0.0651253285177494,-0.2579717556901174,0.1277210986546186,6,0.59375
LBelt,Beta,1,-0.02695087205658157,-0.30287855405516,0.21959538019342814,6,0.90625
LBelt,Beta,2,0.1480988941403568,-0.03158962569377266,0.31039838684360416,6,0.1875
LBelt,Delta,1,-0.13959251017068416,-0.3081622197899681,0.043535829895448734,6,0.21875
LBelt,Delta,2,0.12021730690455357,-0.060476217783081765,0.31576770339726856,6,0.34375
LBelt,GammaH,1,0.17143087564727466,0.00398788103418705,0.35204577403220877,6,0.15625
LBelt,GammaH,2,-0.0009362867939752088,-0.06744109558594087,0.05436285576765757,6,0.96875
LBelt,GammaL,1,-0.12221464542866418,-0.43730764807153477,0.1784184349643733,6,0.5
LBelt,GammaL,2,0.24298569085283125,-0.010435810003837531,0.5231448560339373,6,0.1875
LBelt,Ripple,1,-0.03609256194897389,-0.21161132765137522,0.1359283430337778,6,0.75
LBelt,Ripple,2,-0.03419885977160497,-0.2342235788307203,0.1773911002441141,6,0.84375
LBelt,Theta,1,0.08849671566362775,-0.03950495561374545,0.19461873598625226,6,0.28125
LBelt,Theta,2,-0.08940056966738534,-0.17789935347151817,0.0420047303657339,6,0.25
MBelt,Alpha,1,0.15065241893428594,-0.041610462709817594,0.34216649083071654,8,0.1953125
MBelt,Alpha,2,-0.1775387914941895,-0.31247683426379436,-0.015164685459930433,8,0.0859375
MBelt,Beta,1,0.17197674205884805,-0.05301126254991861,0.4072099659807773,8,0.2265625
MBelt,Beta,2,0.03714081785503209,-0.14868878709087907,0.2394740085383998,8,0.7578125
MBelt,Delta,1,-0.10486976145525695,-0.20568111381339582,-0.006826183439860722,8,0.1015625
MBelt,Delta,2,0.2833256892472762,0.048301853374949744,0.6293190528038486,8,0.0390625
MBelt,GammaH,1,-0.035498752205124884,-0.2407192878167086,0.15730998186895087,8,0.7578125
MBelt,GammaH,2,0.03872713127956695,-0.2129169338864562,0.24569782030807108,8,0.734375
MBelt,GammaL,1,-0.06956987390507807,-0.21295044985394718,0.07848771212125177,8,0.421875
MBelt,GammaL,2,-0.26634798141365534,-0.7730461068626102,0.10170315224771295,8,0.3828125
MBelt,Ripple,1,0.007734282232321643,-0.14587838872460024,0.1729374517389468,8,0.8828125
MBelt,Ripple,2,-0.20923187802369148,-0.4595509369514303,-0.04003232763058939,8,0.0234375
MBelt,Theta,1,-0.28897485390882105,-0.701855806327204,-0.0218164031198107,8,0.078125
MBelt,Theta,2,0.13613259945093903,-0.08766058863177406,0.41039062044316044,8,0.4140625
PBelt,Alpha,1,-0.08606616458896472,-0.33402040200848404,0.13307288847867937,3,0.75
PBelt,Alpha,2,-0.09661265478081067,-0.1558317949196919,0.0019789394846689845,3,0.5
PBelt,Beta,1,-0.15367071447202227,-0.42538249034966213,0.2900744705281113,3,0.5
PBelt,Beta,2,-0.13585359172536707,-0.2785642008307825,-0.028244821216688365,3,0.25
PBelt,Delta,1,0.07496399836734587,-0.14021862350990233,0.20548969714662846,3,0.5
PBelt,Delta,2,-0.14263918689895286,-0.2506602817322836,-0.011448820619996525,3,0.25
PBelt,GammaH,1,0.2579120698630035,-0.11246971425972063,0.4884772441042635,3,0.5
PBelt,GammaH,2,0.1957150827740269,-0.06767817030110024,0.3648010925347762,3,0.5
PBelt,GammaL,1,0.23489539399978318,0.08374172663328494,0.4383471989351513,3,0.25
PBelt,GammaL,2,0.11880706983749907,0.003437113042796369,0.2202141356613545,3,0.25
PBelt,Ripple,1,-0.12996663045357457,-0.5327155369906826,0.2682785442201414,3,0.75
PBelt,Ripple,2,-0.1396401841279875,-0.2987408984074982,0.03815705321586904,3,0.5
PBelt,Theta,1,-0.03550972458719196,-0.24169822928096707,0.2555410896296806,3,1.0
PBelt,Theta,2,0.013637949582699113,-0.11463544404190174,0.12437836611208297,3,0.75
A1,Alpha,1,-0.204274251797005,-0.2810350794295964,-0.07497194423177689,3,0.25
A1,Alpha,2,-0.03961768134954724,-0.192007955704252,0.05266877890897703,3,1.0
A1,Beta,1,-0.07847243930220671,-0.1664320818039613,0.08234159922228912,3,0.5
A1,Beta,2,0.0010704684622713974,-0.10397044803159261,0.06442258321844463,3,1.0
A1,Delta,1,-0.14552782001968959,-0.34975375046770196,0.22596720854827268,3,0.5
A1,Delta,2,0.00958203520717286,-0.2748503345042437,0.17502827095136908,3,1.0
A1,GammaH,1,0.169819947968751,-0.03060376052042102,0.4032910976147157,3,0.5
A1,GammaH,2,-0.11702781812693885,-0.4109244398322609,0.21610531416058976,3,0.75
A1,GammaL,1,0.11055298370384865,-0.03718114341198486,0.22878354341907325,3,0.5
A1,GammaL,2,-0.13907383557818184,-0.2099767846595917,-0.06079145407182196,3,0.25
A1,Ripple,1,0.05601261977947658,-0.09747307510451719,0.3117941429310491,3,1.0
A1,Ripple,2,0.17606121383463483,-0.22310104740660464,0.48094195028146913,3,0.5
A1,Theta,1,-0.06886959670312957,-0.3828899508121495,0.26534920928655126,3,0.75
A1,Theta,2,-0.025910639220929472,-0.3894935966396247,0.35681570691309616,3,0.75
RI,Alpha,1,-0.2667287797918405,-0.5350804260249609,-0.042179808254526385,4,0.25
RI,Alpha,2,0.07092494882486733,-0.24164890332909295,0.3111430653475953,4,0.75
RI,Beta,1,-0.13119258404295575,-0.3173283200681869,0.07202989162793205,4,0.375
RI,Beta,2,0.17945525247080418,0.1127610561460779,0.29495806557075976,4,0.125
RI,Delta,1,-0.02228433746700098,-0.3560213348521266,0.3313967944816829,4,1.0
RI,Delta,2,0.05623333819141152,-0.2022645261416054,0.20295700861229538,4,0.625
RI,GammaH,1,0.026631891027054877,-0.08772186745228794,0.12493931562892513,4,0.625
RI,GammaH,2,0.08265354137515235,-0.14586367227535746,0.31117075502566216,4,0.625
RI,GammaL,1,-0.008752439937511625,-0.15517197663810922,0.1205215317558137,4,1.0
RI,GammaL,2,-0.06891482745152455,-0.4749583052828763,0.407227109708197,4,0.75
RI,Ripple,1,0.008824598862900324,-0.22923800083030876,0.2856883197320803,4,1.0
RI,Ripple,2,0.07147160933902974,-0.08550759292670307,0.22845081160476255,4,0.75
RI,Theta,1,0.021714845605497857,-0.12460784270356573,0.23981568377214213,4,1.0
RI,Theta,2,-0.10173424546061671,-0.2430704529734271,0.039601962052193684,4,0.375
8C,Alpha,1,0.4529105412678341,-0.014024282476785999,1.0798411672583206,5,0.25
8C,Alpha,2,-0.1844432228177773,-0.412808556310555,-0.04106195074162713,5,0.0625
8C,Beta,1,-0.0350023841717622,-0.3455922717598348,0.2151279462878925,5,1.0
8C,Beta,2,-0.1990813834789698,-0.8007647078451008,0.1671123940236953,5,0.875
8C,Delta,1,-0.05148876326157677,-0.38547221844967083,0.20354878925925987,5,0.875
8C,Delta,2,-0.2351267813333635,-0.7522606033864812,0.13560411559179286,5,0.6875
8C,GammaH,1,-0.4536794603973348,-1.0643112706061977,0.016328910197513126,5,0.25
8C,GammaH,2,0.12108339946933597,-0.09565700211636426,0.42785801920732425,5,0.75
8C,GammaL,1,0.11308761233740086,-0.1432638328954617,0.3694390575702634,5,0.5625
8C,GammaL,2,0.0683249910871389,-0.13023541949875012,0.33932384528162673,5,0.875
8C,Ripple,1,-0.2217600689645451,-0.6465639439730652,0.04585137755612365,5,0.4375
8C,Ripple,2,0.1872471137882009,-0.2173499160608209,0.9618971998598426,5,1.0
8C,Theta,1,0.25771280404947844,-0.07556967659118215,0.7129016382041804,5,0.3125
8C,Theta,2,-0.07507927716429989,-0.4182890645947289,0.17480941503431283,5,0.875
8Av,Alpha,1,-0.19890081413979743,-0.44046650299735646,0.04266487471776159,2,1.0
8Av,Alpha,2,0.015139817255855448,-0.14058047864230971,0.1708601131540206,2,1.0
8Av,Beta,1,0.029725439289512323,-0.06389370986823906,0.1233445884472637,2,1.0
8Av,Beta,2,-0.11422097609457005,-0.22018277215812176,-0.008259180031018332,2,0.5
8Av,Delta,1,-0.10268003686705107,-0.21837801705272142,0.013017943318619274,2,1.0
8Av,Delta,2,-0.07137464044791386,-0.1565402154910771,0.013790934595249382,2,1.0
8Av,GammaH,1,0.2268715012307112,0.19517129044417203,0.2585717120172504,2,0.5
8Av,GammaH,2,0.026279858942540812,-0.07553567032802633,0.12809538821310795,2,1.0
8Av,GammaL,1,0.0005057171494105006,-0.1296156641099202,0.1306270984087412,2,1.0
8Av,GammaL,2,0.05907839532742898,-0.15964921196168902,0.277806002616547,2,1.0
8Av,Ripple,1,0.09403880762673289,-0.15853352620821326,0.34661114146167904,2,1.0
8Av,Ripple,2,0.14209344808934432,0.06299671232673987,0.22119018385194877,2,0.5
8Av,Theta,1,-0.3091260071117503,-0.4456607049665422,-0.17259130925695843,2,0.5
8Av,Theta,2,-0.17647867427632669,-0.23816783604878822,-0.11478951250386515,2,0.5
i6-8,Alpha,1,1.800413481798529,1.800413481798529,1.800413481798529,1,
i6-8,Alpha,2,-0.8912812924142948,-0.8912812924142948,-0.8912812924142948,1,
i6-8,Beta,1,1.0365349169412355,1.0365349169412355,1.0365349169412355,1,
i6-8,Beta,2,-0.48408505728543005,-0.48408505728543005,-0.48408505728543005,1,
i6-8,Delta,1,-0.5003516596669577,-0.5003516596669577,-0.5003516596669577,1,
i6-8,Delta,2,-1.0218456072775304,-1.0218456072775304,-1.0218456072775304,1,
i6-8,GammaH,1,-0.34511870918139564,-0.34511870918139564,-0.34511870918139564,1,
i6-8,GammaH,2,1.6975775021568253,1.6975775021568253,1.6975775021568253,1,
i6-8,GammaL,1,-0.5770314858267511,-0.5770314858267511,-0.5770314858267511,1,
i6-8,GammaL,2,0.66469347339115,0.66469347339115,0.66469347339115,1,
i6-8,Ripple,1,-0.405319339884354,-0.405319339884354,-0.405319339884354,1,
i6-8,Ripple,2,-0.5101082243443997,-0.5101082243443997,-0.5101082243443997,1,
i6-8,Theta,1,0.3575497482453365,0.3575497482453365,0.3575497482453365,1,
i6-8,Theta,2,1.2349290361816188,1.2349290361816188,1.2349290361816188,1,
s6-8,Alpha,1,0.6536657456162018,0.6536657456162018,0.6536657456162018,1,
s6-8,Alpha,2,0.4876397696231578,0.4876397696231578,0.4876397696231578,1,
s6-8,Beta,1,1.3791823676260258,1.3791823676260258,1.3791823676260258,1,
s6-8,Beta,2,-0.08231531940819892,-0.08231531940819892,-0.08231531940819892,1,
s6-8,Delta,1,0.9953022254320523,0.9953022254320523,0.9953022254320523,1,
s6-8,Delta,2,-0.5407941734030643,-0.5407941734030643,-0.5407941734030643,1,
s6-8,GammaH,1,1.7234058054883405,1.7234058054883405,1.7234058054883405,1,
s6-8,GammaH,2,-1.4573560812148934,-1.4573560812148934,-1.4573560812148934,1,
s6-8,GammaL,1,1.2436598715622722,1.2436598715622722,1.2436598715622722,1,
s6-8,GammaL,2,0.047166985242988346,0.047166985242988346,0.047166985242988346,1,
s6-8,Ripple,1,0.5009763673788044,0.5009763673788044,0.5009763673788044,1,
s6-8,Ripple,2,0.8031898993766617,0.8031898993766617,0.8031898993766617,1,
s6-8,Theta,1,-0.18209592677737874,-0.18209592677737874,-0.18209592677737874,1,
s6-8,Theta,2,0.40023858486227937,0.40023858486227937,0.40023858486227937,1,
8Ad,Alpha,1,0.17575809277165533,-0.2246463459812027,0.5761625315245134,2,1.0
8Ad,Alpha,2,-0.0885207007985489,-0.10702266043127295,-0.07001874116582485,2,0.5
8Ad,Beta,1,1.1025128657478245,-0.03633771925260021,2.241363450748249,2,1.0
8Ad,Beta,2,0.6032730115633402,0.2325599143214525,0.973986108805228,2,0.5
8Ad,Delta,1,-0.4204093236193813,-0.5761738384195674,-0.2646448088191953,2,0.5
8Ad,Delta,2,-0.34445284334711523,-0.4902136306054814,-0.19869205608874907,2,0.5
8Ad,GammaH,1,-0.03564561174260383,-0.23042761122882993,0.15913638774362227,2,1.0
8Ad,GammaH,2,-0.1354671237870786,-0.39807139738909214,0.12713714981493496,2,1.0
8Ad,GammaL,1,0.4120268629039181,-0.006077450768604109,0.8301311765764403,2,1.0
8Ad,GammaL,2,0.767294522126285,0.04212726326016991,1.4924617809924001,2,0.5
8Ad,Ripple,1,0.23426373909880915,0.1274006635261884,0.3411268146714299,2,0.5
8Ad,Ripple,2,-1.1683545348228854,-1.8883509456755903,-0.4483581239701806,2,0.5
8Ad,Theta,1,0.16144538623452043,0.05169286415812735,0.2711979083109135,2,0.5
8Ad,Theta,2,-0.45448827342252507,-0.864845063808648,-0.04413148303640213,2,0.5
p9-46v,Alpha,1,0.6197954786498956,0.020795240001335813,1.4316322989248684,4,0.25
p9-46v,Alpha,2,-0.02109695621584784,-0.26848533020425513,0.12041784957960111,4,1.0
p9-46v,Beta,1,-0.5018243975746008,-1.1064692269993728,0.03998141801297184,4,0.25
p9-46v,Beta,2,0.04093941012618885,-0.13430126174858792,0.2161800820009656,4,0.875
p9-46v,Delta,1,0.5031314915474194,0.07658864477860128,1.3144014477410195,4,0.125
p9-46v,Delta,2,0.24749407787370714,-0.43686409535584936,1.1740720953561041,4,0.875
p9-46v,GammaH,1,0.45940504059047527,0.02342082816677582,1.1356739543690306,4,0.25
p9-46v,GammaH,2,-0.07787530975329471,-0.5959547973420012,0.44607605220002444,4,0.75
p9-46v,GammaL,1,0.1285727390185718,-0.2684659848109696,0.4819239531168309,4,0.625
p9-46v,GammaL,2,-0.46800892536106087,-0.9496666956028736,-0.20703249473123275,4,0.125
p9-46v,Ripple,1,-0.3491925378956342,-1.123505773257027,0.18500345392661455,4,0.625
p9-46v,Ripple,2,-0.2529830089362415,-0.8120077899972031,0.30604177212472017,4,0.625
p9-46v,Theta,1,0.6378791420272432,0.030121212391016172,1.735147927174828,4,0.25
p9-46v,Theta,2,0.4919817521586314,0.12063770977050581,0.9080051083579761,4,0.25
46,Alpha,1,-0.14372645353774574,-0.4148198570354502,0.045106542390352736,6,0.4375
46,Alpha,2,-0.015287983157393844,-0.5067303682532582,0.5915447407828941,6,0.9375
46,Beta,1,-0.2597546235167349,-0.5267814455690137,0.006455340613642946,6,0.1875
46,Beta,2,-0.030276870805630313,-0.5771639555738984,0.38511277385645926,6,0.9375
46,Delta,1,0.17498971101705743,-0.015736753702155326,0.3736138275813759,6,0.1875
46,Delta,2,-0.291404233347001,-0.6898637176787101,0.0756834655716147,6,0.21875
46,GammaH,1,-0.13133581230644728,-0.5580602561473871,0.20665681709608683,6,0.65625
46,GammaH,2,0.16468658516896126,-0.17493972598542543,0.5897755246060724,6,0.625
46,GammaL,1,0.4599909774465729,-0.023952975496347523,1.294377033882481,6,0.25
46,GammaL,2,0.14760456887480267,-0.24280997319667522,0.6743776746404446,6,0.78125
46,Ripple,1,-0.18213336066311156,-0.3843303802912607,0.018502901047864267,6,0.21875
46,Ripple,2,0.008862614654358225,-0.2705007481030659,0.3795001818411752,6,0.96875
46,Theta,1,-0.24033272728647384,-0.9862193286372811,0.2767551205586087,6,0.75
46,Theta,2,-0.049586424315066324,-0.32010707068855443,0.24446312325338818,6,0.78125
9-46d,Alpha,1,-0.18466930438032847,-0.18663885576276584,-0.1826997529978911,2,0.5
9-46d,Alpha,2,-0.1987077226899423,-0.28474779827900676,-0.11266764710087784,2,0.5
9-46d,Beta,1,0.47910909110198574,0.47077607939926125,0.48744210280471023,2,0.5
9-46d,Beta,2,0.1712496046656593,-0.10736696687074598,0.4498661762020646,2,1.0
9-46d,Delta,1,-0.0952265554155538,-0.2027129430920347,0.012259832260927084,2,1.0
9-46d,Delta,2,0.7600010139967388,0.16254962801893313,1.3574523999745445,2,0.5
9-46d,GammaH,1,0.846556218161858,0.2519396354943737,1.4411728008293423,2,0.5
9-46d,GammaH,2,0.447231642199581,0.2758485485205746,0.6186147358785874,2,0.5
9-46d,GammaL,1,0.3292831469157793,0.23507640041263755,0.42348989341892107,2,0.5
9-46d,GammaL,2,-0.885909324321398,-1.839894707857919,0.06807605921512305,2,1.0
9-46d,Ripple,1,0.17471938892844463,0.133444374185963,0.21599440367092626,2,0.5
9-46d,Ripple,2,-0.4044637450742581,-0.9370974574178845,0.12816996726936836,2,1.0
9-46d,Theta,1,-0.22404003415357465,-0.4041687053358203,-0.04391136297132903,2,0.5
9-46d,Theta,2,-0.8976774074785361,-1.5093323778423056,-0.2860224371147666,2,0.5
V1,Alpha,1,0.0392049075122415,-0.19040280811429683,0.25982852851362426,5,0.8125
V1,Alpha,2,-0.07141424799075721,-0.3012062055365128,0.14329996789980726,5,0.625
V1,Beta,1,-0.21300638500963273,-0.2945724860558713,-0.1294221536644443,5,0.0625
V1,Beta,2,0.1373543976728783,-0.08466257748510415,0.34772399534373977,5,0.3125
V1,Delta,1,0.016569725273235036,-0.33649751727404364,0.3696369678205137,5,1.0
V1,Delta,2,-0.11419289347570113,-0.29677714156712864,0.11220505757316346,5,0.4375
V1,GammaH,1,0.03233994312026809,-0.16225683995207235,0.22693672619260852,5,0.9375
V1,GammaH,2,0.1293697263927079,-0.2577904140635532,0.5408089098412112,5,0.5625
V1,GammaL,1,-0.10048463685574945,-0.14462564564511737,-0.05634362806638151,5,0.0625
V1,GammaL,2,0.020782916959317534,-0.210767965940272,0.22711103400771152,5,0.9375
V1,Ripple,1,0.16626473919514737,-0.033903349111619005,0.3395402215123511,5,0.1875
V1,Ripple,2,0.02045093315080777,-0.27366090506213114,0.29364518359179925,5,0.8125
V1,Theta,1,-0.006895246006148881,-0.1178911109927121,0.12603424189275642,5,0.9375
V1,Theta,2,0.03036171336712954,-0.2556116545965286,0.3225847870879015,5,0.875
V2,Alpha,1,0.14719009710699354,0.08232409003215224,0.2403038153883145,5,0.0625
V2,Alpha,2,-0.14157802821839455,-0.4262454360456793,0.14437103915291233,5,0.375
V2,Beta,1,0.1205425443244863,0.019417397421128156,0.21307309882980405,5,0.1875
V2,Beta,2,-0.03664122753739818,-0.2978065103970266,0.2455702590137193,5,0.75
V2,Delta,1,0.1538344473028488,0.011461813665756892,0.2962070809399407,5,0.1875
V2,Delta,2,-0.15091080410067548,-0.36424785829195316,0.05423830558284237,5,0.3125
V2,GammaH,1,0.3241300584872214,0.01732741166994174,0.7262102276542294,5,0.1875
V2,GammaH,2,0.15938646271693316,-0.05323149343729838,0.42372971835552065,5,0.3125
V2,GammaL,1,0.1889965253697774,0.004960889396433288,0.4036289746937321,5,0.1875
V2,GammaL,2,0.07490750300741097,-0.07732792916880342,0.2345907173743818,5,0.5
V2,Ripple,1,-0.07193559520011021,-0.36764978663861214,0.16385902451472703,5,0.75
V2,Ripple,2,-0.1448407744319084,-0.4805403993433394,0.20258068117163575,5,0.5625
V2,Theta,1,0.09267168784936501,-0.03253182972732489,0.23247235517917558,5,0.5
V2,Theta,2,0.17179628347535641,-0.05634443674133678,0.3999370036920496,5,0.375
V3,Alpha,1,-0.6350911290829941,-0.6350911290829941,-0.6350911290829941,1,
V3,Alpha,2,0.025654831710298254,0.025654831710298254,0.025654831710298254,1,
V3,Beta,1,0.0713823694310598,0.0713823694310598,0.0713823694310598,1,
V3,Beta,2,-0.15899851815137822,-0.15899851815137822,-0.15899851815137822,1,
V3,Delta,1,0.2478176341463616,0.2478176341463616,0.2478176341463616,1,
V3,Delta,2,0.5514090838809587,0.5514090838809587,0.5514090838809587,1,
V3,GammaH,1,0.05450195331252772,0.05450195331252772,0.05450195331252772,1,
V3,GammaH,2,-0.38730848127553585,-0.38730848127553585,-0.38730848127553585,1,
V3,GammaL,1,-0.4838822152817066,-0.4838822152817066,-0.4838822152817066,1,
V3,GammaL,2,0.17559852997658254,0.17559852997658254,0.17559852997658254,1,
V3,Ripple,1,-0.24598080099834974,-0.24598080099834974,-0.24598080099834974,1,
V3,Ripple,2,-0.6326220335803683,-0.6326220335803683,-0.6326220335803683,1,
V3,Theta,1,-0.12579269459722653,-0.12579269459722653,-0.12579269459722653,1,
V3,Theta,2,-0.3245643357103276,-0.3245643357103276,-0.3245643357103276,1,
V4,Alpha,1,-0.03711433956521759,-0.03711433956521759,-0.03711433956521759,1,
V4,Alpha,2,0.048430403474025496,0.048430403474025496,0.048430403474025496,1,
V4,Beta,1,0.1349538573563862,0.1349538573563862,0.1349538573563862,1,
V4,Beta,2,-0.051714939480692834,-0.051714939480692834,-0.051714939480692834,1,
V4,Delta,1,-0.2261181416711011,-0.2261181416711011,-0.2261181416711011,1,
V4,Delta,2,-0.4477974627938295,-0.4477974627938295,-0.4477974627938295,1,
V4,GammaH,1,0.2422338801763999,0.2422338801763999,0.2422338801763999,1,
V4,GammaH,2,-0.052000712261598636,-0.052000712261598636,-0.052000712261598636,1,
V4,GammaL,1,0.11285384465993786,0.11285384465993786,0.11285384465993786,1,
V4,GammaL,2,-0.1410400723535119,-0.1410400723535119,-0.1410400723535119,1,
V4,Ripple,1,0.418345836506564,0.418345836506564,0.418345836506564,1,
V4,Ripple,2,-0.44233660887476134,-0.44233660887476134,-0.44233660887476134,1,
V4,Theta,1,0.30367164679891445,0.30367164679891445,0.30367164679891445,1,
V4,Theta,2,0.044822413327541,0.044822413327541,0.044822413327541,1,
V3A,Alpha,1,-0.5711801777363021,-0.5711801777363021,-0.5711801777363021,1,
V3A,Alpha,2,-0.228385487075915,-0.228385487075915,-0.228385487075915,1,
V3A,Beta,1,0.6691548982666617,0.6691548982666617,0.6691548982666617,1,
V3A,Beta,2,0.2511510925797573,0.2511510925797573,0.2511510925797573,1,
V3A,Delta,1,0.5419929419721967,0.5419929419721967,0.5419929419721967,1,
V3A,Delta,2,0.452516873598551,0.452516873598551,0.452516873598551,1,
V3A,GammaH,1,1.0901939071095441,1.0901939071095441,1.0901939071095441,1,
V3A,GammaH,2,-0.5002933240135192,-0.5002933240135192,-0.5002933240135192,1,
V3A,GammaL,1,-0.18691548310600936,-0.18691548310600936,-0.18691548310600936,1,
V3A,GammaL,2,0.0029814315495997334,0.0029814315495997334,0.0029814315495997334,1,
V3A,Ripple,1,-0.2043862673901522,-0.2043862673901522,-0.2043862673901522,1,
V3A,Ripple,2,0.2770197718773666,0.2770197718773666,0.2770197718773666,1,
V3A,Theta,1,0.11880498301618303,0.11880498301618303,0.11880498301618303,1,
V3A,Theta,2,-0.07246063801947855,-0.07246063801947855,-0.07246063801947855,1,
EC,Alpha,1,-0.028025659253709277,-0.3786231081900716,0.2852427715907083,5,0.8125
EC,Alpha,2,0.044437463258550025,-0.22116017169221536,0.31432627502711413,5,0.8125
EC,Beta,1,0.3142369666885415,-0.3604030466271794,1.226289037080606,5,0.75
EC,Beta,2,-0.1844634033362965,-0.425829431488242,0.05446406578837042,5,0.3125
EC,Delta,1,0.2752123998757874,0.034225230765289896,0.5233018626108368,5,0.125
EC,Delta,2,-0.10936051979480724,-0.4233311433258372,0.24214466920509992,5,0.5625
EC,GammaH,1,0.018077731907870744,-0.4260726291771334,0.48787251812787674,5,0.9375
EC,GammaH,2,-0.02862047491104249,-0.2718675990774727,0.26364278383779194,5,0.875
EC,GammaL,1,0.4435958423879619,-0.10876258692370584,1.2208829857733363,5,0.375
EC,GammaL,2,0.045703326611334916,-0.37634098573020724,0.4023110090029398,5,0.9375
EC,Ripple,1,-0.10170913765409466,-0.27417860452761217,0.05428914748961944,5,0.5
EC,Ripple,2,0.7283356597489103,-0.032614241717356406,2.0574468361446163,5,0.375
EC,Theta,1,-0.45175313674934686,-1.4260151738042595,0.11829813000187457,5,0.6875
EC,Theta,2,-0.3756986961681328,-1.0378578575482529,0.030199622787021242,5,0.3125
PeEc,Alpha,1,0.10830205569669157,-0.09274779390674277,0.3691438014064965,7,0.578125
PeEc,Alpha,2,-0.034132570493391814,-0.14004543473204173,0.06595581251599165,7,0.59375
PeEc,Beta,1,-0.08896632859833684,-0.47087010297763093,0.13263679364017936,7,0.984375
PeEc,Beta,2,0.01156352832871832,-0.22672293260691997,0.2212976925014511,7,0.9375
PeEc,Delta,1,-0.1122221357191547,-0.22725825093096422,-0.020506963629965163,7,0.0625
PeEc,Delta,2,0.2649423801691689,0.014589356179958,0.5713920016188639,7,0.140625
PeEc,GammaH,1,-0.3141174730742762,-0.7565504348677615,0.04396706095488107,7,0.1875
PeEc,GammaH,2,0.24987543955439762,-0.05453695475077496,0.6692834182282057,7,0.25
PeEc,GammaL,1,-0.11830151699858707,-0.27894555993551606,0.08706072651409055,7,0.28125
PeEc,GammaL,2,0.15030109332683544,-0.07148664504407622,0.3647572556037219,7,0.265625
PeEc,Ripple,1,-0.034926338027792624,-0.24503762451630098,0.19079013140424952,7,0.8125
PeEc,Ripple,2,-0.1701995051647184,-0.35687415215884905,-0.0020959182387103275,7,0.140625
PeEc,Theta,1,-0.15412735566726404,-0.5270834056969639,0.13469838605080955,7,0.546875
PeEc,Theta,2,0.3042755632017113,0.009226323448712341,0.6578280427500053,7,0.125
Hippocampus,Alpha,1,0.08354005988418832,-0.10309858164142761,0.25479959678652525,14,0.416015625
Hippocampus,Alpha,2,-0.028999947054927082,-0.1916815226045789,0.12237281305491883,14,0.7384033203125
Hippocampus,Beta,1,-0.11044462706910833,-0.28405245446132127,0.058334637534524114,14,0.2406005859375
Hippocampus,Beta,2,0.056394877950854294,-0.0679364654272957,0.18030519590196384,14,0.401123046875
Hippocampus,Delta,1,-0.013732536864043965,-0.09913202246467358,0.07272661465036617,14,0.76611328125
Hippocampus,Delta,2,-0.017957823289947075,-0.21299661408391846,0.15239261014713848,14,0.8555908203125
Hippocampus,GammaH,1,-0.027999961117707528,-0.20729811199042225,0.14003698567078077,14,0.7828369140625
Hippocampus,GammaH,2,0.05650149139375544,-0.09041046804044889,0.22277615440660134,14,0.5462646484375
Hippocampus,GammaL,1,0.07634248216043282,-0.04301647350599652,0.20093549922571527,14,0.2711181640625
Hippocampus,GammaL,2,-0.1562357129713681,-0.5904365710806309,0.13863102641158245,14,0.6627197265625
Hippocampus,Ripple,1,0.08134605643110174,-0.11593080872054759,0.2753845429389939,14,0.43994140625
Hippocampus,Ripple,2,-0.07963083321032702,-0.29654732378973075,0.09165267505337915,14,0.572998046875
Hippocampus,Theta,1,0.030372161636023774,-0.13048172405486694,0.2134432396663046,14,0.7701416015625
Hippocampus,Theta,2,-0.17033514561648744,-0.46065065992331083,0.035427712179898374,14,0.27587890625
PreS,Alpha,1,-0.09185679547208458,-0.17460354976230796,0.04022093189144371,6,0.21875
PreS,Alpha,2,0.03633629473825787,-0.11573507539716084,0.18957730882860999,6,0.6875
PreS,Beta,1,-0.14161687932558684,-0.37150050537901436,0.14765771132651648,6,0.375
PreS,Beta,2,-0.09603809055656676,-0.28654213825374814,0.09640057905636408,6,0.46875
PreS,Delta,1,0.0779046615046332,-0.07642928808884442,0.22680407990898743,6,0.40625
PreS,Delta,2,-0.12700359244777104,-0.2317412379945575,-0.035329242791037295,6,0.0625
PreS,GammaH,1,-0.051866518974390395,-0.21410335106292125,0.10354425041702224,6,0.625
PreS,GammaH,2,-0.10310349566476222,-0.36619794748856965,0.09921506237333529,6,0.625
PreS,GammaL,1,0.06525541278650653,-0.15205073130650013,0.2568190776431975,6,0.59375
PreS,GammaL,2,0.02683763078254664,-0.05391746020457037,0.12300421282299585,6,0.65625
PreS,Ripple,1,-0.054271995038801535,-0.2525426118685707,0.12537656113412451,6,0.625
PreS,Ripple,2,-0.12582837393982693,-0.2688872936370969,-0.0035698754477528163,6,0.15625
PreS,Theta,1,0.07960569871136869,0.017454115174727985,0.16748953422670945,6,0.125
PreS,Theta,2,0.01852940626491358,-0.21178848601511824,0.2982761045489563,6,0.84375
44,Alpha,1,0.09230602484688906,-0.28517737497415396,0.5389115067390691,3,0.75
44,Alpha,2,-0.16743526138703993,-0.29362597475413565,-0.06449962480981242,3,0.25
44,Beta,1,0.13573679973840078,-0.02796051863057869,0.35963851180729023,3,0.5
44,Beta,2,-0.02571131335209979,-0.2936715537706611,0.12034838517504554,3,1.0
44,Delta,1,-0.0434036871185827,-0.2289928723571002,0.07027282447498706,3,1.0
44,Delta,2,-0.14056761876543314,-0.36769389800407026,0.011225739547814584,3,0.5
44,GammaH,1,-0.44104724436362847,-0.5632884989820788,-0.2644481809139769,3,0.25
44,GammaH,2,-0.014295780852598009,-0.2894364817723982,0.36117716302738856,3,1.0
44,GammaL,1,0.12444788672744996,0.08359252251872107,0.18969897684679182,3,0.25
44,GammaL,2,-0.10466527652559658,-0.1624432103442892,0.0038461291098990102,3,0.5
44,Ripple,1,0.12476775903486252,-0.03419131350297988,0.3064388833003022,3,0.5
44,Ripple,2,-0.006668406677048229,-0.19153629723547994,0.25352563387076543,3,1.0
44,Theta,1,0.07120464431359252,-0.0021965324188855107,0.18814534375571768,3,0.5
44,Theta,2,-0.10691934351091821,-0.25413018594783665,0.10624287848189695,3,0.5
45,Alpha,1,0.1005612771131581,-0.12421798231177661,0.3253405365380928,2,1.0
45,Alpha,2,0.16703482178480833,-0.017621745382655263,0.3516913889522719,2,1.0
45,Beta,1,-0.03228595802198164,-0.05462248199960129,-0.009949434044361993,2,0.5
45,Beta,2,0.0006387959126907816,-0.03629060275407525,0.037568194579456815,2,1.0
45,Delta,1,-0.09751676318581382,-0.137603488846608,-0.05743003752501963,2,0.5
45,Delta,2,0.20414971838855678,0.0041484938908737945,0.40415094288623976,2,0.5
45,GammaH,1,-0.07531925946041795,-0.3615058227476453,0.2108673038268094,2,1.0
45,GammaH,2,-0.12269332414809853,-0.2038014512529287,-0.04158519704326835,2,0.5
45,GammaL,1,0.00634634664364242,-0.03295956268723188,0.04565225597451672,2,1.0
45,GammaL,2,0.12508854647163936,0.02805003953864116,0.22212705340463756,2,0.5
45,Ripple,1,0.10502213365846558,-0.11752602543196033,0.3275702927488915,2,1.0
45,Ripple,2,-0.1249394390798848,-0.16693153218643175,-0.08294734597333786,2,0.5
45,Theta,1,-0.04480564442202528,-0.4652307152415567,0.3756194263975061,2,1.0
45,Theta,2,-0.061382799510647956,-0.17440133263582425,0.051635733614528334,2,1.0
IFJp,Alpha,1,0.07571421932327027,0.07571421932327027,0.07571421932327027,1,
IFJp,Alpha,2,0.08263908355554861,0.08263908355554861,0.08263908355554861,1,
IFJp,Beta,1,0.43253972160997023,0.43253972160997023,0.43253972160997023,1,
IFJp,Beta,2,0.2792603337937791,0.2792603337937791,0.2792603337937791,1,
IFJp,Delta,1,0.17563091126301345,0.17563091126301345,0.17563091126301345,1,
IFJp,Delta,2,0.0378216314460289,0.0378216314460289,0.0378216314460289,1,
IFJp,GammaH,1,-0.37089170656200565,-0.37089170656200565,-0.37089170656200565,1,
IFJp,GammaH,2,-0.24583736661174882,-0.24583736661174882,-0.24583736661174882,1,
IFJp,GammaL,1,0.1408499621763042,0.1408499621763042,0.1408499621763042,1,
IFJp,GammaL,2,-0.3997301357469283,-0.3997301357469283,-0.3997301357469283,1,
IFJp,Ripple,1,-0.16820386532209497,-0.16820386532209497,-0.16820386532209497,1,
IFJp,Ripple,2,-0.042391898584863696,-0.042391898584863696,-0.042391898584863696,1,
IFJp,Theta,1,0.020893828767867717,0.020893828767867717,0.020893828767867717,1,
IFJp,Theta,2,-0.3051886563232955,-0.3051886563232955,-0.3051886563232955,1,
IFJa,Alpha,1,0.025624669430573732,-0.15405312964312756,0.20530246850427503,4,0.875
IFJa,Alpha,2,-0.16216354447952863,-0.3732926541077779,0.04552395107619667,4,0.25
IFJa,Beta,1,0.11644601505355734,0.042228408020990926,0.2176323526282422,4,0.125
IFJa,Beta,2,-0.03092013648567704,-0.15150866833711163,0.14700775244291808,4,0.875
IFJa,Delta,1,0.0604833171161383,-0.11645006689666104,0.23998299652529287,4,0.75
IFJa,Delta,2,0.08365815730045245,-0.2543506484029505,0.3455753972901938,4,0.625
IFJa,GammaH,1,0.008613766475992435,-0.08623470791227916,0.10346224086426403,4,0.875
IFJa,GammaH,2,0.08607454493363687,-0.05834082850271116,0.29726101958501516,4,0.75
IFJa,GammaL,1,0.27926968562142207,-0.041707943939119474,0.6002473151819636,4,0.375
IFJa,GammaL,2,0.0499737245261036,-0.038238874807033696,0.1381863238592409,4,0.5
IFJa,Ripple,1,-0.14323699648803778,-0.3303544622824015,0.05560021138441407,4,0.375
IFJa,Ripple,2,-0.12547063086099186,-0.20566984566057744,-0.022611736309746,4,0.25
IFJa,Theta,1,-0.02570204696477063,-0.09937009630106886,0.07376430272760626,4,0.625
IFJa,Theta,2,-0.038307891235715985,-0.1999153891382317,0.12329960666679973,4,0.625
IFSp,Alpha,1,-0.05636483108624972,-0.11642278000597628,0.004376204056973166,5,0.25
IFSp,Alpha,2,-0.14825759473630667,-0.3552920814320686,0.058776891959455214,5,0.3125
IFSp,Beta,1,-0.06848416448499747,-0.2925851272261696,0.1556167982561746,5,0.625
IFSp,Beta,2,-0.1704079283210646,-0.4250409172620181,0.07750078575831978,5,0.375
IFSp,Delta,1,-0.09187487592236679,-0.27651550435782324,0.09276575251308969,5,0.4375
IFSp,Delta,2,0.11341668212758052,0.04188053916987329,0.21813153239269029,5,0.0625
IFSp,GammaH,1,0.036823176724723086,-0.08073444923034216,0.14806807722711568,5,0.5625
IFSp,GammaH,2,0.12159335376752552,-0.08725078914934556,0.2897702668613654,5,0.3125
IFSp,GammaL,1,-0.03776421758024071,-0.301718459958753,0.1856961036449391,5,0.75
IFSp,GammaL,2,0.07604780889550895,-0.2176563562722201,0.3242389835989748,5,0.6875
IFSp,Ripple,1,0.19424297720071237,0.03927637857572961,0.36437005773098435,5,0.125
IFSp,Ripple,2,-0.03531628845477428,-0.29425765757226896,0.2236250806627204,5,0.875
IFSp,Theta,1,0.06567824867832144,-0.14002712480944127,0.2472939584952762,5,0.5625
IFSp,Theta,2,-0.016547379555245812,-0.27087003305087476,0.17663985395488666,5,0.9375
IFSa,Alpha,1,0.06947225987346961,-0.029806938111276438,0.17498484482472954,4,0.375
IFSa,Alpha,2,-0.06582726421467822,-0.2538920619539793,0.0911040898576374,4,0.75
IFSa,Beta,1,-0.2230145811128006,-0.659034667246523,0.07676880521461893,4,0.5
IFSa,Beta,2,0.19453852407455763,-0.007067398230251598,0.39614444637936685,4,0.375
IFSa,Delta,1,0.09254554282582728,-0.09233619375578872,0.285022975323745,4,0.5
IFSa,Delta,2,0.004496222860148613,-0.1313708727755536,0.10047426633546586,4,1.0
IFSa,GammaH,1,-0.018978383197477022,-0.1343301476241514,0.11674727634776172,4,1.0
IFSa,GammaH,2,0.09929128658464936,-0.10471055941441687,0.3570104474290954,4,0.75
IFSa,GammaL,1,0.003598561920451715,-0.22383517721901214,0.24203202090117237,4,1.0
IFSa,GammaL,2,0.0228780493398677,-0.2517037054181781,0.2974598040979135,4,1.0
IFSa,Ripple,1,0.19417695213408592,0.06824004974876718,0.33060318187170257,4,0.125
IFSa,Ripple,2,-0.07054528249622738,-0.3392373045922472,0.19814673959979245,4,0.75
IFSa,Theta,1,0.07320306055748205,-0.13300749112862498,0.27941361224358907,4,0.625
IFSa,Theta,2,-0.23191339028881686,-0.4269455224333596,-0.07490465220686726,4,0.125
IP0,Alpha,1,0.265214767295447,0.265214767295447,0.265214767295447,1,
IP0,Alpha,2,0.166755708603592,0.166755708603592,0.166755708603592,1,
IP0,Beta,1,-0.14983293723537017,-0.14983293723537017,-0.14983293723537017,1,
IP0,Beta,2,0.1496860245515137,0.1496860245515137,0.1496860245515137,1,
IP0,Delta,1,0.3137482642382601,0.3137482642382601,0.3137482642382601,1,
IP0,Delta,2,-0.0667009865229744,-0.0667009865229744,-0.0667009865229744,1,
IP0,GammaH,1,0.178061373886802,0.178061373886802,0.178061373886802,1,
IP0,GammaH,2,0.1385364814993153,0.1385364814993153,0.1385364814993153,1,
IP0,GammaL,1,-0.2127942277575059,-0.2127942277575059,-0.2127942277575059,1,
IP0,GammaL,2,0.015402113006334872,0.015402113006334872,0.015402113006334872,1,
IP0,Ripple,1,0.13604321645211215,0.13604321645211215,0.13604321645211215,1,
IP0,Ripple,2,0.23500749487807582,0.23500749487807582,0.23500749487807582,1,
IP0,Theta,1,0.10072952668989643,0.10072952668989643,0.10072952668989643,1,
IP0,Theta,2,-0.10474162206786986,-0.10474162206786986,-0.10474162206786986,1,
IP1,Alpha,1,0.11151815056256176,0.08355800852745432,0.1394782925976692,2,0.5
IP1,Alpha,2,0.11284636146822713,0.10826392269752816,0.1174288002389261,2,0.5
IP1,Beta,1,0.031131767819848832,-0.2731697229609189,0.33543325860061657,2,1.0
IP1,Beta,2,-0.10601848619962695,-0.1675016791640438,-0.044535293235210105,2,0.5
IP1,Delta,1,-0.2926137629383696,-0.4593694176534058,-0.12585810822333343,2,0.5
IP1,Delta,2,-0.23721534642025688,-0.5349371475571303,0.06050645471661653,2,1.0
IP1,GammaH,1,-0.00562640545943438,-0.3221544446918756,0.31090163377300684,2,1.0
IP1,GammaH,2,0.08628185792445464,-0.13571957598464834,0.3082832918335576,2,1.0
IP1,GammaL,1,0.2268438490384348,0.12841717199531288,0.3252705260815567,2,0.5
IP1,GammaL,2,0.12046814125584504,-0.14568451223739487,0.38662079474908495,2,1.0
IP1,Ripple,1,-0.31709326102862967,-0.5147058538817078,-0.11948066817555159,2,0.5
IP1,Ripple,2,0.24960514898748443,8.677794501465996e-05,0.4991235200299542,2,0.5
IP1,Theta,1,-0.28430004534294184,-0.7632622300920602,0.1946621394061765,2,1.0
IP1,Theta,2,0.38557416618104234,0.08531810521450112,0.6858302271475836,2,0.5
IP2,Alpha,1,0.11420662262435381,-0.5532205147736633,0.4703063501412217,3,1.0
IP2,Alpha,2,0.16414515718642994,-0.2856605632493334,0.86015362781637,3,1.0
IP2,Beta,1,-0.2256112896243323,-1.2560311073055708,0.45732442529769557,3,1.0
IP2,Beta,2,-0.0528916662343922,-0.4949601828002308,0.2572709690538062,3,1.0
IP2,Delta,1,0.26925879690202476,-0.09128683600150467,0.46409915356887055,3,0.5
IP2,Delta,2,-0.1573726705187184,-0.4062034007626103,0.1664996332104387,3,0.5
IP2,GammaH,1,-0.2583105117480571,-0.7929937861846064,0.20812522671872458,3,0.75
IP2,GammaH,2,-0.24983542453673144,-0.7249116964022981,0.1478763372879257,3,0.5
IP2,GammaL,1,0.19539738268146323,-0.07236700491652215,0.43992012895396115,3,0.5
IP2,GammaL,2,-0.24515894737491925,-0.5369230215212504,0.032608733853738414,3,0.5
IP2,Ripple,1,-0.20508220776187258,-1.0070464502972811,0.2203908192799453,3,1.0
IP2,Ripple,2,-0.10464241838497301,-0.6788034455827763,0.2161734730185323,3,1.0
IP2,Theta,1,-0.07157224201229084,-0.2691524232465312,0.09454165167307593,3,0.75
IP2,Theta,2,0.5219383956778216,0.3072435690747888,0.8630026899667413,3,0.25
TF,Alpha,1,0.051612863888150784,-0.06295265677702677,0.17949883121908186,8,0.46875
TF,Alpha,2,0.12128973934863518,-0.11103189120717971,0.376887390388066,8,0.390625
TF,Beta,1,0.013683927670454565,-0.07840855940272472,0.1141796661272303,8,0.8125
TF,Beta,2,-0.3112962028590438,-0.9703781421760924,0.12989171016668077,8,0.484375
TF,Delta,1,0.1785339956817018,0.00825893469536138,0.3700101156358217,8,0.1171875
TF,Delta,2,-0.019904173863492858,-0.23802262717751788,0.2202663348780247,8,0.8515625
TF,GammaH,1,0.12502641779246382,-0.25913485185527296,0.6577346015727796,8,0.859375
TF,GammaH,2,0.06395928920506666,-0.11614537986290197,0.2254423896384279,8,0.5078125
TF,GammaL,1,-0.07784626132345851,-0.18466475357059497,0.043609377769035715,8,0.25
TF,GammaL,2,0.06630083007454735,-0.17195080069240554,0.3205374680279709,8,0.625
TF,Ripple,1,0.2190570364243336,-0.1572573073154487,0.6911664390793147,8,0.4453125
TF,Ripple,2,0.0140247830871707,-0.23040060675540155,0.2851993393576654,8,0.9453125
TF,Theta,1,0.04918100262676495,-0.1482094630306933,0.23511677929456762,8,0.6328125
TF,Theta,2,-0.07549712461752689,-0.30293523231960284,0.0916068062109542,8,0.71875
VVC,Alpha,1,0.10221654588978968,-0.2492898552712539,0.635455736331263,4,1.0
VVC,Alpha,2,0.30063933156074985,-0.1329558634150061,0.7342345265365058,4,0.375
VVC,Beta,1,0.2635278326766244,0.16531589099033184,0.3627008646155776,4,0.125
VVC,Beta,2,-0.32790174400527405,-0.6188242145023448,-0.05526062047811031,4,0.25
VVC,Delta,1,0.10094148338010012,-0.08984039651979359,0.2792372581021523,4,0.5
VVC,Delta,2,0.7089326286106505,-0.09780738128194244,1.9471694188057143,4,0.375
VVC,GammaH,1,-0.4687400861602491,-1.0384635430713445,0.04759815912965237,4,0.375
VVC,GammaH,2,-0.13256497867836536,-0.9351195854728251,0.2872353044582949,4,1.0
VVC,GammaL,1,-0.0667854621937698,-0.4783283916092689,0.22339175311601345,4,0.875
VVC,GammaL,2,0.08800318744824498,-0.1411278710486119,0.31713424594510187,4,0.625
VVC,Ripple,1,-0.6314386684779958,-1.3626618249281872,-0.11849782505402828,4,0.125
VVC,Ripple,2,0.12401797905299894,-0.04303614325232097,0.24307873718685435,4,0.25
VVC,Theta,1,0.31212454885848206,-0.09627582971427451,0.796661030994624,4,0.5
VVC,Theta,2,-0.04634674324095922,-0.3386974020654314,0.24600391558351298,4,1.0
FFC,Alpha,1,-0.0570686893791823,-0.0570686893791823,-0.0570686893791823,1,
FFC,Alpha,2,0.23324825754359324,0.23324825754359324,0.23324825754359324,1,
FFC,Beta,1,0.13456941848252058,0.13456941848252058,0.13456941848252058,1,
FFC,Beta,2,0.048093865796897006,0.048093865796897006,0.048093865796897006,1,
FFC,Delta,1,0.05497034079775176,0.05497034079775176,0.05497034079775176,1,
FFC,Delta,2,0.07972419966089817,0.07972419966089817,0.07972419966089817,1,
FFC,GammaH,1,0.760670523586704,0.760670523586704,0.760670523586704,1,
FFC,GammaH,2,-0.06642557168143881,-0.06642557168143881,-0.06642557168143881,1,
FFC,GammaL,1,-0.3605063062350844,-0.3605063062350844,-0.3605063062350844,1,
FFC,GammaL,2,-0.5756695172211899,-0.5756695172211899,-0.5756695172211899,1,
FFC,Ripple,1,0.02821354391897657,0.02821354391897657,0.02821354391897657,1,
FFC,Ripple,2,0.12133507082142003,0.12133507082142003,0.12133507082142003,1,
FFC,Theta,1,-0.39047411062533044,-0.39047411062533044,-0.39047411062533044,1,
FFC,Theta,2,0.46050077124078825,0.46050077124078825,0.46050077124078825,1,
VMV1,Alpha,1,0.2418588150632921,0.03650167486178901,0.39791977277907975,3,0.25
VMV1,Alpha,2,-0.04292834021652917,-0.0905139972330602,0.03754600240543127,3,0.5
VMV1,Beta,1,-0.08436222468728734,-0.5774012059435094,0.1994541737811062,3,1.0
VMV1,Beta,2,0.018792566921539116,-0.13768989875299198,0.10668540431606388,3,1.0
VMV1,Delta,1,0.016083475069958553,-0.35862668228690353,0.32431414723422947,3,1.0
VMV1,Delta,2,0.008915361193428359,-0.21190494417739814,0.43699655218146205,3,1.0
VMV1,GammaH,1,0.11801006650839578,-0.2311318183430089,0.47163268543467396,3,0.75
VMV1,GammaH,2,-0.25360927783163234,-0.5047428293485403,-0.019694416712688678,3,0.25
VMV1,GammaL,1,0.18483901473152878,0.029903792140522967,0.3856349596137285,3,0.25
VMV1,GammaL,2,-0.08297157556280983,-0.5175922184520587,0.48813870537443904,3,0.75
VMV1,Ripple,1,0.30601842222545034,-0.004533129729303198,0.6006829361761206,3,0.5
VMV1,Ripple,2,-0.002977750426317982,-0.2022233059653047,0.28782402989569533,3,1.0
VMV1,Theta,1,0.28223382142298803,0.18374576670754195,0.44475110549523933,3,0.25
VMV1,Theta,2,0.35420503353121546,0.0556615018753952,0.8698842641943614,3,0.25
VMV2,Alpha,1,0.3362486660803725,0.3362486660803725,0.3362486660803725,1,
VMV2,Alpha,2,0.20029969049291552,0.20029969049291552,0.20029969049291552,1,
VMV2,Beta,1,0.38373319307118336,0.38373319307118336,0.38373319307118336,1,
VMV2,Beta,2,-0.23149403699877524,-0.23149403699877524,-0.23149403699877524,1,
VMV2,Delta,1,-0.04413615201526255,-0.04413615201526255,-0.04413615201526255,1,
VMV2,Delta,2,0.5066035404103992,0.5066035404103992,0.5066035404103992,1,
VMV2,GammaH,1,-0.48051779042158316,-0.48051779042158316,-0.48051779042158316,1,
VMV2,GammaH,2,0.011674807662341635,0.011674807662341635,0.011674807662341635,1,
VMV2,GammaL,1,-0.08389311736611305,-0.08389311736611305,-0.08389311736611305,1,
VMV2,GammaL,2,-0.8863492559369739,-0.8863492559369739,-0.8863492559369739,1,
VMV2,Ripple,1,0.15175223412232697,0.15175223412232697,0.15175223412232697,1,
VMV2,Ripple,2,0.02243341802110521,0.02243341802110521,0.02243341802110521,1,
VMV2,Theta,1,-0.11999932764669197,-0.11999932764669197,-0.11999932764669197,1,
VMV2,Theta,2,0.14981414206197385,0.14981414206197385,0.14981414206197385,1,
VMV3,Alpha,1,0.13654775966449506,0.13654775966449506,0.13654775966449506,1,
VMV3,Alpha,2,0.049993739615917576,0.049993739615917576,0.049993739615917576,1,
VMV3,Beta,1,0.09199683500119704,0.09199683500119704,0.09199683500119704,1,
VMV3,Beta,2,-0.08203721967619515,-0.08203721967619515,-0.08203721967619515,1,
VMV3,Delta,1,0.31207436085569285,0.31207436085569285,0.31207436085569285,1,
VMV3,Delta,2,0.1623492763605583,0.1623492763605583,0.1623492763605583,1,
VMV3,GammaH,1,-0.3951638252333325,-0.3951638252333325,-0.3951638252333325,1,
VMV3,GammaH,2,-0.3320923251813461,-0.3320923251813461,-0.3320923251813461,1,
VMV3,GammaL,1,0.19728921404753663,0.19728921404753663,0.19728921404753663,1,
VMV3,GammaL,2,0.5773271674952412,0.5773271674952412,0.5773271674952412,1,
VMV3,Ripple,1,0.46798665970251463,0.46798665970251463,0.46798665970251463,1,
VMV3,Ripple,2,0.3029636253609205,0.3029636253609205,0.3029636253609205,1,
VMV3,Theta,1,0.11364360781182725,0.11364360781182725,0.11364360781182725,1,
VMV3,Theta,2,-0.09232787599553305,-0.09232787599553305,-0.09232787599553305,1,
V6,Alpha,1,-0.20229859998256927,-0.813110260000478,0.10345731432437688,3,1.0
V6,Alpha,2,0.007833485864679801,-0.2672965013571229,0.44943257213482823,3,1.0
V6,Beta,1,0.163952347078317,0.03787273681385628,0.39808465781681335,3,0.25
V6,Beta,2,-0.1068072714869821,-0.22234186049113092,0.041546856222744566,3,0.5
V6,Delta,1,-0.09305330598978993,-0.19739198700660765,0.03210390475743807,3,0.5
V6,Delta,2,0.06903499691496151,-0.1148139621608415,0.26125861257637695,3,0.75
V6,GammaH,1,-0.08899757937978355,-0.3415337664810174,0.27566878197951894,3,0.75
V6,GammaH,2,-0.20186732530358972,-0.3422006610680981,-0.004355546432233126,3,0.25
V6,GammaL,1,0.041758389483547376,-0.02452020481847228,0.07628509488035462,3,0.5
V6,GammaL,2,-0.19917163133205426,-0.3113048406768151,-0.12091524669991216,3,0.25
V6,Ripple,1,-0.05503691639222078,-0.1965891262485755,0.21595477019439713,3,1.0
V6,Ripple,2,0.1843197494530114,0.039314329216008304,0.3921026908940668,3,0.25
V6,Theta,1,0.13940506721683477,-0.08514685640692576,0.2680746148903559,3,0.5
V6,Theta,2,0.12873340577305706,-0.10671930252351913,0.4693607148976433,3,0.75
V7,Alpha,1,-0.02248627831364658,-0.02248627831364658,-0.02248627831364658,1,
V7,Alpha,2,-0.5078807540659795,-0.5078807540659795,-0.5078807540659795,1,
V7,Beta,1,-0.40382408406026826,-0.40382408406026826,-0.40382408406026826,1,
V7,Beta,2,-0.06256080314226864,-0.06256080314226864,-0.06256080314226864,1,
V7,Delta,1,-0.11170612715259054,-0.11170612715259054,-0.11170612715259054,1,
V7,Delta,2,-0.32568709132576146,-0.32568709132576146,-0.32568709132576146,1,
V7,GammaH,1,-0.02834644767225214,-0.02834644767225214,-0.02834644767225214,1,
V7,GammaH,2,0.04989490604525315,0.04989490604525315,0.04989490604525315,1,
V7,GammaL,1,0.1500942903136746,0.1500942903136746,0.1500942903136746,1,
V7,GammaL,2,-0.33283366993254404,-0.33283366993254404,-0.33283366993254404,1,
V7,Ripple,1,-0.019231387261310573,-0.019231387261310573,-0.019231387261310573,1,
V7,Ripple,2,-0.386457792025638,-0.386457792025638,-0.386457792025638,1,
V7,Theta,1,0.18575605793325067,0.18575605793325067,0.18575605793325067,1,
V7,Theta,2,0.27009113865901924,0.27009113865901924,0.27009113865901924,1,
IPS1,Alpha,1,0.04846988175083666,0.04846988175083666,0.04846988175083666,1,
IPS1,Alpha,2,-0.09939851218288354,-0.09939851218288354,-0.09939851218288354,1,
IPS1,Beta,1,-0.5296274637994642,-0.5296274637994642,-0.5296274637994642,1,
IPS1,Beta,2,0.11919673831021882,0.11919673831021882,0.11919673831021882,1,
IPS1,Delta,1,-0.1326147103162434,-0.1326147103162434,-0.1326147103162434,1,
IPS1,Delta,2,0.29660196887020973,0.29660196887020973,0.29660196887020973,1,
IPS1,GammaH,1,0.39915900086771217,0.39915900086771217,0.39915900086771217,1,
IPS1,GammaH,2,0.10213019213421148,0.10213019213421148,0.10213019213421148,1,
IPS1,GammaL,1,-0.2747260847747057,-0.2747260847747057,-0.2747260847747057,1,
IPS1,GammaL,2,0.7585955745009372,0.7585955745009372,0.7585955745009372,1,
IPS1,Ripple,1,-0.012689143351185095,-0.012689143351185095,-0.012689143351185095,1,
IPS1,Ripple,2,0.0018970576405514805,0.0018970576405514805,0.0018970576405514805,1,
IPS1,Theta,1,0.1723640548844152,0.1723640548844152,0.1723640548844152,1,
IPS1,Theta,2,0.2338865957142815,0.2338865957142815,0.2338865957142815,1,
V3CD,Alpha,1,0.21831658010945176,0.21831658010945176,0.21831658010945176,1,
V3CD,Alpha,2,0.09119681747554864,0.09119681747554864,0.09119681747554864,1,
V3CD,Beta,1,0.09782716524366109,0.09782716524366109,0.09782716524366109,1,
V3CD,Beta,2,0.3431448581010308,0.3431448581010308,0.3431448581010308,1,
V3CD,Delta,1,-0.27189370711298366,-0.27189370711298366,-0.27189370711298366,1,
V3CD,Delta,2,0.2072881727782807,0.2072881727782807,0.2072881727782807,1,
V3CD,GammaH,1,0.2986948946602368,0.2986948946602368,0.2986948946602368,1,
V3CD,GammaH,2,-0.36453040763258926,-0.36453040763258926,-0.36453040763258926,1,
V3CD,GammaL,1,-0.9610729361197521,-0.9610729361197521,-0.9610729361197521,1,
V3CD,GammaL,2,0.34671980987388906,0.34671980987388906,0.34671980987388906,1,
V3CD,Ripple,1,-0.0026332840697307347,-0.0026332840697307347,-0.0026332840697307347,1,
V3CD,Ripple,2,0.034843099586979065,0.034843099586979065,0.034843099586979065,1,
V3CD,Theta,1,0.4410913841996411,0.4410913841996411,0.4410913841996411,1,
V3CD,Theta,2,0.46159884011186136,0.46159884011186136,0.46159884011186136,1,
LO1,Alpha,1,-0.30819198905026823,-0.30819198905026823,-0.30819198905026823,1,
LO1,Alpha,2,-0.25847290984395954,-0.25847290984395954,-0.25847290984395954,1,
LO1,Beta,1,0.2145926746039457,0.2145926746039457,0.2145926746039457,1,
LO1,Beta,2,0.05546909463529204,0.05546909463529204,0.05546909463529204,1,
LO1,Delta,1,-0.10316523901504837,-0.10316523901504837,-0.10316523901504837,1,
LO1,Delta,2,-0.39083633968681397,-0.39083633968681397,-0.39083633968681397,1,
LO1,GammaH,1,-0.26043406411885783,-0.26043406411885783,-0.26043406411885783,1,
LO1,GammaH,2,0.07100656888171741,0.07100656888171741,0.07100656888171741,1,
LO1,GammaL,1,0.4931703176460758,0.4931703176460758,0.4931703176460758,1,
LO1,GammaL,2,0.07496007930683035,0.07496007930683035,0.07496007930683035,1,
LO1,Ripple,1,-0.3636050190784914,-0.3636050190784914,-0.3636050190784914,1,
LO1,Ripple,2,-0.15399006774370605,-0.15399006774370605,-0.15399006774370605,1,
LO1,Theta,1,-0.14068096679973863,-0.14068096679973863,-0.14068096679973863,1,
LO1,Theta,2,-0.13333290143653187,-0.13333290143653187,-0.13333290143653187,1,
LO3,Alpha,1,0.11627780262722709,0.11627780262722709,0.11627780262722709,1,
LO3,Alpha,2,-0.03880997071138026,-0.03880997071138026,-0.03880997071138026,1,
LO3,Beta,1,0.5769278911330815,0.5769278911330815,0.5769278911330815,1,
LO3,Beta,2,0.15016985845347008,0.15016985845347008,0.15016985845347008,1,
LO3,Delta,1,-0.20905679414948963,-0.20905679414948963,-0.20905679414948963,1,
LO3,Delta,2,-0.14153764697940474,-0.14153764697940474,-0.14153764697940474,1,
LO3,GammaH,1,-0.5982512925100494,-0.5982512925100494,-0.5982512925100494,1,
LO3,GammaH,2,-0.3089865653132513,-0.3089865653132513,-0.3089865653132513,1,
LO3,GammaL,1,-0.2790762508410545,-0.2790762508410545,-0.2790762508410545,1,
LO3,GammaL,2,-0.02822234937904966,-0.02822234937904966,-0.02822234937904966,1,
LO3,Ripple,1,0.17250955628045261,0.17250955628045261,0.17250955628045261,1,
LO3,Ripple,2,0.01538374436708878,0.01538374436708878,0.01538374436708878,1,
LO3,Theta,1,0.22443125449937185,0.22443125449937185,0.22443125449937185,1,
LO3,Theta,2,0.0009725493629098025,0.0009725493629098025,0.0009725493629098025,1,
d32,Alpha,1,-0.002572694436896228,-0.002572694436896228,-0.002572694436896228,1,
d32,Alpha,2,0.14810391341666929,0.14810391341666929,0.14810391341666929,1,
d32,Beta,1,-0.13232094854022236,-0.13232094854022236,-0.13232094854022236,1,
d32,Beta,2,-0.1493345222328415,-0.1493345222328415,-0.1493345222328415,1,
d32,Delta,1,-0.28993761242360705,-0.28993761242360705,-0.28993761242360705,1,
d32,Delta,2,0.2369134550767562,0.2369134550767562,0.2369134550767562,1,
d32,GammaH,1,-0.26913448226126846,-0.26913448226126846,-0.26913448226126846,1,
d32,GammaH,2,0.36953824128980983,0.36953824128980983,0.36953824128980983,1,
d32,GammaL,1,-0.2974796585587143,-0.2974796585587143,-0.2974796585587143,1,
d32,GammaL,2,-0.0065038052273038716,-0.0065038052273038716,-0.0065038052273038716,1,
d32,Ripple,1,-0.2940995209262667,-0.2940995209262667,-0.2940995209262667,1,
d32,Ripple,2,-0.18475432013430648,-0.18475432013430648,-0.18475432013430648,1,
d32,Theta,1,0.09898300269187388,0.09898300269187388,0.09898300269187388,1,
d32,Theta,2,-0.06945747833307436,-0.06945747833307436,-0.06945747833307436,1,
p32,Alpha,1,-0.39482991279835744,-0.39482991279835744,-0.39482991279835744,1,
p32,Alpha,2,0.09420995716200053,0.09420995716200053,0.09420995716200053,1,
p32,Beta,1,-0.34179953247192074,-0.34179953247192074,-0.34179953247192074,1,
p32,Beta,2,-0.30239535949232277,-0.30239535949232277,-0.30239535949232277,1,
p32,Delta,1,-0.09092773145961175,-0.09092773145961175,-0.09092773145961175,1,
p32,Delta,2,0.04352883100322913,0.04352883100322913,0.04352883100322913,1,
p32,GammaH,1,0.1704116476334505,0.1704116476334505,0.1704116476334505,1,
p32,GammaH,2,0.022612924552507963,0.022612924552507963,0.022612924552507963,1,
p32,GammaL,1,0.1707571364898719,0.1707571364898719,0.1707571364898719,1,
p32,GammaL,2,0.09536568132433842,0.09536568132433842,0.09536568132433842,1,
p32,Ripple,1,-0.30204022262948627,-0.30204022262948627,-0.30204022262948627,1,
p32,Ripple,2,0.17480327853409605,0.17480327853409605,0.17480327853409605,1,
p32,Theta,1,-0.3786528119652388,-0.3786528119652388,-0.3786528119652388,1,
p32,Theta,2,-0.39118495973564293,-0.39118495973564293,-0.39118495973564293,1,
MT,Alpha,1,0.15879602169527196,0.09715786618689393,0.22043417720365,2,0.5
MT,Alpha,2,0.3178512287563482,0.05485273842649363,0.5808497190862028,2,0.5
MT,Beta,1,0.1935318742859291,-0.143679087113199,0.5307428356850572,2,1.0
MT,Beta,2,0.12800309476535077,-0.09317325410979649,0.349179443640498,2,1.0
MT,Delta,1,-0.1437553924729027,-0.4320680535716015,0.1445572686257961,2,1.0
MT,Delta,2,0.11529371599622706,-0.4190578119862032,0.6496452439786573,2,1.0
MT,GammaH,1,0.12127812083113909,-0.02377823413333857,0.26633447579561675,2,1.0
MT,GammaH,2,0.2969227836316026,0.09273309938078356,0.5011124678824217,2,0.5
MT,GammaL,1,0.0071284637767004,-0.1933204965761206,0.2075774241295214,2,1.0
MT,GammaL,2,0.29025089381934954,0.12404415303384653,0.45645763460485256,2,0.5
MT,Ripple,1,-0.19663311013440676,-0.4330412751473496,0.039775054878536054,2,1.0
MT,Ripple,2,0.11058375201530701,-0.2306203024132465,0.4517878064438605,2,1.0
MT,Theta,1,-0.19714241052706782,-0.5859135571151697,0.19162873606103403,2,1.0
MT,Theta,2,-0.06887802469447557,-0.12721079341314123,-0.010545255975809908,2,0.5
MST,Alpha,1,0.14306348857368079,0.14306348857368079,0.14306348857368079,1,
MST,Alpha,2,0.28572082838907065,0.28572082838907065,0.28572082838907065,1,
MST,Beta,1,-0.2890222873809094,-0.2890222873809094,-0.2890222873809094,1,
MST,Beta,2,-0.12705497760109452,-0.12705497760109452,-0.12705497760109452,1,
MST,Delta,1,0.14991634109701124,0.14991634109701124,0.14991634109701124,1,
MST,Delta,2,0.05464249253586928,0.05464249253586928,0.05464249253586928,1,
MST,GammaH,1,-0.30358166806673736,-0.30358166806673736,-0.30358166806673736,1,
MST,GammaH,2,0.20901393915472255,0.20901393915472255,0.20901393915472255,1,
MST,GammaL,1,0.47415532111782,0.47415532111782,0.47415532111782,1,
MST,GammaL,2,0.0023851641817635993,0.0023851641817635993,0.0023851641817635993,1,
MST,Ripple,1,-0.30438098480394515,-0.30438098480394515,-0.30438098480394515,1,
MST,Ripple,2,-0.14776613929826965,-0.14776613929826965,-0.14776613929826965,1,
MST,Theta,1,0.2206182160235599,0.2206182160235599,0.2206182160235599,1,
MST,Theta,2,-0.3674960536302869,-0.3674960536302869,-0.3674960536302869,1,
47m,Alpha,1,0.1525318573748482,-0.07505900603791815,0.32538952159233325,4,0.375
47m,Alpha,2,0.21826866639375542,0.04979469543723525,0.3867426373502756,4,0.25
47m,Beta,1,-0.0994869923213395,-0.22831026329279958,0.029336278650120562,4,0.375
47m,Beta,2,0.12404736185281795,-0.20919963822610388,0.5912110375297797,4,0.875
47m,Delta,1,-0.2145750566883109,-0.45817363379303444,-0.05883437719032614,4,0.125
47m,Delta,2,0.15906033585076518,0.10185375788044215,0.197285449557981,4,0.125
47m,GammaH,1,-0.08300530417203245,-0.196746152130852,-0.011257840721036416,4,0.125
47m,GammaH,2,-0.13870216389178225,-0.4567518855944783,0.2037753083235021,4,0.375
47m,GammaL,1,0.10609137789193923,-0.017106636735949365,0.2306534247592431,4,0.25
47m,GammaL,2,-0.032587806675310915,-0.1797272991034422,0.12118146124999196,4,0.875
47m,Ripple,1,0.005154310433015397,-0.2748275843055401,0.21731196149358212,4,0.875
47m,Ripple,2,0.17839734584693634,0.010690595386136259,0.36132547517101266,4,0.25
47m,Theta,1,0.018957783068398015,-0.0699593904462219,0.1447123558321275,4,0.875
47m,Theta,2,-0.26861390752477377,-0.5264231879870529,-0.07467764543509148,4,0.125
11l,Alpha,1,-0.5741966121277411,-0.9666906229534824,-0.18170260130199978,4,0.125
11l,Alpha,2,0.1440434004897222,-0.17095639432122578,0.4654784178042295,4,0.625
11l,Beta,1,-0.14111376986107782,-0.5944011919614889,0.17925418253241254,4,0.875
11l,Beta,2,0.07079576796767206,-0.08466920274704748,0.3037540670990797,4,0.875
11l,Delta,1,-0.06304306759056111,-0.1657035099849633,0.03961737480384109,4,0.5
11l,Delta,2,-0.04266899530839563,-0.19437851370136805,0.09555085629584603,4,0.75
11l,GammaH,1,-0.35483185812304185,-0.4633201458575087,-0.24634357038857502,4,0.125
11l,GammaH,2,0.13372593355261664,-0.18891121894082552,0.5453908163066519,4,0.75
11l,GammaL,1,0.1641785690217663,-0.15100582136734975,0.6163558434891199,4,0.75
11l,GammaL,2,-0.1065703636562052,-0.21818286862829694,0.005042141315886539,4,0.375
11l,Ripple,1,0.24542466549537156,0.12050668970440181,0.3364731853426566,4,0.125
11l,Ripple,2,-0.009232619835029432,-0.2001550567581969,0.29873503543865265,4,1.0
11l,Theta,1,0.06740448382612652,-0.03520396489084998,0.16073606278601815,4,0.375
11l,Theta,2,-0.010172583121769385,-0.238171972047847,0.37974037551082596,4,1.0
13l,Alpha,1,-0.17700766516448319,-0.4356420967395665,0.11289840127008925,6,0.25
13l,Alpha,2,-0.12393586911890549,-0.564736649418022,0.15756719196327573,6,0.9375
13l,Beta,1,-0.04056930123540662,-0.2963770635544177,0.17617013102494639,6,0.78125
13l,Beta,2,-0.050418428642224455,-0.5913415421752019,0.40117708964822896,6,0.875
13l,Delta,1,0.029233152104993703,-0.34576135095961763,0.34838361954215574,6,0.9375
13l,Delta,2,0.1588628847853908,-0.165378292555042,0.36091810814098874,6,0.40625
13l,GammaH,1,0.0634119141640254,-0.16141460930090665,0.3126794417455798,6,0.59375
13l,GammaH,2,-0.05193006138689663,-0.6461478043488847,0.3934058035928256,6,0.9375
13l,GammaL,1,0.3293001575038777,-0.13767329971935519,0.9172811237751777,6,0.4375
13l,GammaL,2,-0.07847687705307334,-0.5213918850065534,0.25818773081906404,6,0.875
13l,Ripple,1,-0.15358529554938727,-0.5530323364969524,0.1305017777751445,6,0.6875
13l,Ripple,2,0.15566728500613594,-0.18757164234067028,0.5901804094340038,6,0.625
13l,Theta,1,0.006468656654528004,-0.4450363306031111,0.5567474555951719,6,1.0
13l,Theta,2,0.024746456893775932,-0.08397704142877178,0.14649258081514974,6,0.65625
OFC,Alpha,1,-0.08350274692071302,-0.14426644100797503,-0.022739052833451012,2,0.5
OFC,Alpha,2,0.2603534097887046,0.10207289204470982,0.41863392753269935,2,0.5
OFC,Beta,1,-0.004780297900211394,-0.2814110993146599,0.2718505035142371,2,1.0
OFC,Beta,2,-0.09982336891452803,-0.411438299585857,0.21179156175680092,2,1.0
OFC,Delta,1,0.0004761029420148333,-0.05841835765540182,0.05937056353943149,2,1.0
OFC,Delta,2,-0.025393604867568698,-0.35080905397772,0.3000218442425826,2,1.0
OFC,GammaH,1,0.28978545512186926,0.09831203706276881,0.4812588731809697,2,0.5
OFC,GammaH,2,-0.1237908516527586,-0.24842608965386148,0.0008443863483442726,2,1.0
OFC,GammaL,1,-0.06553453413985721,-0.27718446610348124,0.1461153978237668,2,1.0
OFC,GammaL,2,-0.07751789355322458,-0.12057232656501782,-0.034463460541431346,2,0.5
OFC,Ripple,1,-0.15626892955568472,-0.32125734581592624,0.0087194867045568,2,1.0
OFC,Ripple,2,-0.0758304692193672,-0.19949635912607278,0.04783542068733837,2,1.0
OFC,Theta,1,0.0690785400260232,0.013057083088213517,0.1250999969638329,2,0.5
OFC,Theta,2,0.07718695180057189,-0.2657326815984291,0.4201065851995729,2,1.0
PHA1,Alpha,1,-0.08057187451134595,-0.41967857096756295,0.24075029085261215,6,0.65625
PHA1,Alpha,2,0.17108742430368906,-0.18301770802968242,0.5244958703542189,6,0.28125
PHA1,Beta,1,0.3326631401135393,-0.4756361779964049,1.606633932790403,6,0.9375
PHA1,Beta,2,0.17700137389739132,-0.16718230810034976,0.5892931904785605,6,0.5
PHA1,Delta,1,-0.05687139161428156,-0.2481334814965095,0.14965557170527846,6,0.625
PHA1,Delta,2,-0.09164248288356684,-0.32247111588448735,0.21655943137590405,6,0.59375
PHA1,GammaH,1,-0.1522987232777826,-0.38576530189902297,0.021786386728636604,6,0.40625
PHA1,GammaH,2,-0.10345595646450316,-0.22807395434365438,0.007724374099234765,6,0.1875
PHA1,GammaL,1,0.12855566785227582,-0.04074561464853588,0.33815124504088345,6,0.3125
PHA1,GammaL,2,-0.28468442196751553,-0.6426542655625985,-0.026571456615184747,6,0.125
PHA1,Ripple,1,-0.27652056377646633,-0.5457721390668399,-0.05802710005541615,6,0.125
PHA1,Ripple,2,-0.13973933124136848,-0.34981862700044947,0.02688103356167974,6,0.3125
PHA1,Theta,1,0.016555793110355193,-0.20723965879496173,0.22731934023244152,6,0.90625
PHA1,Theta,2,0.08956402910022436,-0.8070547719979048,0.7693716196719022,6,0.90625
PHA2,Alpha,1,0.10176307947676833,-0.2627763079626604,0.4411226977409015,3,0.75
PHA2,Alpha,2,-0.19402572449588243,-0.3763503389452403,0.11566153311149563,3,0.5
PHA2,Beta,1,0.4837579906901534,0.04211744173018417,1.021096302001915,3,0.25
PHA2,Beta,2,0.38232344805802043,-0.20498964213317095,1.4956824720206185,3,1.0
PHA2,Delta,1,0.5292511336152117,-0.3211257438658599,1.9530148360357096,3,1.0
PHA2,Delta,2,-0.0552813905921082,-0.4005555248908941,0.2703220730249605,3,0.75
PHA2,GammaH,1,0.001078939312450918,-0.3013819661078294,0.2747613786316805,3,1.0
PHA2,GammaH,2,0.1589583833247931,-0.17520610729988562,0.3472608965806998,3,0.5
PHA2,GammaL,1,0.034690998859100354,-0.13448728426246603,0.16643529309138927,3,0.75
PHA2,GammaL,2,-0.35272831101250546,-0.8208168291504769,0.00029543308293611403,3,0.5
PHA2,Ripple,1,0.021560420003962594,-0.1041302533763222,0.11092858112120396,3,0.75
PHA2,Ripple,2,0.6813620222384387,0.09363665357693307,1.772720917080104,3,0.25
PHA2,Theta,1,-0.13442820484538487,-0.5172844167718509,0.24263709374038456,3,0.75
PHA2,Theta,2,0.18865895121320028,0.12531014020308007,0.24199873036170416,3,0.25
PHA3,Alpha,1,-0.0905304987062893,-0.27851402292913363,0.06315478053400422,7,0.453125
PHA3,Alpha,2,-0.029189489408308487,-0.2987302153722641,0.26086511571609095,7,0.828125
PHA3,Beta,1,-0.007733116273989538,-0.248733114749839,0.20635604784433323,7,0.953125
PHA3,Beta,2,-0.21935302928171754,-0.42092229811637133,-0.031214769832147788,7,0.109375
PHA3,Delta,1,-0.33388864100263965,-0.6413040226964277,-0.12025677823447745,7,0.015625
PHA3,Delta,2,-0.02871046561724455,-0.42664155457912906,0.2735523359065132,7,0.890625
PHA3,GammaH,1,0.23438608816754883,0.03433955726250865,0.5092962930192131,7,0.0625
PHA3,GammaH,2,0.25976873750243407,0.003980264732122508,0.5154883137825504,7,0.109375
PHA3,GammaL,1,-0.30716186652162697,-0.6702932254253892,-0.01867350414038173,7,0.125
PHA3,GammaL,2,0.0619817222077117,-0.2780750033066217,0.493554493978507,7,0.859375
PHA3,Ripple,1,0.042240197632665906,-0.22744484559270312,0.29648199712540396,7,0.671875
PHA3,Ripple,2,0.14885917605166402,-0.032533597079996916,0.44585434151216063,7,0.40625
PHA3,Theta,1,0.08239946931107463,-0.11068094710080345,0.27845604396359896,7,0.453125
PHA3,Theta,2,0.02582103259958097,-0.0417421163918128,0.08272894707976164,7,0.46875
52,Alpha,1,0.08825825284564548,-0.33381446706417783,0.5103309727554688,4,0.875
52,Alpha,2,-0.12746633877551528,-0.38031496785155916,0.1220768103328469,4,0.5
52,Beta,1,-0.07988705596244117,-0.32934107466956064,0.21032294967529808,4,0.625
52,Beta,2,-0.2028399770199485,-0.3383212793860384,-0.08233553073001687,4,0.125
52,Delta,1,-0.10757215175585966,-0.21351720872928492,-0.02472356516986629,4,0.25
52,Delta,2,-0.1332115475124933,-0.46613585524412215,0.19971276021913553,4,0.5
52,GammaH,1,0.21410733679500904,-0.10406722576420435,0.5322818993542224,4,0.375
52,GammaH,2,0.03497669676878257,-0.39554784026965084,0.514449270400652,4,0.875
52,GammaL,1,-0.12134564784130575,-0.39377654544192175,0.15108524975931026,4,0.5
52,GammaL,2,-0.35871641423536627,-0.6462165696046274,-0.15712435180357165,4,0.125
52,Ripple,1,-0.13939404166673874,-0.4816130402790506,0.1071528437444389,4,0.75
52,Ripple,2,-0.18801419632399874,-0.5036918023368608,0.1286379383535703,4,0.375
52,Theta,1,0.033353011732629056,-0.17796689472995642,0.2384675572690167,4,0.875
52,Theta,2,-0.06375521297669717,-0.2815443915947142,0.16438650723793025,4,0.75
PI,Alpha,1,0.14642215492784297,-0.05054385936779937,0.42177870598851186,3,0.5
PI,Alpha,2,-0.3284179791422268,-0.5139161991945471,-0.11958372425749175,3,0.25
PI,Beta,1,0.22237623149683947,-0.050051775682483424,0.515504928294181,3,0.5
PI,Beta,2,-0.033965914983827616,-0.16852815812913846,0.1566867713032991,3,0.75
PI,Delta,1,-0.001417919642953791,-0.3073953576731405,0.19910065616599937,3,1.0
PI,Delta,2,-0.15648456827219212,-0.600113670563978,0.24589451032469256,3,0.75
PI,GammaH,1,-0.14947221382391027,-0.1988359710299612,-0.06726703784264387,3,0.25
PI,GammaH,2,-0.03017251807308341,-0.095974434146882,0.05062452857645994,3,0.75
PI,GammaL,1,0.06370827769575745,-0.2523173392895721,0.2811106133955441,3,0.75
PI,GammaL,2,-0.18879412260166126,-0.26790537920406265,-0.07710601162696307,3,0.25
PI,Ripple,1,0.3565396782075088,0.12683218647884686,0.7311501972018384,3,0.25
PI,Ripple,2,0.2621820229070586,-0.08579457966244775,0.5766378628540352,3,0.5
PI,Theta,1,-0.11045645465839371,-0.329868305468878,0.15131771426280594,3,0.5
PI,Theta,2,-0.22738027959343773,-0.5883647737103281,-0.011718123135118219,3,0.25
POS1,Alpha,1,0.20443222910386183,-0.1653769971346044,0.4199977116387821,3,0.5
POS1,Alpha,2,-0.21644181151068054,-0.9136345920335813,0.23487072434257428,3,1.0
POS1,Beta,1,-0.1814603953230609,-0.3328719007649106,-0.06125870208452611,3,0.25
POS1,Beta,2,0.07747360169647521,-0.19155492366598637,0.4110492883635999,3,0.75
POS1,Delta,1,0.1115564088188871,-0.08463903062535749,0.45746325512828534,3,1.0
POS1,Delta,2,-0.17446933295352215,-0.4144514017988392,0.15873318578205442,3,0.5
POS1,GammaH,1,0.03457823978899436,-0.22056080124172794,0.4007036453731949,3,1.0
POS1,GammaH,2,0.2601877377282567,-0.006478003660838283,0.45705656875013645,3,0.5
POS1,GammaL,1,-0.2616609157654584,-0.31907929951004377,-0.17009532821482054,3,0.25
POS1,GammaL,2,0.1350600570531514,-0.23501209559356795,0.3275348062396546,3,0.5
POS1,Ripple,1,-0.0379036358120454,-0.6769125980489505,0.47978018368722175,3,1.0
POS1,Ripple,2,-0.08211684984945104,-0.31000327189181576,0.22547540812587386,3,0.75
POS1,Theta,1,-0.013408314956179149,-0.2190419461992228,0.35696771698603413,3,1.0
POS1,Theta,2,0.2397596336389647,0.14707691681444857,0.29709099337476275,3,0.25
POS2,Alpha,1,0.0456069516960973,-0.2552834246411537,0.4291146486800015,4,0.875
POS2,Alpha,2,-0.07000247482270616,-0.3767790817330239,0.20441110894341374,4,0.75
POS2,Beta,1,-0.19858290343527596,-0.44930699004294006,0.1068019449846318,4,0.375
POS2,Beta,2,0.023671967434141017,-0.037652179183707446,0.08284353611802242,4,0.625
POS2,Delta,1,-0.21168714062477445,-0.3891097730918709,-0.03426450815767801,4,0.25
POS2,Delta,2,0.09663490896786797,-0.0710735593066012,0.25222458750274335,4,0.375
POS2,GammaH,1,-0.06416925320515787,-0.2377705983922329,0.10943209198191717,4,0.625
POS2,GammaH,2,0.1423023602267781,0.02364878039808893,0.2842013508224115,4,0.125
POS2,GammaL,1,0.31173142562531453,-0.06911188207623731,0.6925747333268664,4,0.375
POS2,GammaL,2,-0.12282084523484915,-0.1955417820373313,-0.050099908432367,4,0.125
POS2,Ripple,1,-0.19020200810083843,-0.39495627967099356,0.007571428403396752,4,0.5
POS2,Ripple,2,-0.1370805245184883,-0.48155170125295665,0.16453207351611177,4,0.625
POS2,Theta,1,0.08792200757280089,-0.1538144714528773,0.39073256947844204,4,0.75
POS2,Theta,2,0.13374237781872989,-0.13038999196900036,0.39787474760646013,4,0.5
v23ab,Alpha,1,0.22028454768925432,0.01892386807628199,0.4373925299266954,4,0.125
v23ab,Alpha,2,-0.170579220127423,-0.27466687146367796,-0.052698284126191375,4,0.25
v23ab,Beta,1,-0.03660124506613638,-0.12926298802204172,0.03693212575213067,4,0.75
v23ab,Beta,2,-0.18311255598797604,-0.42826564333730044,0.04572105136071869,4,0.375
v23ab,Delta,1,-0.05160239380298659,-0.4438197494897107,0.2207779779101342,4,1.0
v23ab,Delta,2,-0.36094573293307786,-0.48398809010287813,-0.21452265428537576,4,0.125
v23ab,GammaH,1,-0.3348100031938426,-0.4950814199167244,-0.17453858647096077,4,0.125
v23ab,GammaH,2,0.1698445478534456,-0.09415558294760729,0.4338446786544985,4,0.5
v23ab,GammaL,1,0.0495061027221011,-0.19815960656933918,0.3676273691999077,4,0.875
v23ab,GammaL,2,-0.09330775946743497,-0.2826490884909081,0.09603356955603815,4,0.5
v23ab,Ripple,1,0.3035571301795361,0.08304292323658125,0.524071337122491,4,0.125
v23ab,Ripple,2,0.18201237192634157,-0.055004705953281885,0.427885031044112,4,0.25
v23ab,Theta,1,-0.2394249320540709,-0.5157794964386104,0.009914382302288693,4,0.375
v23ab,Theta,2,0.16396167460447764,-0.1453795231474473,0.5699427110252984,4,0.625
d23ab,Alpha,1,-0.15069925859787148,-0.3071552376674944,-0.06585393888569158,3,0.25
d23ab,Alpha,2,0.13233054099534414,0.036674123132620196,0.31922973651945696,3,0.25
d23ab,Beta,1,-0.1450368318571099,-0.43718831429237426,0.07028661706952022,3,0.75
d23ab,Beta,2,0.07042008561920217,-0.04990539352845147,0.21891161314219687,3,0.75
d23ab,Delta,1,-0.09591006786600904,-0.1282624516385198,-0.07035900473069034,3,0.25
d23ab,Delta,2,-0.24032226938461676,-0.4654926399012105,-0.02212378870945031,3,0.25
d23ab,GammaH,1,0.042456998556991955,-0.1427452083159828,0.3926688243609995,3,1.0
d23ab,GammaH,2,0.009444196932645829,-0.08463841498707225,0.14782397577444328,3,1.0
d23ab,GammaL,1,0.11056820653701038,-0.13124221738672048,0.5577276414986088,3,1.0
d23ab,GammaL,2,-0.009262799647168881,-0.09293260716263774,0.093857937035974,3,1.0
d23ab,Ripple,1,-0.3321684853617424,-0.6699504643749421,-0.025531417641122545,3,0.25
d23ab,Ripple,2,-0.22941450128072205,-0.6217771636626814,0.1693073682672157,3,0.5
d23ab,Theta,1,0.21123934749891168,0.10308254884608559,0.3581384247314112,3,0.25
d23ab,Theta,2,-0.4070558789365227,-0.797599308291975,0.24276026102546666,3,0.5
31pv,Alpha,1,0.04627863361466211,0.04627863361466211,0.04627863361466211,1,
31pv,Alpha,2,-0.26861517310474525,-0.26861517310474525,-0.26861517310474525,1,
31pv,Beta,1,0.06977874524507754,0.06977874524507754,0.06977874524507754,1,
31pv,Beta,2,-0.011247599002775388,-0.011247599002775388,-0.011247599002775388,1,
31pv,Delta,1,0.023294548552620142,0.023294548552620142,0.023294548552620142,1,
31pv,Delta,2,0.12789631098542031,0.12789631098542031,0.12789631098542031,1,
31pv,GammaH,1,0.12843237995658896,0.12843237995658896,0.12843237995658896,1,
31pv,GammaH,2,0.23511171041411671,0.23511171041411671,0.23511171041411671,1,
31pv,GammaL,1,0.4921789104092902,0.4921789104092902,0.4921789104092902,1,
31pv,GammaL,2,0.18007379132959045,0.18007379132959045,0.18007379132959045,1,
31pv,Ripple,1,-0.36246296400001654,-0.36246296400001654,-0.36246296400001654,1,
31pv,Ripple,2,0.3366683317595296,0.3366683317595296,0.3366683317595296,1,
31pv,Theta,1,-0.10142524471596914,-0.10142524471596914,-0.10142524471596914,1,
31pv,Theta,2,0.13879500268127032,0.13879500268127032,0.13879500268127032,1,
31pd,Alpha,1,-0.418472016914252,-0.8268569324389503,-0.20178858035341207,3,0.25
31pd,Alpha,2,0.35938899564341514,0.0009548811636648225,0.7199369718455664,3,0.25
31pd,Beta,1,-0.2527564972730036,-0.3267507681547457,-0.11386524676600729,3,0.25
31pd,Beta,2,0.007097522788132693,-0.4224710684339037,0.5071178874967295,3,1.0
31pd,Delta,1,0.17124566234613306,-0.131799678832337,0.7283617098977828,3,1.0
31pd,Delta,2,0.14546153019183805,-0.034723864531329696,0.26893491555450666,3,0.5
31pd,GammaH,1,0.018281392656496347,-0.2032519422518959,0.26366035905499174,3,1.0
31pd,GammaH,2,-0.22675148987561755,-0.7197933118507862,0.2568847564579819,3,0.75
31pd,GammaL,1,-0.1744496529042839,-0.377972940029629,0.1758716408585208,3,0.5
31pd,GammaL,2,-0.12468976916561066,-0.41292257961754686,0.08988290797629261,3,0.75
31pd,Ripple,1,0.09481346810835116,-0.006176364998761841,0.20263932279250696,3,0.5
31pd,Ripple,2,0.21566486026758724,0.05252078337806765,0.4625051422038702,3,0.25
31pd,Theta,1,0.022129780686083695,-0.07103726181664527,0.0810400966688185,3,0.75
31pd,Theta,2,0.28857845357039835,0.14890421955158573,0.5234444722796958,3,0.25
31a,Alpha,1,-0.07615153682329041,-0.21594099324330784,0.1103408044260199,3,0.5
31a,Alpha,2,-0.014701950507892766,-0.23870189184678026,0.25125750577399586,3,1.0
31a,Beta,1,-0.2392247018987561,-0.5660056105368625,-0.05745125730053857,3,0.25
31a,Beta,2,-0.17925475531638094,-0.2376809848518846,-0.14805377996996327,3,0.25
31a,Delta,1,-0.036819253267607856,-0.3200749236760885,0.2651849755927813,3,0.75
31a,Delta,2,-0.20918654870139383,-0.5107439880554097,-0.005504885870198706,3,0.25
31a,GammaH,1,-0.09875920677828513,-0.24781974228778836,0.03281713694939725,3,0.5
31a,GammaH,2,-0.2744882089642348,-0.31182482417333546,-0.23365826119381694,3,0.25
31a,GammaL,1,0.017757279037808143,-0.2013286229716691,0.33964864492613955,3,1.0
31a,GammaL,2,0.17035313189699508,0.13044138030102914,0.22689519866372976,3,0.25
31a,Ripple,1,0.15867758273801869,-0.29897788186725904,0.4936597002727545,3,0.75
31a,Ripple,2,0.05642146431992501,-0.3063248054867884,0.3016261609597244,3,1.0
31a,Theta,1,-0.10381550798264409,-0.25478199893152365,-0.022227004149261376,3,0.25
31a,Theta,2,-0.10202534473377867,-0.18550133151160608,-0.05025483740914183,3,0.25
23d,Alpha,1,-0.18108624148055105,-0.8116797270617605,0.3036988185768994,6,0.71875
23d,Alpha,2,-0.2505564542239303,-0.4525324014731134,-0.052191042754219076,6,0.09375
23d,Beta,1,-0.028160497243670573,-0.20055645212127673,0.13573150950401094,6,0.8125
23d,Beta,2,0.025222510920742753,-0.17388334724277144,0.21228348874535227,6,0.9375
23d,Delta,1,0.19194494034051837,-0.03149558243407924,0.3878006805385237,6,0.1875
23d,Delta,2,0.09549752968796572,-0.04660338136728962,0.23421365040977685,6,0.21875
23d,GammaH,1,0.1070378569876566,-0.2046499400964379,0.5079277123874189,6,0.8125
23d,GammaH,2,-0.34118906593671144,-0.9506274625193244,0.10327659591626552,6,0.3125
23d,GammaL,1,-0.12582876031844611,-0.5593486884172094,0.18748320167969781,6,0.78125
23d,GammaL,2,0.37627528953972167,-0.11534496162467,1.0494986432235691,6,0.375
23d,Ripple,1,0.33147439231796777,-0.05664355097558271,0.8835834198715707,6,0.1875
23d,Ripple,2,-0.30153557842841155,-0.9264364756843312,0.052277089750811356,6,0.625
23d,Theta,1,-0.029325527278822133,-0.20199678526500975,0.15657715044691756,6,0.875
23d,Theta,2,0.5237949890286213,0.05188421942369222,1.2873410819088704,6,0.125
23c,Alpha,1,-0.20230850653867377,-0.6752781401264365,0.10929638708926674,5,0.5625
23c,Alpha,2,-0.05869643396923294,-0.4957000909175157,0.32864699763628735,5,0.8125
23c,Beta,1,-0.029666499760284636,-0.24140596645582874,0.19984664690933868,5,0.875
23c,Beta,2,0.14916846230158284,-0.021609601614653685,0.36078972577100643,5,0.25
23c,Delta,1,-0.06054131443478923,-0.6397731597963265,0.36010083731374676,5,0.875
23c,Delta,2,0.21218858954786413,-0.1611571982689611,0.6242096865512231,5,0.3125
23c,GammaH,1,0.11721901866539283,-0.0277153595652301,0.2621533968960158,5,0.3125
23c,GammaH,2,-0.1956274793810806,-0.48792861202697824,0.09452054941545569,5,0.375
23c,GammaL,1,-0.14126460588115677,-0.4980504046385029,0.1951001756112248,5,0.625
23c,GammaL,2,0.32349274865899175,-0.5587403226504698,1.3647081727896058,5,0.75
23c,Ripple,1,0.16555946587467646,-0.12867645301693287,0.44311987637485545,5,0.375
23c,Ripple,2,-0.295365622531628,-0.8330996363814591,0.21082746236708516,5,0.4375
23c,Theta,1,0.21049198047599874,-0.26057420322842473,0.6087082365763962,5,0.5
23c,Theta,2,0.1480922312266358,-0.11264067274383507,0.3305563775316017,5,0.3125
RSC,Alpha,1,0.2639665928727388,0.17206427743225783,0.36048734921908254,8,0.0078125
RSC,Alpha,2,-0.033320155285959885,-0.20821804835338265,0.148641190559421,8,0.8046875
RSC,Beta,1,0.043271590539891935,-0.18339049233548813,0.26038596050301344,8,0.7265625
RSC,Beta,2,0.06250400398389289,-0.018846119731860886,0.14262943577371037,8,0.1484375
RSC,Delta,1,-0.18340378403766477,-0.3008135792587727,-0.059794905581784824,8,0.0234375
RSC,Delta,2,-0.08030409036972586,-0.2872134749322379,0.1183838688246425,8,0.5
RSC,GammaH,1,0.1281632318926711,0.008914932329925573,0.24572406054327361,8,0.109375
RSC,GammaH,2,-0.0029917769534772987,-0.10337690693687059,0.09614871789142221,8,0.953125
RSC,GammaL,1,0.029220396908872903,-0.23126096563235557,0.2616735451313792,8,0.828125
RSC,GammaL,2,0.1801648753115992,0.01823166348140474,0.352129763836198,8,0.09375
RSC,Ripple,1,0.021427418900022754,-0.13195469585968223,0.17801154525565277,8,0.7265625
RSC,Ripple,2,-0.021608145188557693,-0.21262450100190294,0.20753258090628837,8,0.84375
RSC,Theta,1,0.031583000716964627,-0.07926417752597459,0.19078751835216723,8,0.8671875
RSC,Theta,2,0.009883989027146267,-0.16958691318126373,0.20012404630451108,8,0.9296875
PGp,Alpha,1,0.04620349133907631,-0.10228939894457412,0.19469638162272673,2,1.0
PGp,Alpha,2,-0.11257751725889698,-0.25643324992619654,0.03127821540840259,2,1.0
PGp,Beta,1,-0.06677059054391421,-0.0759940979512237,-0.057547083136604726,2,0.5
PGp,Beta,2,0.2604692215648665,0.2054125760686354,0.31552586706109764,2,0.5
PGp,Delta,1,0.20546486176077572,0.18186205629443108,0.22906766722712035,2,0.5
PGp,Delta,2,0.1809092846201903,0.1733443355822999,0.1884742336580807,2,0.5
PGp,GammaH,1,-0.016438846511761085,-0.11066029991405912,0.07778260689053695,2,1.0
PGp,GammaH,2,-0.02863321865240387,-0.18454512044386107,0.12727868313905333,2,1.0
PGp,GammaL,1,0.23195566211588847,0.023727320336902835,0.4401840038948741,2,0.5
PGp,GammaL,2,0.290805740955717,0.2907307534810677,0.2908807284303663,2,0.5
PGp,Ripple,1,0.1287112944216524,-0.03142308636751423,0.28884567521081905,2,1.0
PGp,Ripple,2,0.260581376559891,-0.0627425403459192,0.5839052934657012,2,1.0
PGp,Theta,1,-0.1364263122119027,-0.4186292681847412,0.1457766437609358,2,1.0
PGp,Theta,2,-0.029169516357383074,-0.07869815679076098,0.020359124075994828,2,1.0
PGs,Alpha,1,0.1593148367428796,0.028703167961221965,0.28992650552453725,4,0.25
PGs,Alpha,2,0.2312878213344307,0.1166732175059213,0.3459024251629401,4,0.125
PGs,Beta,1,-0.13368918735949986,-0.34325057600607156,0.1717069783874674,4,0.5
PGs,Beta,2,-0.1013627911275563,-0.2248101549043735,0.022084572649260892,4,0.5
PGs,Delta,1,0.10989650649605132,-0.1384905511867931,0.3257295394343114,4,0.5
PGs,Delta,2,-0.08233904878707587,-0.27891537169535496,0.11451638081691584,4,0.75
PGs,GammaH,1,0.029960510000625717,-0.253017489159685,0.3100642120271093,4,0.75
PGs,GammaH,2,-0.1173142959633866,-0.26342996199105606,0.0854659807185687,4,0.375
PGs,GammaL,1,-0.02189411249680706,-0.296074457404778,0.2522862324111639,4,1.0
PGs,GammaL,2,0.3054477815215133,-0.01186322847318877,0.48985831028012683,4,0.25
PGs,Ripple,1,0.050355180300414304,-0.15708194169016743,0.2900362082897985,4,0.875
PGs,Ripple,2,-0.006723816976649921,-0.28792713494293576,0.25448916655140863,4,1.0
PGs,Theta,1,0.1502481021780584,-0.013278004199117177,0.3245118861575138,4,0.25
PGs,Theta,2,-0.12557537149852482,-0.29326626664533073,0.042115523648281084,4,0.375
PGi,Alpha,1,0.06016345574697084,-0.08112017814495047,0.19056768175966,5,0.375
PGi,Alpha,2,0.11905042349585741,-0.23910926068688526,0.4664015742801396,5,0.6875
PGi,Beta,1,-0.07542681474557397,-0.2984334938839218,0.24270384614566537,5,0.6875
PGi,Beta,2,0.09304259972998281,-0.02904166318043764,0.20582343590689547,5,0.25
PGi,Delta,1,0.10067397895983987,-0.17764545964123712,0.3174351980531746,5,0.5625
PGi,Delta,2,-0.08240910172984713,-0.2701354109719283,0.13650636825705575,5,0.5
PGi,GammaH,1,0.03576335518232128,-0.11798874936740233,0.1813434215432821,5,0.75
PGi,GammaH,2,-0.11065235364974627,-0.3401244227831384,0.16610909165037455,5,0.5
PGi,GammaL,1,0.018346006555069037,-0.43306654579355597,0.3985548873292622,5,1.0
PGi,GammaL,2,-0.06772128477155945,-0.3213022873626237,0.13892033384462507,5,0.6875
PGi,Ripple,1,0.16985690672723236,-0.026902985263693325,0.3410456329343333,5,0.1875
PGi,Ripple,2,-0.0554774635163632,-0.2779417537783743,0.16698682674564794,5,0.75
PGi,Theta,1,0.15604592454553554,0.01800372063940543,0.29479049797231766,5,0.1875
PGi,Theta,2,0.3037200139948631,0.07560575958244442,0.6000354048355924,5,0.125
Ig,Alpha,1,-0.16730086361421126,-0.49431580433412936,0.07590015955841523,4,0.5
Ig,Alpha,2,0.1212899746260101,-0.016610972140316704,0.2591909213923369,4,0.375
Ig,Beta,1,-0.18687573737734908,-0.4052991052670416,-0.00045489645334129136,4,0.25
Ig,Beta,2,0.013392478490743542,-0.12607395575390967,0.20458636499550575,4,1.0
Ig,Delta,1,0.12127987633584514,-0.00960122464240687,0.23856298171154755,4,0.25
Ig,Delta,2,0.06234715916933009,-0.08932103586172957,0.21401535420038975,4,0.625
Ig,GammaH,1,-0.08473938206435339,-0.5334887784370368,0.228397123998068,4,0.875
Ig,GammaH,2,0.028360012739675255,-0.08409242319805088,0.14952512179270805,4,0.75
Ig,GammaL,1,-0.076399768126576,-0.6539719871701877,0.3852267362213144,4,0.875
Ig,GammaL,2,-0.11626074233409156,-0.3474664291363041,0.08553702455655987,4,0.5
Ig,Ripple,1,0.3243107903416531,0.08758576082473368,0.5512434515099622,4,0.25
Ig,Ripple,2,0.02663172595796759,-0.3431755289332763,0.41066184627868196,4,0.875
Ig,Theta,1,-0.13373697178395094,-0.41121574748290524,0.202051629152475,4,0.5
Ig,Theta,2,0.11031615732384914,0.036817982373058555,0.20858879667629893,4,0.125
PoI1,Alpha,1,0.13376394035931655,-0.029484432905448086,0.3079395934647489,10,0.17578125
PoI1,Alpha,2,0.13773416259762322,-0.10561579330389928,0.405148269997973,10,0.359375
PoI1,Beta,1,0.12074626096742591,-0.05669416409716852,0.27399164513844276,10,0.208984375
PoI1,Beta,2,0.1320598319399359,0.036182776849317186,0.22831326315909567,10,0.033203125
PoI1,Delta,1,-0.13189070945210019,-0.41985301472687,0.10650447407826436,10,0.431640625
PoI1,Delta,2,-0.06469643303497818,-0.34546628842961247,0.20998891377514073,10,0.677734375
PoI1,GammaH,1,-0.17558122756734812,-0.48957573863253095,0.03811838247286083,10,0.3125
PoI1,GammaH,2,-0.07094150807722385,-0.4805312372854849,0.2557237677777317,10,0.833984375
PoI1,GammaL,1,-0.0024276551405680636,-0.17947854659618434,0.1413691672029643,10,0.982421875
PoI1,GammaL,2,-0.15382180771001047,-0.28389489877971313,-0.02466565635814678,10,0.0546875
PoI1,Ripple,1,-0.03774278516133123,-0.2247857684786997,0.13908146371245955,10,0.697265625
PoI1,Ripple,2,0.20342942417683077,-0.15620080685044166,0.6915557914249948,10,0.5234375
PoI1,Theta,1,0.2466069242417504,-0.09743762426220764,0.7191072830662044,10,0.41015625
PoI1,Theta,2,-0.018552739776977134,-0.15655077009541155,0.12390321767853803,10,0.810546875
PoI2,Alpha,1,0.11614526461242096,-0.0033946396101516285,0.27353677726121717,6,0.15625
PoI2,Alpha,2,-0.06251972610170438,-0.2928148739533854,0.2129650547244258,6,0.71875
PoI2,Beta,1,-0.18159942125047243,-0.4680875388087126,0.13920128165892484,6,0.34375
PoI2,Beta,2,-0.1195971898368325,-0.29926361032928206,0.0384188846750065,6,0.375
PoI2,Delta,1,0.017241407853398154,-0.10667425414173337,0.14121869354868485,6,0.90625
PoI2,Delta,2,0.16365509991346924,0.023056449747893854,0.3248271143230988,6,0.15625
PoI2,GammaH,1,-0.08732006328198179,-0.25842309169502836,0.06455629526822904,6,0.34375
PoI2,GammaH,2,0.16592867181022206,-0.10682452178778057,0.422692483648517,6,0.3125
PoI2,GammaL,1,-0.015337453367259593,-0.16119273600707076,0.11274764925008363,6,0.84375
PoI2,GammaL,2,-0.24760532681531858,-0.6285253518313448,0.06246618369889845,6,0.28125
PoI2,Ripple,1,0.14668284288297606,0.012092723454437978,0.2956609580668677,6,0.09375
PoI2,Ripple,2,-0.02947387871489286,-0.39408129529777663,0.21373045358851486,6,0.96875
PoI2,Theta,1,-0.14076748373056938,-0.24285664053284073,-0.04417394759020965,6,0.0625
PoI2,Theta,2,0.04554619340566054,-0.22094092831908915,0.262245934808103,6,0.78125
OP4,Alpha,1,-0.1490779298077669,-0.1490779298077669,-0.1490779298077669,1,
OP4,Alpha,2,0.2031964117295928,0.2031964117295928,0.2031964117295928,1,
OP4,Beta,1,0.3940201320149086,0.3940201320149086,0.3940201320149086,1,
OP4,Beta,2,-0.5793734296248552,-0.5793734296248552,-0.5793734296248552,1,
OP4,Delta,1,0.3940745560440746,0.3940745560440746,0.3940745560440746,1,
OP4,Delta,2,0.2502617132055214,0.2502617132055214,0.2502617132055214,1,
OP4,GammaH,1,-0.12073436496098111,-0.12073436496098111,-0.12073436496098111,1,
OP4,GammaH,2,-0.04262060587244321,-0.04262060587244321,-0.04262060587244321,1,
OP4,GammaL,1,0.32014262230141455,0.32014262230141455,0.32014262230141455,1,
OP4,GammaL,2,-0.1406514378468131,-0.1406514378468131,-0.1406514378468131,1,
OP4,Ripple,1,-0.3599072585201739,-0.3599072585201739,-0.3599072585201739,1,
OP4,Ripple,2,-0.04634800007510265,-0.04634800007510265,-0.04634800007510265,1,
OP4,Theta,1,0.03226651814599535,0.03226651814599535,0.03226651814599535,1,
OP4,Theta,2,-0.08684106864994945,-0.08684106864994945,-0.08684106864994945,1,
OP1,Alpha,1,0.07070361702391707,-0.16332206168673694,0.3069214723242418,5,0.625
OP1,Alpha,2,-0.2417591166243625,-0.37408454506229705,-0.08709806349984177,5,0.125
OP1,Beta,1,-0.029046295249722222,-0.35752550900497937,0.3034557314704827,5,0.875
OP1,Beta,2,-0.09790754066677251,-0.24905647843820944,0.09484101545799035,5,0.4375
OP1,Delta,1,-0.14090327970327648,-0.5780901102374699,0.2848308646060502,5,0.6875
OP1,Delta,2,-0.00692371086684318,-0.09299484248276926,0.08695807353774754,5,0.9375
OP1,GammaH,1,0.11772414541643883,-0.17350175587704514,0.4693644790470316,5,0.75
OP1,GammaH,2,-0.04592262688858355,-0.32956160716688104,0.28906893166530734,5,0.75
OP1,GammaL,1,-0.04759609653514403,-0.23833407995376135,0.12983265962613189,5,0.6875
OP1,GammaL,2,-0.09454902353853427,-0.12723871284526567,-0.05228901012431564,5,0.0625
OP1,Ripple,1,-0.038097713580044254,-0.2912024557833746,0.3235076204672076,5,0.875
OP1,Ripple,2,0.10917241562672189,-0.10278564855285736,0.3250598715541713,5,0.4375
OP1,Theta,1,-0.12462513882882434,-0.3211342760340884,0.04194528013471839,5,0.375
OP1,Theta,2,-0.02310932094731726,-0.20808240671330297,0.1595722276431239,5,0.875
OP2-3,Alpha,1,0.2564135165706549,-0.062069132151108874,0.5748961652924187,2,1.0
OP2-3,Alpha,2,-0.18216847463782848,-0.31213326906549455,-0.05220368021016242,2,0.5
OP2-3,Beta,1,-0.2675463245661156,-0.45924012778263545,-0.07585252134959575,2,0.5
OP2-3,Beta,2,0.08226204743455412,-0.24987675320479497,0.4144008480739032,2,1.0
OP2-3,Delta,1,-0.09433266774988525,-0.14031414958133226,-0.04835118591843823,2,0.5
OP2-3,Delta,2,-0.02532584472832866,-0.3441020680893061,0.2934503786326488,2,1.0
OP2-3,GammaH,1,-0.13162321797123688,-0.2718249268628554,0.008578490920381654,2,1.0
OP2-3,GammaH,2,-0.4583329926804911,-0.807048933358157,-0.10961705200282523,2,0.5
OP2-3,GammaL,1,-0.1795874833271931,-0.5322143760407805,0.17303940938639428,2,1.0
OP2-3,GammaL,2,0.20836960255611459,-0.0050901161330756395,0.4218293212453048,2,1.0
OP2-3,Ripple,1,-0.19169326227805783,-0.4309399510685914,0.04755342651247574,2,1.0
OP2-3,Ripple,2,0.04396730056484088,0.017024782147672113,0.07090981898200965,2,0.5
OP2-3,Theta,1,-0.047232944760589035,-0.10588460495869967,0.011418715437521598,2,1.0
OP2-3,Theta,2,-0.1668813585983191,-0.21077691070865257,-0.12298580648798563,2,0.5
PCV,Alpha,1,-0.2204585342886046,-0.4229792244683921,0.15085356442483544,3,0.5
PCV,Alpha,2,0.1967819502931493,-0.2781226895896367,0.8201043111989463,3,0.75
PCV,Beta,1,-0.07867178102666254,-0.20699416419681427,0.10574470791932455,3,0.5
PCV,Beta,2,-0.1933544339670199,-0.4469084760581339,-0.05854549736340431,3,0.25
PCV,Delta,1,0.3667077782272183,-0.32587028552460495,0.7385186865101332,3,0.5
PCV,Delta,2,0.2239506931440237,0.08087795617374738,0.34343468850567405,3,0.25
PCV,GammaH,1,-0.1530724164109666,-0.4981142431678336,0.11190097064823945,3,0.75
PCV,GammaH,2,0.2858713571091869,-0.054752927358595826,0.5808584234310175,3,0.5
PCV,GammaL,1,0.14704439798466495,-0.2511416213398121,0.6200979168548173,3,0.75
PCV,GammaL,2,-0.2352326561445679,-0.5690252188731328,0.09414502680618142,3,0.5
PCV,Ripple,1,0.16053059548766888,0.04053302889080257,0.2425798786750306,3,0.25
PCV,Ripple,2,-0.309449495168991,-0.43764179293081895,-0.22678425107156386,3,0.25
PCV,Theta,1,-0.015635801535014576,-0.32934426177652654,0.4441541342345303,3,1.0
PCV,Theta,2,0.09383107930302732,-0.2627145084161526,0.48998425983008076,3,0.75
7m,Alpha,1,-0.06969009869047511,-0.3841971451015418,0.17474397654610385,5,0.8125
7m,Alpha,2,0.03158979824632766,-0.22302578499825004,0.28620538149090535,5,0.8125
7m,Beta,1,0.13650856346721696,-0.13148598601851447,0.4045031129529484,5,0.5
7m,Beta,2,-0.14076416253493562,-0.3926261748818895,0.11109784981201827,5,0.375
7m,Delta,1,-0.18089785044113071,-0.2713127721840358,-0.08233953560526572,5,0.125
7m,Delta,2,0.13903650440493465,-0.23923436429829437,0.5220669623482145,5,0.625
7m,GammaH,1,0.00977564704414675,-0.2802271409415276,0.36091541805790045,5,0.9375
7m,GammaH,2,-0.145701444062842,-0.37924858652526794,0.11765310034111706,5,0.3125
7m,GammaL,1,-0.03815435591311456,-0.23908521811839947,0.12960855755298084,5,0.6875
7m,GammaL,2,0.1571448426249944,-0.0860236649412414,0.4039833729870878,5,0.3125
7m,Ripple,1,0.11591950475689287,-0.0032579489255951445,0.22624608033513596,5,0.1875
7m,Ripple,2,-0.06276172499715002,-0.402620528896157,0.20141240300474622,5,0.75
7m,Theta,1,-0.02729155293243011,-0.09448753089567959,0.08850630795306955,5,0.75
7m,Theta,2,0.21724908327198947,-0.050104266770398455,0.5706352494759628,5,0.5
FEF,Alpha,1,0.2732778570903589,0.020545420507156464,0.6682578193818731,4,0.125
FEF,Alpha,2,0.09367997539691775,-0.013707626341503243,0.20106757713533874,4,0.375
FEF,Beta,1,-0.2952099857239485,-0.7786707657438887,0.05254455762359722,4,0.375
FEF,Beta,2,-0.22665878851876986,-0.8064922146397526,0.22322906813222154,4,0.625
FEF,Delta,1,-0.47500810520167924,-1.2735258688157645,0.10873391967659263,4,0.375
FEF,Delta,2,0.15768381450134683,-0.1308287625392346,0.663877787456892,4,1.0
FEF,GammaH,1,-0.1557915143434272,-0.4042768662665903,0.09269383757973593,4,0.375
FEF,GammaH,2,0.2986566076064241,0.018200465467696603,0.6536510723994633,4,0.25
FEF,GammaL,1,-0.2697914803910759,-0.9999869385969866,0.20678910957699514,4,0.75
FEF,GammaL,2,0.4295669657505554,0.0290448916660333,1.146859206525015,4,0.25
FEF,Ripple,1,0.2149974736673137,-0.11933477390237002,0.5493297212369974,4,0.5
FEF,Ripple,2,0.23145579482457634,0.07113694675164872,0.4522129804317885,4,0.125
FEF,Theta,1,-0.16669877211507078,-0.6317140812851987,0.21356956323097265,4,0.75
FEF,Theta,2,0.6713671299892576,0.16936189494771092,1.5227256126103788,4,0.125
55b,Alpha,1,-0.17851807736776237,-0.30930220139711295,-0.047733953338411794,2,0.5
55b,Alpha,2,-0.18101116351795277,-0.2276283006277282,-0.13439402640817733,2,0.5
55b,Beta,1,-0.14068276291131987,-0.25844956138412556,-0.02291596443851418,2,0.5
55b,Beta,2,-0.051155088119827496,-0.10864345308301893,0.006333276843363933,2,1.0
55b,Delta,1,-0.03134405228611925,-0.041835177980626526,-0.020852926591611975,2,0.5
55b,Delta,2,0.22759403492790753,0.06308317889616077,0.3921048909596543,2,0.5
55b,GammaH,1,0.04450617650420341,-0.06299773394135144,0.15201008694975826,2,1.0
55b,GammaH,2,0.0408330843609086,-0.16104204750735818,0.24270821622917538,2,1.0
55b,GammaL,1,0.08276156099815779,-0.2739721177228418,0.4394952397191574,2,1.0
55b,GammaL,2,-0.2179190164827638,-0.2965115824445199,-0.13932645052100767,2,0.5
55b,Ripple,1,-0.18368526003187746,-0.7601024501377935,0.3927319300740386,2,1.0
55b,Ripple,2,0.06638150769373219,-0.10781671265224446,0.24057972803970884,2,1.0
55b,Theta,1,0.27114390796002574,0.18162186331540298,0.3606659526046485,2,0.5
55b,Theta,2,-0.09390184886088804,-0.10751810308969922,-0.08028559463207685,2,0.5
6d,Alpha,1,0.0008416589767108462,-0.3033186255275453,0.2328442894716929,4,1.0
6d,Alpha,2,0.019713177054035746,-0.15108463212819867,0.23324768390607709,4,0.875
6d,Beta,1,-0.1830605006112762,-0.38862075531103013,0.092879775078484,4,0.375
6d,Beta,2,-0.019899660403027042,-0.23788699938749502,0.1697505373526056,4,0.875
6d,Delta,1,-0.17401791119906562,-0.3960015161008421,0.06318568563318383,4,0.375
6d,Delta,2,-0.12127167345046175,-0.28260486083937764,0.11818036240161511,4,0.5
6d,GammaH,1,-0.15047047788393986,-0.32170011910652896,-0.016777151629336906,4,0.25
6d,GammaH,2,-0.07755350015323259,-0.598456725213075,0.259557532773381,4,1.0
6d,GammaL,1,-0.23703244417944713,-0.3280705458773223,-0.14599434248157195,4,0.125
6d,GammaL,2,0.03252496548197836,-0.13159351147612597,0.23407495923595345,4,0.875
6d,Ripple,1,-0.06800342228859524,-0.446384406612264,0.3103775620350735,4,0.875
6d,Ripple,2,-0.026989579890804194,-0.1339771750862937,0.07999801530468531,4,0.875
6d,Theta,1,0.25298637436234817,0.021459662762833176,0.48451308596186315,4,0.25
6d,Theta,2,-0.34348376983105133,-0.7008834273105444,-0.1043902522242579,4,0.125
6a,Alpha,1,-0.2872566593018835,-0.7482283727514082,0.015147673824287722,6,0.25
6a,Alpha,2,-0.14185570392944,-0.3579468007189366,0.054347964819390526,6,0.28125
6a,Beta,1,0.10246599319864853,-0.24068858510889188,0.5772856254797128,6,0.84375
6a,Beta,2,-0.5046538669978737,-1.1651711529452065,-0.09189987263007993,6,0.0625
6a,Delta,1,0.14406721523072838,-0.15526487916461384,0.4433993096260706,6,0.5
6a,Delta,2,0.08315848852367462,-0.1897337448059897,0.31460265792317327,6,0.5625
6a,GammaH,1,0.10303996070098265,-0.28819658583201085,0.5197081100560301,6,0.65625
6a,GammaH,2,-0.23354497203468524,-0.6814657117612485,0.14201007978595234,6,0.40625
6a,GammaL,1,-0.18624908152323272,-0.5420002545482241,0.07148551259904679,6,0.46875
6a,GammaL,2,-0.07388132928548845,-0.457635805507147,0.18827223030633947,6,0.875
6a,Ripple,1,-0.12733879865436806,-0.3080918423255312,0.03347404079950186,6,0.25
6a,Ripple,2,-0.07929025914257497,-0.19917807058149783,0.033577033547760614,6,0.3125
6a,Theta,1,0.07650292511773789,-0.2645478310574288,0.3582744012196499,6,0.6875
6a,Theta,2,0.35072576675410855,-0.07435641200666504,0.9694690568810659,6,0.375
6v,Alpha,1,-0.273032700384654,-0.766358941655934,0.015366860554294703,3,0.5
6v,Alpha,2,-0.05350398387436783,-0.19781253608809735,0.04459506740995778,3,0.75
6v,Beta,1,-0.18120038180978662,-0.6418757693290864,0.3886554285019699,3,0.75
6v,Beta,2,-0.23916670243283158,-1.0017374933279832,0.28287524722482615,3,1.0
6v,Delta,1,-0.3229191038553611,-0.8009706775990644,0.1503101017188584,3,0.5
6v,Delta,2,-0.02421457975961398,-0.2574227758824854,0.3352026135328252,3,1.0
6v,GammaH,1,0.4188283388892546,-0.048773832328809164,1.1256635957966736,3,0.5
6v,GammaH,2,0.7687713113643989,-0.04011897036671641,2.3731867829484017,3,1.0
6v,GammaL,1,-0.4331379851396058,-1.1781947762386338,-0.01985862688536244,3,0.25
6v,GammaL,2,-0.2872367526339031,-0.6487832507145903,0.15763220676794276,3,0.5
6v,Ripple,1,-0.03468398259391255,-0.6199261588601885,0.33631809533674684,3,1.0
6v,Ripple,2,-0.12349569387300008,-0.37061578043078214,0.12675986939376216,3,0.75
6v,Theta,1,0.5001856935444925,-0.34370090921465035,1.7942956424572394,3,0.75
6v,Theta,2,-0.3120064185095745,-1.052040445283513,0.15600689992241357,3,0.75
6r,Alpha,1,0.13188649578598324,-0.3059017953263332,0.5558137267636122,6,0.59375
6r,Alpha,2,0.08437307984200675,-0.14496020540690976,0.3615219268136342,6,0.71875
6r,Beta,1,-0.01704128182545735,-0.15445656837502492,0.13323916599438945,6,0.875
6r,Beta,2,-0.16652507135461056,-0.356167707931571,0.02056082214395616,6,0.21875
6r,Delta,1,-0.2860050563143428,-0.43991841736389564,-0.11367107047758217,6,0.0625
6r,Delta,2,-0.0443688435639249,-0.316387129175092,0.23859784760713273,6,0.84375
6r,GammaH,1,0.022092945107461997,-0.24603147453171736,0.3365842439570634,6,0.9375
6r,GammaH,2,0.3622482639354428,0.06805867679623805,0.6564378510746476,6,0.03125
6r,GammaL,1,0.028837396269531485,-0.12432369946906974,0.1896776465663669,6,0.53125
6r,GammaL,2,0.2087026397911469,-0.12082130344127269,0.5422712102812538,6,0.3125
6r,Ripple,1,-0.04665431523280006,-0.3209564862576452,0.2602353745397122,6,0.8125
6r,Ripple,2,-0.2877612231761238,-0.9581773436652993,0.2722719938085015,6,0.59375
6r,Theta,1,-0.042061817967460634,-0.39012082837217515,0.18723929249699603,6,0.96875
6r,Theta,2,-0.06739021022174067,-0.3551561513804214,0.22348422690796946,6,0.71875
PEF,Alpha,1,0.03659860275278337,-0.1479385608630004,0.19387919545323662,4,0.875
PEF,Alpha,2,0.04224785047523483,-0.09637341073593397,0.11695058637119438,4,0.625
PEF,Beta,1,0.08536949209545153,0.014910033868263284,0.22027084531075847,4,0.125
PEF,Beta,2,0.10449529748147768,-0.1627761220369992,0.3151378767733064,4,0.5
PEF,Delta,1,0.2112063068687764,-0.009139664356357713,0.3424527276881779,4,0.25
PEF,Delta,2,0.01370052451013759,-0.18923449092046152,0.21893165043789153,4,0.875
PEF,GammaH,1,0.100746261643061,-0.09496450195771189,0.228213048852985,4,0.5
PEF,GammaH,2,-0.046710494770753286,-0.18503727085584387,0.049279391867532496,4,0.875
PEF,GammaL,1,0.03176432357599168,-0.313445636501573,0.37697428365355634,4,0.875
PEF,GammaL,2,0.0522255674552472,-0.07900473873504765,0.18345587364554206,4,0.5
PEF,Ripple,1,0.05961547144320001,-0.1137925487701903,0.21446014650976863,4,0.625
PEF,Ripple,2,0.19404721014148585,0.03939065423126209,0.387370173499372,4,0.125
PEF,Theta,1,0.05215186199268729,-0.22102890636848116,0.2401462082316268,4,0.75
PEF,Theta,2,0.07462703515231617,0.03343324578790785,0.11582082451672449,4,0.125
6mp,Alpha,1,-0.25239499805812127,-0.7523719784330343,0.24758198231679174,4,0.5
6mp,Alpha,2,0.07476188388367166,-0.2104282776714932,0.36113668641839336,4,0.75
6mp,Beta,1,-0.05574057411676936,-0.24530219355539096,0.19126114967177532,4,0.75
6mp,Beta,2,0.07431591827355177,-0.29111872838063846,0.30237602649187423,4,0.75
6mp,Delta,1,-0.023551034560810535,-0.19613110386666488,0.1110397770684326,4,0.875
6mp,Delta,2,-0.23325861644242973,-0.4355730796881634,-0.034960283307442275,4,0.25
6mp,GammaH,1,-0.09767856719427481,-0.6293748475210394,0.3268134763737951,4,0.875
6mp,GammaH,2,0.2034486722972373,0.02293985344238081,0.3500972536934013,4,0.25
6mp,GammaL,1,-0.1748056063972232,-0.2156067055783728,-0.13631152070718144,4,0.125
6mp,GammaL,2,-0.05741944969375368,-0.17324088429510454,0.07437173414436415,4,0.5
6mp,Ripple,1,0.007587631255345784,-0.2665036247250443,0.31479916048874923,4,0.875
6mp,Ripple,2,-0.05401245473904037,-0.24722822474775707,0.12809857649334155,4,0.75
6mp,Theta,1,-0.13191418126766408,-0.3465818849948912,0.10442766874170761,4,0.375
6mp,Theta,2,0.2489288633932567,-0.22182235877115808,0.9883376184084156,4,0.875
6ma,Alpha,1,0.2097504531213108,0.060524708206955324,0.35897619803566627,2,0.5
6ma,Alpha,2,0.985891375765064,-0.11335999580829181,2.08514274733842,2,1.0
6ma,Beta,1,0.3597468483941615,-0.5472711474120224,1.2667648442003454,2,1.0
6ma,Beta,2,-0.13486881012977925,-0.20931992787695108,-0.06041769238260741,2,0.5
6ma,Delta,1,0.32284469923328096,-0.11845252300072318,0.7641419214672851,2,1.0
6ma,Delta,2,0.7872903979390706,0.5039712700425163,1.070609525835625,2,0.5
6ma,GammaH,1,-0.7671026359689304,-1.582283292553445,0.048078020615584194,2,1.0
6ma,GammaH,2,-0.09933338959850602,-0.7259348973445903,0.5272681181475782,2,1.0
6ma,GammaL,1,0.9152923524322105,0.14666517788110767,1.6839195269833134,2,0.5
6ma,GammaL,2,0.5788050600599117,0.36923690462257497,0.7883732154972485,2,0.5
6ma,Ripple,1,-0.9357649535442754,-1.798282955950679,-0.07324695113787172,2,0.5
6ma,Ripple,2,-0.24144962839683615,-0.742996729712214,0.2600974729185417,2,1.0
6ma,Theta,1,-0.7948580397873108,-1.7253325820064127,0.13561650243179102,2,1.0
6ma,Theta,2,-0.01017219714136175,-0.11350352418549292,0.09315912990276942,2,1.0
SCEF,Alpha,1,0.0021204637556095918,0.0021204637556095918,0.0021204637556095918,1,
SCEF,Alpha,2,0.08249519283729967,0.08249519283729967,0.08249519283729967,1,
SCEF,Beta,1,0.17727668643109595,0.17727668643109595,0.17727668643109595,1,
SCEF,Beta,2,-0.11692101979679137,-0.11692101979679137,-0.11692101979679137,1,
SCEF,Delta,1,0.07283893206176373,0.07283893206176373,0.07283893206176373,1,
SCEF,Delta,2,-0.376357714913393,-0.376357714913393,-0.376357714913393,1,
SCEF,GammaH,1,0.2374845793420377,0.2374845793420377,0.2374845793420377,1,
SCEF,GammaH,2,0.039389842856081714,0.039389842856081714,0.039389842856081714,1,
SCEF,GammaL,1,0.26383831662147017,0.26383831662147017,0.26383831662147017,1,
SCEF,GammaL,2,-0.15310735371297923,-0.15310735371297923,-0.15310735371297923,1,
SCEF,Ripple,1,0.30812955831823174,0.30812955831823174,0.30812955831823174,1,
SCEF,Ripple,2,0.05989948014812185,0.05989948014812185,0.05989948014812185,1,
SCEF,Theta,1,0.20574433657680657,0.20574433657680657,0.20574433657680657,1,
SCEF,Theta,2,0.13968068448220805,0.13968068448220805,0.13968068448220805,1,
4,Alpha,1,-0.16161680564169245,-0.5675075390562405,0.1244108806278429,7,0.59375
4,Alpha,2,-0.1090407646934197,-0.21518635244210585,0.03461323019036706,7,0.1875
4,Beta,1,0.027679894721181597,-0.1934526740549661,0.24957669037092906,7,0.828125
4,Beta,2,-0.22359724110623297,-0.54569734274376,0.029892125425532306,7,0.28125
4,Delta,1,0.13332296903755342,-0.12033671996090435,0.4213209546605385,7,0.484375
4,Delta,2,0.2693041833518863,-0.10263474425090939,0.6938884492079131,7,0.46875
4,GammaH,1,-0.24182396683292037,-0.602523615695455,-0.014629330106641704,7,0.109375
4,GammaH,2,0.15779318917058052,-0.10250846712101287,0.5654469063149514,7,0.734375
4,GammaL,1,0.07042768505278778,-0.10729067491827392,0.26511480419999095,7,0.5625
4,GammaL,2,-0.4003646839734693,-1.1756556851085225,0.0867480794327941,7,0.375
4,Ripple,1,-0.26216914556616544,-0.5049470233164511,-0.02785241970359412,7,0.09375
4,Ripple,2,-0.03443880900544575,-0.25327716971956754,0.16832417612721326,7,0.875
4,Theta,1,0.06314202072133414,-0.15392533736779512,0.2707378599339277,7,0.640625
4,Theta,2,0.0022757468940548214,-0.17460287432982857,0.18178118744848554,7,0.96875
3a,Alpha,1,-0.26893325409077307,-0.6035572518149509,0.024087651069473536,7,0.25
3a,Alpha,2,-0.2083074184264499,-0.7812062921750916,0.1594516322778343,7,0.78125
3a,Beta,1,0.32644138912862886,0.03192343826207024,0.6339910738665928,7,0.125
3a,Beta,2,0.17451017183640566,-0.04328261286071517,0.40636384008388,7,0.25
3a,Delta,1,-0.21244063032578403,-0.35869811826584047,-0.11282438917167781,7,0.015625
3a,Delta,2,0.030815892870561207,-0.16602215163549008,0.2169142996028915,7,0.84375
3a,GammaH,1,-0.16510272447870275,-0.529795230268051,0.09840838894986875,7,0.453125
3a,GammaH,2,0.006889204128240932,-0.30014369779718597,0.2731108956236551,7,0.90625
3a,GammaL,1,-0.17382952016855668,-0.2772520021305535,-0.0657654082447949,7,0.046875
3a,GammaL,2,0.16666349524724922,-0.09636967482001424,0.6097123876396588,7,0.796875
3a,Ripple,1,-0.22934529434753564,-0.4412806341849276,-0.04039240032307185,7,0.125
3a,Ripple,2,0.1321267688925159,-0.22376693034349662,0.596749906690752,7,0.75
3a,Theta,1,0.1572007598719171,-0.3042180404255547,0.7825391658368933,7,0.75
3a,Theta,2,0.15860376436439289,-0.10156288231014697,0.48501682198333285,7,0.453125
3b,Alpha,1,-0.2764515086321467,-1.3370675475243474,0.33801287038878414,5,1.0
3b,Alpha,2,0.1026330820479231,-0.12899448935812713,0.29470271779490886,5,0.5
3b,Beta,1,-0.31626855389141467,-1.0267437312685288,0.1695552987009421,5,0.625
3b,Beta,2,-0.20693217587708973,-0.32599175967583205,-0.08640530929138848,5,0.0625
3b,Delta,1,0.27216366781674567,-0.08631843240454487,0.6792375500651978,5,0.375
3b,Delta,2,0.08106687030986208,-0.25723586191388464,0.426223217403917,5,0.875
3b,GammaH,1,-0.05607860541068632,-0.2256576438037115,0.11350043298233885,5,0.625
3b,GammaH,2,-0.09690423173184896,-0.4004581697591682,0.20446635122802054,5,0.5625
3b,GammaL,1,0.5534104611758253,0.0013060050023753433,1.3431169969352226,5,0.25
3b,GammaL,2,0.08080308356000501,-0.19956320564536653,0.5233539619636168,5,1.0
3b,Ripple,1,-0.31344034111210134,-1.0856614453466562,0.24598431863456013,5,0.5625
3b,Ripple,2,0.3848267823944198,0.07916371124994867,0.9009393142111712,5,0.0625
3b,Theta,1,0.035693290742576524,-0.2972791563028615,0.2492556750949703,5,0.875
3b,Theta,2,0.0015657223948359444,-0.480385822688114,0.3931019116785457,5,1.0
1,Alpha,1,-0.10370487196377454,-0.4506219796408537,0.21110952429998164,3,0.75
1,Alpha,2,0.12332257546502963,-0.046927564382940545,0.342615482109796,3,0.5
1,Beta,1,0.37178881277489495,-0.06075808899560897,1.0842272975311928,3,0.5
1,Beta,2,-0.044828313884499,-0.24563161340478246,0.17168646788885766,3,0.75
1,Delta,1,0.3425415777731106,-0.10809207180471248,0.7276458432527804,3,0.5
1,Delta,2,0.21938633809024685,-0.337440777027588,0.8051741494221112,3,0.75
1,GammaH,1,0.16394999232789567,-0.17526351498966974,0.4555378817826252,3,0.5
1,GammaH,2,0.0655755302746049,-0.1807678794228984,0.3810447874086442,3,1.0
1,GammaL,1,0.014780265117104582,-0.14952424262475716,0.22635174799803437,3,1.0
1,GammaL,2,0.025599499263769587,-0.12173142529936243,0.2451748412144319,3,1.0
1,Ripple,1,0.23468574712687248,-0.19797379461888198,0.7589560126000592,3,0.75
1,Ripple,2,-0.20387871280516023,-0.43967740689196333,0.13213947364392808,3,0.5
1,Theta,1,-0.184946797841814,-0.6756008247246008,0.1815064146638541,3,0.75
1,Theta,2,0.20121671384046044,-0.05528571660138226,0.7131040763628,3,1.0
2,Alpha,1,0.5112969040603499,-0.19521505965824915,1.8700481985068986,4,1.0
2,Alpha,2,0.1126159921381813,-0.09422496435634464,0.40999461959800065,4,0.625
2,Beta,1,0.23574613715352655,0.04142578520527174,0.4750559316911751,4,0.125
2,Beta,2,-0.33398850665522417,-0.7689164329058205,-0.08766906933656138,4,0.125
2,Delta,1,-0.4585075801934302,-1.060390792816353,-0.01432495975501702,4,0.25
2,Delta,2,-0.15113680174097155,-0.4721659453295226,0.05678190224533086,4,0.625
2,GammaH,1,0.3216634602342001,-0.25049173761460075,1.132077471848314,4,0.75
2,GammaH,2,0.35089573791682227,-0.15614776869167457,1.0916472591432713,4,0.625
2,GammaL,1,-0.6001313775624952,-1.3213979346204274,-0.03275085442194836,4,0.25
2,GammaL,2,-0.608617067217307,-1.3147215845231726,0.05615752037960675,4,0.375
2,Ripple,1,-0.08037733693635118,-0.3316855330827604,0.17093085921005802,4,0.75
2,Ripple,2,-0.07746471815073441,-0.4220491242332223,0.44383799535297186,4,0.875
2,Theta,1,-0.5866400260208593,-1.661268786361199,0.03630104653271271,4,0.25
2,Theta,2,0.0721423067106235,-0.1519780699380755,0.272399703714175,4,0.625
LIPd,Alpha,1,0.22474028326074702,0.11934173411492566,0.3301388324065684,2,0.5
LIPd,Alpha,2,-0.14224892456295102,-0.2400513520476899,-0.04444649707821213,2,0.5
LIPd,Beta,1,0.09097861633669524,-0.01014343334302481,0.1921006660164153,2,1.0
LIPd,Beta,2,0.11622651241211912,-0.2388624197237661,0.47131544454800434,2,1.0
LIPd,Delta,1,0.03133491997351179,-0.2524931428152861,0.3151629827623097,2,1.0
LIPd,Delta,2,-0.03478535605906252,-0.049781222953587445,-0.0197894891645376,2,0.5
LIPd,GammaH,1,0.11394741425209531,0.02714740922490222,0.2007474192792884,2,0.5
LIPd,GammaH,2,0.10747919956287255,-0.09125719358568674,0.30621559271143184,2,1.0
LIPd,GammaL,1,0.4978329756599855,0.4637834886843599,0.5318824626356111,2,0.5
LIPd,GammaL,2,0.16472861493607738,-0.07914863638574943,0.4086058662579042,2,1.0
LIPd,Ripple,1,-0.050551324706326284,-0.11267578640586251,0.011573136993209943,2,1.0
LIPd,Ripple,2,-0.0016288361573888466,-0.02687332831795075,0.023615656003173058,2,1.0
LIPd,Theta,1,-0.1720224347001178,-0.1980555128052437,-0.1459893565949919,2,0.5
LIPd,Theta,2,-0.11606529100773955,-0.3422561462190927,0.11012556420361364,2,1.0
AIP,Alpha,1,-0.18742860688693314,-0.38799404656013864,-0.004367080917001687,5,0.1875
AIP,Alpha,2,0.25688741341950205,-0.09036896040367282,0.8489804347254342,5,0.75
AIP,Beta,1,-0.006596246576509657,-0.23308149361464672,0.1406333871944007,5,1.0
AIP,Beta,2,-0.135538984785709,-0.6443148451635785,0.21797823390950982,5,0.875
AIP,Delta,1,-0.001689885121187018,-0.20409470311374847,0.23013467788673908,5,1.0
AIP,Delta,2,0.08506667614961075,-0.1356184696868759,0.45352075193679936,5,1.0
AIP,GammaH,1,-0.19609795438958172,-0.5284294155972766,0.08702551685624513,5,0.4375
AIP,GammaH,2,0.12322677627504604,0.007013442193356667,0.2392436125939632,5,0.125
AIP,GammaL,1,-0.12040878899234926,-0.33742439457187956,0.1780557314994425,5,0.5
AIP,GammaL,2,0.3050208579254011,-0.23813871264858477,1.026206170716477,5,0.6875
AIP,Ripple,1,-0.055092259386415064,-0.22350458345565016,0.10518487418648377,5,0.5625
AIP,Ripple,2,0.006697658292805641,-0.255536356968684,0.18132321734861206,5,1.0
AIP,Theta,1,-0.15679502303487639,-0.4051296441442155,0.10120816320962049,5,0.375
AIP,Theta,2,-0.16778403883998366,-0.44951044710057103,0.0379468228864539,5,0.3125
MIP,Alpha,1,0.06425409592406932,-0.12373957958679682,0.24440082035135902,3,0.75
MIP,Alpha,2,0.014710745089350516,-0.32276767588420086,0.4525019912019701,3,1.0
MIP,Beta,1,-0.228761988913219,-0.33493037479290066,-0.12033878568225731,3,0.25
MIP,Beta,2,0.057537835719976727,-0.16151234640893364,0.2527187477188413,3,0.75
MIP,Delta,1,0.121708966821096,-0.03565377237069711,0.3294565848653086,3,0.5
MIP,Delta,2,-0.38200964865542747,-0.8585004408505768,0.03778641809795502,3,0.5
MIP,GammaH,1,-0.08741889810667895,-0.37215078057612416,0.23215244753404107,3,0.75
MIP,GammaH,2,-0.23419760566519918,-0.6543964241524627,0.11155111249788874,3,0.5
MIP,GammaL,1,0.03973067499628987,-0.1371696563152014,0.22514885125276152,3,0.75
MIP,GammaL,2,-0.3086357223796199,-0.678930613479519,-0.09017235069449825,3,0.25
MIP,Ripple,1,0.268545218496655,-0.19432740925779513,0.8855080312900157,3,0.75
MIP,Ripple,2,-0.12391614663867045,-0.37158223111805455,0.00696760301532251,3,0.5
MIP,Theta,1,0.12860214886118607,0.023745450684785396,0.20319519400100106,3,0.25
MIP,Theta,2,-0.21996094496461893,-0.41533160343969655,0.1693700465252057,3,0.5
7PC,Alpha,1,0.12438822620964984,0.12438822620964984,0.12438822620964984,1,
7PC,Alpha,2,0.3196699310828599,0.3196699310828599,0.3196699310828599,1,
7PC,Beta,1,0.1112170566306645,0.1112170566306645,0.1112170566306645,1,
7PC,Beta,2,-0.2284743202667272,-0.2284743202667272,-0.2284743202667272,1,
7PC,Delta,1,-0.07094553747053567,-0.07094553747053567,-0.07094553747053567,1,
7PC,Delta,2,0.048322005895137465,0.048322005895137465,0.048322005895137465,1,
7PC,GammaH,1,0.025991655284361315,0.025991655284361315,0.025991655284361315,1,
7PC,GammaH,2,-0.14433595205157346,-0.14433595205157346,-0.14433595205157346,1,
7PC,GammaL,1,0.08593237524482689,0.08593237524482689,0.08593237524482689,1,
7PC,GammaL,2,-0.2677200561408881,-0.2677200561408881,-0.2677200561408881,1,
7PC,Ripple,1,-0.31323716870518226,-0.31323716870518226,-0.31323716870518226,1,
7PC,Ripple,2,-0.017904978420002493,-0.017904978420002493,-0.017904978420002493,1,
7PC,Theta,1,0.284123025006803,0.284123025006803,0.284123025006803,1,
7PC,Theta,2,0.19658640563152474,0.19658640563152474,0.19658640563152474,1,
7AL,Alpha,1,0.058632149311748094,0.058632149311748094,0.058632149311748094,1,
7AL,Alpha,2,0.2130671489011604,0.2130671489011604,0.2130671489011604,1,
7AL,Beta,1,-0.6265833189540686,-0.6265833189540686,-0.6265833189540686,1,
7AL,Beta,2,-0.5171896370163722,-0.5171896370163722,-0.5171896370163722,1,
7AL,Delta,1,0.7062833713753065,0.7062833713753065,0.7062833713753065,1,
7AL,Delta,2,0.305361477585663,0.305361477585663,0.305361477585663,1,
7AL,GammaH,1,0.22727923050424081,0.22727923050424081,0.22727923050424081,1,
7AL,GammaH,2,-0.48036999042661677,-0.48036999042661677,-0.48036999042661677,1,
7AL,GammaL,1,0.6819032736679311,0.6819032736679311,0.6819032736679311,1,
7AL,GammaL,2,-0.174124274632252,-0.174124274632252,-0.174124274632252,1,
7AL,Ripple,1,-0.15817817963029412,-0.15817817963029412,-0.15817817963029412,1,
7AL,Ripple,2,0.07187898272382043,0.07187898272382043,0.07187898272382043,1,
7AL,Theta,1,0.38924631716986013,0.38924631716986013,0.38924631716986013,1,
7AL,Theta,2,-0.12932959398462174,-0.12932959398462174,-0.12932959398462174,1,
FST,Alpha,1,0.0956291381286725,-0.13672986584945973,0.32798814210680477,5,0.4375
FST,Alpha,2,-0.12869623720686646,-0.30679227822341704,0.020025566952458006,5,0.25
FST,Beta,1,0.22078277623504192,-0.1109658937787664,0.5815512314578086,5,0.3125
FST,Beta,2,-0.1669891871827133,-0.3987261190511077,0.06474774468568115,5,0.3125
FST,Delta,1,-0.01550264182157548,-0.17924012627821356,0.1579481374447873,5,1.0
FST,Delta,2,0.10640608509077083,-0.09110740895915086,0.2937398306412298,5,0.3125
FST,GammaH,1,0.18858339010944647,0.03700999593790044,0.3628014622292127,5,0.1875
FST,GammaH,2,0.3620986004259109,0.1692580145092492,0.5461488213936505,5,0.0625
FST,GammaL,1,0.07474241296635498,-0.16191395393648164,0.30599360509736684,5,0.625
FST,GammaL,2,0.12989360114461662,-0.17693006261097252,0.43671726490020574,5,0.5
FST,Ripple,1,-0.2559850679064802,-0.52768666956473,0.008053043925649206,5,0.25
FST,Ripple,2,-0.0729835252221946,-0.3723290692934384,0.22636201884904922,5,0.6875
FST,Theta,1,0.0773747807261401,-0.1557048559031884,0.356292815234427,5,0.6875
FST,Theta,2,-0.18962699827090718,-0.39284006572323593,0.10300308302175125,5,0.3125
STSdp,Alpha,1,-0.10705452540607142,-0.23700361153460392,0.048190202744040435,7,0.234375
STSdp,Alpha,2,0.030472747102299382,-0.208417832757297,0.31804031437780367,7,0.859375
STSdp,Beta,1,0.07642459958878334,-0.06873126929629539,0.24214131453351534,7,0.453125
STSdp,Beta,2,-0.0975445118845134,-0.19300359024207328,0.022734232842544548,7,0.15625
STSdp,Delta,1,-0.11392312397999202,-0.2891705441334645,0.061048541118685386,7,0.296875
STSdp,Delta,2,-0.13530460775457293,-0.2606247226571092,-0.0020335235227840597,7,0.109375
STSdp,GammaH,1,-0.03943937352875996,-0.23215998130637644,0.1673632427696839,7,0.734375
STSdp,GammaH,2,0.1978569146555539,-0.002864945156950175,0.35189983889973825,7,0.109375
STSdp,GammaL,1,0.053499136829723834,-0.13957656565150853,0.22485798340084173,7,0.578125
STSdp,GammaL,2,-0.12405338977980154,-0.25190669892258455,-0.00037749592538562283,7,0.125
STSdp,Ripple,1,-0.08309012695602089,-0.24334440026191168,0.08255884627692822,7,0.390625
STSdp,Ripple,2,-0.03724387081452564,-0.16069034380774536,0.0704937275040547,7,0.609375
STSdp,Theta,1,0.03680685990045366,-0.1651447333417327,0.2306733969290146,7,0.765625
STSdp,Theta,2,0.042254056820534104,-0.09271769799327245,0.20271430784297198,7,0.65625
STSda,Alpha,1,0.2629788498079918,0.06962724364262626,0.46809790413927815,5,0.125
STSda,Alpha,2,0.10109184646104978,-0.08667992373177427,0.25782277812334015,5,0.375
STSda,Beta,1,-0.32135054261372104,-0.5112950576320145,-0.15979389686538498,5,0.0625
STSda,Beta,2,-0.009567982149109611,-0.13185386141119437,0.1377291975951465,5,1.0
STSda,Delta,1,0.01361659577033052,-0.20670991555561002,0.26235967792868775,5,0.9375
STSda,Delta,2,0.13339486313158844,0.008355877017872614,0.26157753329626415,5,0.25
STSda,GammaH,1,-0.1084435366009913,-0.32105109026218914,0.11290882517388497,5,0.5
STSda,GammaH,2,-0.08184277435531798,-0.25587061252980303,0.13567879125781132,5,0.5
STSda,GammaL,1,-0.005629689744671396,-0.20752650762217684,0.2156752919980498,5,0.9375
STSda,GammaL,2,-0.009077950575112227,-0.1289842235777691,0.10926462756806714,5,0.9375
STSda,Ripple,1,-0.12253723804903202,-0.34196248619090286,0.14161217250535074,5,0.4375
STSda,Ripple,2,-0.07043544563421236,-0.2736872552357809,0.09163451163882286,5,0.625
STSda,Theta,1,0.10074301659021359,-0.11510803507702291,0.31659406825745007,5,0.5
STSda,Theta,2,0.019753368588195742,-0.20817338969389568,0.22252229516330857,5,0.875
STSvp,Alpha,1,-0.11033052597190718,-0.23823096178854336,0.008137271887150124,7,0.203125
STSvp,Alpha,2,0.09861494288063659,-0.020164079651633266,0.20416594512170938,7,0.171875
STSvp,Beta,1,-0.09359085418134226,-0.33741086259086117,0.14789291520073508,7,0.484375
STSvp,Beta,2,-0.06108011812596205,-0.1984393803976014,0.061267412781263984,7,0.4375
STSvp,Delta,1,0.034746467093114575,-0.05305370634854113,0.11978440283214606,7,0.484375
STSvp,Delta,2,-0.02046293682751608,-0.281745584797409,0.21549252136440092,7,0.921875
STSvp,GammaH,1,0.006610163006151534,-0.21422385557153256,0.21165580164533435,7,0.953125
STSvp,GammaH,2,-0.11416142181634216,-0.3819837924227179,0.11948135940122435,7,0.46875
STSvp,GammaL,1,-0.0271253996823673,-0.18888841011557034,0.1306676597930725,7,0.796875
STSvp,GammaL,2,-0.03204290524956071,-0.2156865753093616,0.1531115278723334,7,0.765625
STSvp,Ripple,1,0.30135747195781754,0.1608423614780387,0.4803059936978857,7,0.015625
STSvp,Ripple,2,0.021730587134084395,-0.09163758578543428,0.12311135775093517,7,0.71875
STSvp,Theta,1,0.0407559868418273,-0.1010219559416683,0.17157373275841042,7,0.546875
STSvp,Theta,2,0.015679812207286,-0.09229592281768009,0.1465190531631606,7,0.875
STSva,Alpha,1,-0.10793266437976227,-0.4366334962074405,0.12236148873765373,11,0.7265625
STSva,Alpha,2,0.017587687107308948,-0.10077182726699736,0.13599471378594874,11,0.767578125
STSva,Beta,1,-0.028990486228442205,-0.23706531154198748,0.21911095192560587,11,0.8095703125
STSva,Beta,2,-0.009821986162154805,-0.1702136020985916,0.16353142117846525,11,0.943359375
STSva,Delta,1,-0.07115629167900747,-0.22944553097113302,0.08230575704411354,11,0.4111328125
STSva,Delta,2,0.10338139205615478,-0.14883806325780036,0.313807549613613,11,0.4169921875
STSva,GammaH,1,-0.006177814217042898,-0.1655329397379658,0.14622760947597774,11,0.9423828125
STSva,GammaH,2,0.26111923562005435,0.14461522261124557,0.37635174970490204,11,0.0029296875
STSva,GammaL,1,0.02675335330151185,-0.18195194316157937,0.22171129568158485,11,0.76171875
STSva,GammaL,2,-0.1389651438647028,-0.3774862566557099,0.054832886833228976,11,0.2880859375
STSva,Ripple,1,0.05512920078544135,-0.17591095273117396,0.2827597749418243,11,0.65234375
STSva,Ripple,2,0.03489885563640174,-0.12287052405753865,0.21797956109495878,11,0.708984375
STSva,Theta,1,-0.20046850636218008,-0.5009942183904038,0.03735353562007132,11,0.1943359375
STSva,Theta,2,0.02078616620677791,-0.18803529043328907,0.21739436872968299,11,0.853515625
STGa,Alpha,1,0.25589135404694296,0.10624461392634998,0.38377882011587694,4,0.125
STGa,Alpha,2,-0.09023247895234032,-0.3385654623807248,0.19053489192709083,4,0.625
STGa,Beta,1,-0.10139107744278242,-0.27466493081286814,0.0718827759273033,4,0.375
STGa,Beta,2,0.017412513819771824,-0.25720727391506326,0.2760223180067456,4,0.625
STGa,Delta,1,0.02890229470639749,-0.17038828036406173,0.24656640416890419,4,0.875
STGa,Delta,2,-0.09016200029963883,-0.21298506099087966,0.05905726739085981,4,0.375
STGa,GammaH,1,-0.13312478833901586,-0.7376433914967073,0.22619904044592865,4,1.0
STGa,GammaH,2,-0.02403499069100601,-0.2972953458000971,0.2462238219624453,4,0.625
STGa,GammaL,1,-0.2366369143870095,-0.401729541196433,-0.0532290427255937,4,0.25
STGa,GammaL,2,0.11449715858037379,0.0012425810767755507,0.22775173608397203,4,0.25
STGa,Ripple,1,0.1070157716058544,-0.1046546197158289,0.28749445382163596,4,0.5
STGa,Ripple,2,-0.4072569022539918,-0.4881440009634188,-0.2846472708423704,4,0.125
STGa,Theta,1,0.15153207687009562,-0.10123436182601786,0.4042985155662091,4,0.5
STGa,Theta,2,0.17526400132255393,0.012678450078137615,0.35140494821294066,4,0.25
TA2,Alpha,1,0.13689353075163999,-0.43128521426724475,0.46251931955249503,3,0.75
TA2,Alpha,2,0.29192302487291855,-0.24987402025781336,0.9089971733451598,3,0.75
TA2,Beta,1,-0.20427475363391304,-0.4839864326430927,-0.005471471465298805,3,0.25
TA2,Beta,2,0.06986107570439515,-0.2329186291263987,0.3278384429682184,3,0.75
TA2,Delta,1,-0.05954188683964645,-0.10170190512594246,-0.030821525069097078,3,0.25
TA2,Delta,2,0.2468981352517877,-0.26144920907054825,1.0225562936683161,3,1.0
TA2,GammaH,1,0.039833934186466045,-0.13448469896765047,0.37101251456545015,3,1.0
TA2,GammaH,2,0.1587979138638135,-0.1469353023471598,0.3249880869752957,3,0.5
TA2,GammaL,1,-0.2443799690972419,-0.3665140423576716,-0.12095947827550901,3,0.25
TA2,GammaL,2,-0.10834424477136413,-0.4326222750815063,0.10370453668668844,3,1.0
TA2,Ripple,1,-0.3814803258854755,-0.9789365247570672,0.047446742459243296,3,0.5
TA2,Ripple,2,-0.2717910315889007,-0.5937064095086555,-0.017585603835794217,3,0.25
TA2,Theta,1,-0.10566169803328289,-0.2467512566481851,-0.03148237412153776,3,0.25
TA2,Theta,2,-0.3800303979720437,-0.7615967650802915,-0.1151745178698853,3,0.25
PFcm,Alpha,1,0.2891459818116253,0.17074172587969016,0.4586413125061952,3,0.25
PFcm,Alpha,2,-0.022675517505838627,-0.1401645909458864,0.11493962680313885,3,0.75
PFcm,Beta,1,-0.08136877101799674,-0.21336790847956877,0.0315148452142715,3,0.5
PFcm,Beta,2,0.11043949398142534,0.051815068089595684,0.18842489488404723,3,0.25
PFcm,Delta,1,-0.1581495519993581,-0.5420769811840778,0.11952358446044542,3,0.75
PFcm,Delta,2,0.05623366865251356,-0.3625592290908983,0.3542727981053204,3,1.0
PFcm,GammaH,1,-0.046413612505889525,-0.27513371564612754,0.17904442950611,3,0.75
PFcm,GammaH,2,-0.04164106321570552,-0.3357812284980355,0.19912569210945463,3,1.0
PFcm,GammaL,1,0.15443117923712416,0.09450973429181175,0.2633959357967868,3,0.25
PFcm,GammaL,2,0.05538024780632019,-0.08198671504410626,0.2334391489948935,3,0.75
PFcm,Ripple,1,-0.016573323720984707,-0.4935674562603083,0.2357602852987597,3,1.0
PFcm,Ripple,2,0.03099348601062128,-0.046008465788233366,0.11488524423141655,3,0.75
PFcm,Theta,1,-0.11471409350006449,-0.2887897670675308,0.06978963233817836,3,0.5
PFcm,Theta,2,-0.05642431487156093,-0.2650844127797498,0.08206361737698131,3,1.0
PFt,Alpha,1,0.0774823453181078,-0.3568107763168342,0.6583371407022092,5,0.875
PFt,Alpha,2,-0.2665236824503701,-0.3849364902843938,-0.14475789843954273,5,0.0625
PFt,Beta,1,-0.19980525595759957,-0.37920845371540324,-0.03572617071507622,5,0.125
PFt,Beta,2,0.2576296514840436,-0.1065712497967155,0.8168205531412355,5,0.625
PFt,Delta,1,-0.2651513500268699,-0.6515623270708588,-0.0017137900015846697,5,0.25
PFt,Delta,2,0.11901811869049936,-0.04964447997734993,0.2654751863022099,5,0.1875
PFt,GammaH,1,0.2072165011947952,-0.1192407378377915,0.6179416636264164,5,0.4375
PFt,GammaH,2,0.2457319147832621,-0.023416689678825976,0.6407069888772845,5,0.3125
PFt,GammaL,1,-0.00871995493625306,-0.5072929307806717,0.4018288792326402,5,1.0
PFt,GammaL,2,0.42549879075553465,-0.1350648683968963,1.244260775087316,5,0.375
PFt,Ripple,1,0.29151343947171215,-0.10732569749715637,1.0167878417057352,5,0.9375
PFt,Ripple,2,0.33806660671598293,-0.14797996122952456,1.0825378801664178,5,0.5625
PFt,Theta,1,-0.06265048674970757,-0.257430964031915,0.18764887794676924,5,0.6875
PFt,Theta,2,-0.3632618476817697,-1.0862436617466151,0.05547029542294055,5,0.5
PFop,Alpha,1,-0.1373252059098533,-0.38175021192894043,0.1478761312561616,4,0.375
PFop,Alpha,2,0.06928042041108196,-0.06260523947624819,0.19826327350148176,4,0.375
PFop,Beta,1,-0.0830731023932092,-0.4486766237305302,0.20738457028864588,4,0.875
PFop,Beta,2,-0.062095782146697864,-0.2298550415973981,0.071738169933238,4,0.625
PFop,Delta,1,-0.0805883523368296,-0.35267713131189726,0.13831815964842242,4,0.625
PFop,Delta,2,0.1962783562418311,-0.02441650258798589,0.4169732150716481,4,0.375
PFop,GammaH,1,-0.2048522971986948,-0.35709860385984804,-0.04425769300982019,4,0.25
PFop,GammaH,2,0.25068887680842256,-0.06360416548870873,0.5767429455903388,4,0.375
PFop,GammaL,1,-0.044853821051280995,-0.29266689357580855,0.15813209090136127,4,0.75
PFop,GammaL,2,0.061241547508706695,-0.03955872949427697,0.16064726301282484,4,0.5
PFop,Ripple,1,0.24820395388477223,0.08528764957292978,0.4111202581966147,4,0.125
PFop,Ripple,2,-0.06242865472867276,-0.4142543938397001,0.28939708438235456,4,0.875
PFop,Theta,1,0.0049726182843539135,-0.27958353433070027,0.1983977874426346,4,1.0
PFop,Theta,2,-0.29235481133305896,-0.5842296181478392,0.11194113070168665,4,0.25
PHT,Alpha,1,0.15266045313847432,0.0025321652646397297,0.3027887410123089,4,0.25
PHT,Alpha,2,-0.18516536903493197,-0.4048819029941928,0.03455116492432886,4,0.375
PHT,Beta,1,0.02189524021156153,-0.20484378958271066,0.299839529354184,4,0.875
PHT,Beta,2,0.21745302740691663,0.1225761137466801,0.31232994106715317,4,0.125
PHT,Delta,1,0.23449762394088758,-0.18694638631880167,0.6747214157933588,4,0.625
PHT,Delta,2,0.054656937998569965,0.017402101237959045,0.09232132366687473,4,0.125
PHT,GammaH,1,0.14378218524969277,0.005613900603298916,0.28195046989608663,4,0.25
PHT,GammaH,2,0.21739514931559523,0.19567012539169504,0.23912017323949541,4,0.125
PHT,GammaL,1,0.018335174579203084,-0.26821587662456636,0.30488622578297253,4,0.875
PHT,GammaL,2,-0.05692040671892773,-0.2740380253127528,0.12335692771942242,4,0.75
PHT,Ripple,1,0.07535879793010203,-0.049704659978608845,0.31440911981321307,4,1.0
PHT,Ripple,2,-0.016311079290558972,-0.12135562035141856,0.1612996344777855,4,1.0
PHT,Theta,1,-0.15694159204937197,-0.38869305792664477,0.07480987382790083,4,0.375
PHT,Theta,2,0.09127324063392184,-0.05672110273124975,0.23547286740368456,4,0.375
TE1p,Alpha,1,-0.12761460255379262,-0.2858169447651918,0.048137410506779534,10,0.185546875
TE1p,Alpha,2,-0.0006895706326925932,-0.2757255841430001,0.3152368016187109,10,1.0
TE1p,Beta,1,-0.06011573090916755,-0.26716262151273007,0.1795926740125565,10,0.64453125
TE1p,Beta,2,-0.09309305687872964,-0.2515847480269746,0.032597945545937375,10,0.29296875
TE1p,Delta,1,-0.09211927057708066,-0.250061496261968,0.05899438209430828,10,0.302734375
TE1p,Delta,2,0.016951663070712542,-0.1320658585646214,0.1466414477154429,10,0.828125
TE1p,GammaH,1,-0.048811750404097506,-0.2068294433567673,0.12124915472308512,10,0.5859375
TE1p,GammaH,2,-0.05786614680897913,-0.2181466640860946,0.10301446231665314,10,0.52734375
TE1p,GammaL,1,0.1853140427418591,0.03968988685924423,0.32821934071464487,10,0.046875
TE1p,GammaL,2,0.1166994972688716,-0.006942740043518689,0.2237571520614121,10,0.09765625
TE1p,Ripple,1,0.09867212149134623,-0.09913685431997249,0.3636316474956383,10,0.591796875
TE1p,Ripple,2,-0.004321356961742495,-0.15634407891320723,0.14591634913640367,10,0.951171875
TE1p,Theta,1,-0.006115161629123733,-0.15275258068176345,0.16281220847071382,10,0.947265625
TE1p,Theta,2,0.14246928884745885,-0.07777602755564082,0.3545726992544619,10,0.25
TE1m,Alpha,1,0.3412313500402271,0.009684018393639953,0.8524011469649779,8,0.125
TE1m,Alpha,2,0.170207141002368,-0.014403614208471804,0.37012926953806513,8,0.1953125
TE1m,Beta,1,0.15128859407612438,-0.13749277372302465,0.4628187190185731,8,0.375
TE1m,Beta,2,0.1551481715406262,0.0022724517521428567,0.30910610814469053,8,0.1171875
TE1m,Delta,1,-0.016103957435844585,-0.17583903049811989,0.1571686530031018,8,0.84375
TE1m,Delta,2,0.162637739180985,0.006158745070301563,0.3573637778557939,8,0.1171875
TE1m,GammaH,1,0.007438959173422965,-0.21499922764810409,0.21742671087901236,8,0.96875
TE1m,GammaH,2,-0.06815410780613673,-0.19591230773672275,0.05133191538091886,8,0.3671875
TE1m,GammaL,1,0.15544747790382596,-0.11037626303581938,0.48763119895912865,8,0.453125
TE1m,GammaL,2,0.2729470212456837,0.045730738607847654,0.5754116250714567,8,0.0546875
TE1m,Ripple,1,-0.22335454205745142,-0.4140416103622666,-0.07762489712226518,8,0.015625
TE1m,Ripple,2,-0.004028223871957337,-0.25069548527274255,0.21337847066593163,8,0.9921875
TE1m,Theta,1,-0.12212905490949044,-0.3823929409087445,0.12325918553058295,8,0.3828125
TE1m,Theta,2,0.11959344207720735,-0.11154979416995138,0.3684706888837459,8,0.390625
TE1a,Alpha,1,-0.05694606102124828,-0.30111005304466165,0.15828222982515824,11,0.6650390625
TE1a,Alpha,2,-0.07819786907122571,-0.3591953888795735,0.13143306220068615,11,0.6845703125
TE1a,Beta,1,0.18152630279540072,0.0253211082885419,0.38308677500361704,11,0.0517578125
TE1a,Beta,2,0.00396748383436606,-0.11886098305402241,0.10414730909631517,11,0.943359375
TE1a,Delta,1,-0.13903350004784476,-0.37728001176698844,0.07392726372304101,11,0.2900390625
TE1a,Delta,2,0.0045647736774667306,-0.13382496077395925,0.15753231613963775,11,0.9375
TE1a,GammaH,1,0.06577731110839222,-0.10929454603232115,0.2595040735940588,11,0.525390625
TE1a,GammaH,2,-0.1735568086319668,-0.6654051101164414,0.16346909919413344,11,0.646484375
TE1a,GammaL,1,-0.00956648337511497,-0.15032009557530743,0.14567403460496461,11,0.90625
TE1a,GammaL,2,0.15287994734453586,-0.10416756699437985,0.513587389368041,11,0.5390625
TE1a,Ripple,1,0.13093887928742506,-0.08607215806297294,0.41504979977245343,11,0.4423828125
TE1a,Ripple,2,-0.02770676798162858,-0.28494988142663863,0.22270488508140882,11,0.8271484375
TE1a,Theta,1,0.39575004855714757,0.05692236002638446,0.8993458279104234,11,0.03125
TE1a,Theta,2,-0.13113249791439296,-0.30693059523845173,0.0534763400167789,11,0.197265625
PH,Alpha,1,0.3220814437718378,0.0396495778503585,0.6045133096933171,4,0.125
PH,Alpha,2,-0.047173326636545276,-0.2523422303401981,0.11472879073340003,4,0.75
PH,Beta,1,0.38750746547483583,0.23682829389096405,0.5787165089327635,4,0.125
PH,Beta,2,-0.0748626330188884,-0.39367358412813314,0.12401505788564737,4,1.0
PH,Delta,1,-0.2584343649264227,-0.48262044299184126,0.0692216185506922,4,0.25
PH,Delta,2,-0.1131651397266138,-0.45487179532763555,0.20520576779372135,4,0.75
PH,GammaH,1,0.05359528024243687,-0.20426952154793288,0.389085445257483,4,1.0
PH,GammaH,2,0.19851674302625089,0.027031391410734962,0.5006444814845388,4,0.125
PH,GammaL,1,-0.0778113520372763,-0.17001018530065437,0.014387481226101784,4,0.5
PH,GammaL,2,-0.19134177071407166,-0.4494001443202311,0.13478045293144802,4,0.375
PH,Ripple,1,-0.2208792973713214,-0.4451127064516882,0.0008761735715987484,4,0.25
PH,Ripple,2,0.11860470100651543,-0.09976648903150842,0.3941517142838329,4,0.625
PH,Theta,1,-0.010722726226347845,-0.2540515692444796,0.1937800426103209,4,0.875
PH,Theta,2,-0.054254462065544296,-0.2407547150574354,0.11378199932851984,4,0.75
TE2p,Alpha,1,-0.05196849339981924,-0.2525696780203324,0.13797634226387784,9,0.65234375
TE2p,Alpha,2,0.1615924938595445,0.041736427609781544,0.2715418673506958,9,0.04296875
TE2p,Beta,1,-0.2654785086745868,-0.5556212313710738,-0.038978599599132004,9,0.0546875
TE2p,Beta,2,-0.023728220484615054,-0.2539105807017401,0.1569252394481212,9,0.8984375
TE2p,Delta,1,-0.038794822370353664,-0.24142385471830252,0.18493745113291565,9,0.734375
TE2p,Delta,2,0.08921340882411144,-0.11924409673495973,0.4003973145553854,9,0.79296875
TE2p,GammaH,1,-0.08230818384943461,-0.40980979519072114,0.19712644097973414,9,0.68359375
TE2p,GammaH,2,0.4268833014503366,0.08664766461376805,0.8662054098511421,9,0.0390625
TE2p,GammaL,1,0.09710485959023213,-0.05297759169432265,0.2638276843381774,9,0.296875
TE2p,GammaL,2,0.18598249617920992,0.005082959488568801,0.36155645336819403,9,0.09765625
TE2p,Ripple,1,-0.02164937512520658,-0.14220710187740396,0.09226921077441153,9,0.734375
TE2p,Ripple,2,-0.06447114001952967,-0.36400177544684575,0.1671732151222494,9,0.80078125
TE2p,Theta,1,0.3466251558111245,0.10180398611469678,0.6798654156841364,9,0.015625
TE2p,Theta,2,0.11755248466735403,-0.10052136539155045,0.3398909335515062,9,0.3515625
TE2a,Alpha,1,0.062280551081929404,-0.11208950933355878,0.24271741558608675,10,0.521484375
TE2a,Alpha,2,0.14255469695789671,-0.03939488196819916,0.3165987635977587,10,0.162109375
TE2a,Beta,1,0.07859406125916238,-0.07230564564508996,0.24880526660961114,10,0.388671875
TE2a,Beta,2,-0.03947458914324962,-0.23944715028584684,0.1628355794542693,10,0.65234375
TE2a,Delta,1,0.013903502756756581,-0.16247342916638086,0.2147371508127219,10,0.8984375
TE2a,Delta,2,0.09740627373990485,-0.13026021650420713,0.33019216014353725,10,0.4453125
TE2a,GammaH,1,-0.08223262393575545,-0.32325235974403466,0.14902056351526097,10,0.54296875
TE2a,GammaH,2,0.2700608993867199,-0.06700992770286017,0.6354374744034808,10,0.19140625
TE2a,GammaL,1,-0.14342056270385725,-0.5013458244429033,0.08857612831946621,10,0.611328125
TE2a,GammaL,2,0.168375352145857,-0.08117827980407864,0.48615135507985907,10,0.3515625
TE2a,Ripple,1,0.03930191262448766,-0.10742976369046023,0.18796335492538888,10,0.63671875
TE2a,Ripple,2,0.06960020459367619,-0.2267287314688367,0.5038425482441382,10,0.9375
TE2a,Theta,1,0.2522392625090216,0.022175051362489987,0.5445050415331556,10,0.09375
TE2a,Theta,2,0.06536826625144876,-0.1376486098251285,0.2798089693377024,10,0.5703125
TGv,Alpha,1,0.06221034841860984,-0.5686239565057818,0.4335051472691198,3,1.0
TGv,Alpha,2,-0.19203335931099139,-0.4645892488267407,0.04544271209020678,3,0.5
TGv,Beta,1,-0.09861487098501698,-0.22528413276867454,0.08020255067896187,3,0.5
TGv,Beta,2,0.17773773402279266,-0.2351157228130205,0.533287553406474,3,0.75
TGv,Delta,1,-0.19054427066609136,-0.62044965229925,0.2845548365465902,3,0.75
TGv,Delta,2,0.03878632984475535,-0.23031438861191944,0.34590737030277197,3,0.75
TGv,GammaH,1,0.030013292636207705,-0.24309588388445036,0.2734450064264031,3,0.75
TGv,GammaH,2,0.14185204925402908,-0.6402617193529707,0.5969469213688043,3,1.0
TGv,GammaL,1,0.1095254246295525,-0.02196022506249662,0.33794983013134683,3,0.75
TGv,GammaL,2,-0.10383877259478069,-0.39663344084886276,0.05162920798063908,3,1.0
TGv,Ripple,1,-0.04254509738146931,-0.3897884196187462,0.19247073030890505,3,1.0
TGv,Ripple,2,-0.16965131963127908,-0.8797691875636957,0.6352078887320296,3,0.75
TGv,Theta,1,0.08246923995074103,-0.16491987751735948,0.37378302047727274,3,0.75
TGv,Theta,2,0.08879370161024742,-0.3594750472686137,0.6240395537122936,3,0.75
TGd,Alpha,1,-0.06736629407925854,-0.17273680396175714,0.03820407824823811,10,0.25
TGd,Alpha,2,0.03293551709098317,-0.13376339059286496,0.19454177433519945,10,0.708984375
TGd,Beta,1,0.044266682197553565,-0.13278910690050966,0.23511440736681144,10,0.689453125
TGd,Beta,2,-0.054571299025023376,-0.22729040369944836,0.10990284330386554,10,0.564453125
TGd,Delta,1,0.06088895017397853,-0.11939482132576273,0.2938444550078448,10,0.7421875
TGd,Delta,2,-0.00170857442953114,-0.15721475958890457,0.15401100059699094,10,0.9921875
TGd,GammaH,1,0.05106717433615202,-0.13580312092799185,0.22811487276037076,10,0.59765625
TGd,GammaH,2,0.06514799208081215,-0.17494113698886313,0.42782851768874786,10,0.953125
TGd,GammaL,1,0.3552715724375183,0.17115539926884313,0.5682683446391201,10,0.00390625
TGd,GammaL,2,-0.02111635041723048,-0.13324979405268614,0.1047391708816178,10,0.734375
TGd,Ripple,1,-0.11175828649154304,-0.22409085727898115,-0.009570100741320848,10,0.078125
TGd,Ripple,2,-0.05187546893211916,-0.22336411138611043,0.1036089297752356,10,0.580078125
TGd,Theta,1,-0.3070499191008274,-0.768049315744548,-0.001372454672418806,10,0.1171875
TGd,Theta,2,-0.030462008742508574,-0.2172739913976351,0.15091267369914543,10,0.759765625
TPOJ1,Alpha,1,0.026829761445798184,-0.10945872869862594,0.19433484604412943,4,0.875
TPOJ1,Alpha,2,0.15947017931920549,-0.19945783538399553,0.7258293283346982,4,0.875
TPOJ1,Beta,1,-0.15467533716682436,-0.41992860921454067,0.11057793488089196,4,0.5
TPOJ1,Beta,2,0.10474020215010693,-0.1888047117938445,0.49282476679711174,4,0.875
TPOJ1,Delta,1,-0.12749405770349043,-0.43037666374572314,0.20011197150470306,4,0.625
TPOJ1,Delta,2,0.1456203225438104,-0.22565872707192014,0.491886586204731,4,0.625
TPOJ1,GammaH,1,0.16798415215755824,-0.029947227447034486,0.37765078796038676,4,0.25
TPOJ1,GammaH,2,0.13616048827189964,-0.045951554327242405,0.3451439444893607,4,0.5
TPOJ1,GammaL,1,-0.04131873420434928,-0.390985347217061,0.30834787880836245,4,0.875
TPOJ1,GammaL,2,0.10492628879447707,-0.08322513685300326,0.36446923006166276,4,0.625
TPOJ1,Ripple,1,-0.01059271705359599,-0.12423655967216085,0.16064143875636905,4,1.0
TPOJ1,Ripple,2,0.03797704166705351,-0.021011712951146677,0.09088229968673645,4,0.375
TPOJ1,Theta,1,-0.028999760233339167,-0.324815724976264,0.2458189502620698,4,1.0
TPOJ1,Theta,2,-0.3909656795632932,-0.9584282993582445,0.005627936077829965,4,0.375
TPOJ2,Alpha,1,0.08844986136157473,-0.012425959070458958,0.1784449153985778,6,0.15625
TPOJ2,Alpha,2,0.00046908643562974345,-0.33618774040545435,0.35653311418658024,6,1.0
TPOJ2,Beta,1,-0.004731032271717932,-0.2747544825421541,0.2579213139636263,6,1.0
TPOJ2,Beta,2,0.061235980393401945,-0.017803927702413347,0.1444676760906134,6,0.375
TPOJ2,Delta,1,0.16006657700419602,0.00912816152294956,0.2931406601935844,6,0.09375
TPOJ2,Delta,2,-0.1257122734532743,-0.26725700628159704,0.029900570463814446,6,0.15625
TPOJ2,GammaH,1,0.005068457703095201,-0.2441097542061724,0.2103799351919727,6,1.0
TPOJ2,GammaH,2,-0.11120265988612547,-0.24180962955549093,0.025823064000833302,6,0.1875
TPOJ2,GammaL,1,0.04802854906877959,-0.14502872746165116,0.194380355559705,6,0.625
TPOJ2,GammaL,2,-0.1323677869207991,-0.42458520552988865,0.13871378413760382,6,0.46875
TPOJ2,Ripple,1,-0.10945449691545643,-0.2606590201291497,0.026451663600356667,6,0.3125
TPOJ2,Ripple,2,0.06569157247119979,-0.10526673206239145,0.24580399140942966,6,0.53125
TPOJ2,Theta,1,0.18971011233650734,0.01125367337775575,0.3511073016363433,6,0.15625
TPOJ2,Theta,2,0.11998213415252756,-0.16622447090653422,0.34464317348296863,6,0.4375
TPOJ3,Alpha,1,-0.22080702373418504,-0.22080702373418504,-0.22080702373418504,1,
TPOJ3,Alpha,2,-0.3961944040531158,-0.3961944040531158,-0.3961944040531158,1,
TPOJ3,Beta,1,0.4214293126834505,0.4214293126834505,0.4214293126834505,1,
TPOJ3,Beta,2,-0.3202791700176171,-0.3202791700176171,-0.3202791700176171,1,
TPOJ3,Delta,1,0.1813592347634554,0.1813592347634554,0.1813592347634554,1,
TPOJ3,Delta,2,0.5704336604122382,0.5704336604122382,0.5704336604122382,1,
TPOJ3,GammaH,1,0.3059248968960624,0.3059248968960624,0.3059248968960624,1,
TPOJ3,GammaH,2,0.21152856714171264,0.21152856714171264,0.21152856714171264,1,
TPOJ3,GammaL,1,-0.11075902296775197,-0.11075902296775197,-0.11075902296775197,1,
TPOJ3,GammaL,2,0.04634673744050133,0.04634673744050133,0.04634673744050133,1,
TPOJ3,Ripple,1,-0.6665689480280577,-0.6665689480280577,-0.6665689480280577,1,
TPOJ3,Ripple,2,0.12560355540559698,0.12560355540559698,0.12560355540559698,1,
TPOJ3,Theta,1,0.3932854488511133,0.3932854488511133,0.3932854488511133,1,
TPOJ3,Theta,2,0.24000305320948812,0.24000305320948812,0.24000305320948812,1,
STV,Alpha,1,0.15491094929414473,-0.17699148892045358,0.35789805679013753,3,0.5
STV,Alpha,2,0.07498803306725439,-0.07223644321003064,0.17865004365157233,3,0.5
STV,Beta,1,-0.07685123323011685,-0.22256988843357206,0.13599437423876637,3,0.5
STV,Beta,2,0.09730216530133973,-0.08454182192921067,0.33137184255333807,3,0.75
STV,Delta,1,-0.013472911391459045,-0.2903213973310237,0.3638143405108849,3,1.0
STV,Delta,2,0.2206132637827262,-0.030626503051742304,0.6712535524854744,3,0.75
STV,GammaH,1,-0.06841079176085074,-0.7671666210870534,0.49500121842105216,3,1.0
STV,GammaH,2,0.13483524147115725,0.003136704084102604,0.26877528894337743,3,0.25
STV,GammaL,1,-0.19007510926275847,-0.4177547923733087,0.09528579399802695,3,0.5
STV,GammaL,2,-0.039884852424168095,-0.3924355707331628,0.22068306477482835,3,1.0
STV,Ripple,1,-0.04255772874905025,-0.2833003662266833,0.14474948079780248,3,1.0
STV,Ripple,2,-0.02429671189356597,-0.1514769411050736,0.03992292582709567,3,1.0
STV,Theta,1,0.14773417522727308,0.013797479823391967,0.23575977334552434,3,0.25
STV,Theta,2,0.08350232829206661,-0.023676625231075832,0.29303045796127236,3,1.0
47s,Alpha,1,-0.1646612145867543,-0.1646612145867543,-0.1646612145867543,1,
47s,Alpha,2,-0.1557134291181974,-0.1557134291181974,-0.1557134291181974,1,
47s,Beta,1,-0.8871147982595424,-0.8871147982595424,-0.8871147982595424,1,
47s,Beta,2,-0.08763537920000886,-0.08763537920000886,-0.08763537920000886,1,
47s,Delta,1,0.4671398079482785,0.4671398079482785,0.4671398079482785,1,
47s,Delta,2,0.3552441315200312,0.3552441315200312,0.3552441315200312,1,
47s,GammaH,1,0.2548539676064969,0.2548539676064969,0.2548539676064969,1,
47s,GammaH,2,-0.2833311038065922,-0.2833311038065922,-0.2833311038065922,1,
47s,GammaL,1,-0.17847723990198006,-0.17847723990198006,-0.17847723990198006,1,
47s,GammaL,2,-0.033628034314862276,-0.033628034314862276,-0.033628034314862276,1,
47s,Ripple,1,0.15967581778933138,0.15967581778933138,0.15967581778933138,1,
47s,Ripple,2,-0.5050683033720418,-0.5050683033720418,-0.5050683033720418,1,
47s,Theta,1,0.052071787137435877,0.052071787137435877,0.052071787137435877,1,
47s,Theta,2,0.050673545642599294,0.050673545642599294,0.050673545642599294,1,
a47r,Alpha,1,0.1293268054997485,-0.24151499177419566,0.38706409722346713,4,0.5
a47r,Alpha,2,-0.30444426601552177,-0.9225777681180949,0.1815772399130342,4,0.625
a47r,Beta,1,0.2764601964080997,-0.19114602412659742,1.0848291909829602,4,1.0
a47r,Beta,2,0.1614128544248956,-0.2541586214335876,0.6352595537873507,4,0.75
a47r,Delta,1,0.30615131327092193,-0.014014839800434054,0.7723058359534578,4,0.25
a47r,Delta,2,0.4799976349491315,-0.17062519932468234,1.1306204692229453,4,0.375
a47r,GammaH,1,-0.28882685174373623,-0.7332974837569717,0.008758877376136454,4,0.25
a47r,GammaH,2,-0.1083161756571478,-0.8069267913379834,0.42761357238085207,4,0.875
a47r,GammaL,1,0.2362382438679127,-0.20328065529575756,0.5327972401359142,4,0.375
a47r,GammaL,2,0.10382393953635116,-0.06832241321007793,0.27597029228278025,4,0.375
a47r,Ripple,1,-0.3174049007304145,-0.6153463719378465,-0.11472507806074539,4,0.125
a47r,Ripple,2,0.021498954709418427,-0.21221584548958106,0.21258719774819568,4,0.875
a47r,Theta,1,-0.24326206499903869,-1.0601165576936609,0.5735924276955835,4,0.625
a47r,Theta,2,0.12052195658446418,-0.3763631136772183,0.7724182694458159,4,0.875
47l,Alpha,1,-0.5319255853949846,-1.2323441122805683,-0.16443458850116244,3,0.25
47l,Alpha,2,0.6050348944124883,0.11367480249282025,1.5540886619387138,3,0.25
47l,Beta,1,0.5639100119504702,-0.17729665305498088,1.778797911896259,3,0.75
47l,Beta,2,-0.15083751010146665,-0.4930192500072472,0.16267567909305924,3,0.75
47l,Delta,1,-0.5310379707523959,-0.9925739417852029,-0.21482191212488644,3,0.25
47l,Delta,2,0.004891990342424417,-0.251723499660379,0.25607734919276837,3,0.75
47l,GammaH,1,0.5465761948098601,-0.1088112364968481,1.4313196822995842,3,0.5
47l,GammaH,2,0.5919531521618447,0.43268049550722054,0.793564100706341,3,0.25
47l,GammaL,1,0.08015708715384189,0.029766785115135974,0.1768907320888431,3,0.25
47l,GammaL,2,-0.24113214192121527,-0.5210443542571284,-0.016840477970923473,3,0.25
47l,Ripple,1,-0.3158322844197852,-1.3592639788890715,0.6065946379755687,3,0.75
47l,Ripple,2,-0.7058964943342261,-1.8202403241609808,-0.07189689182646575,3,0.25
47l,Theta,1,-0.09344111481382929,-0.392621283767113,0.22306923773268394,3,0.75
47l,Theta,2,-0.31005282785440497,-1.2146740403175151,0.17547787545018423,3,1.0
p47r,Alpha,1,0.32793538783811726,0.09298058355260608,0.4834866373825797,3,0.25
p47r,Alpha,2,0.012814289616721672,-0.21270619134033453,0.25754482449971405,3,1.0
p47r,Beta,1,0.03917610565048927,-0.0018504987596372757,0.10121390768939165,3,0.5
p47r,Beta,2,0.07765429972733646,-0.01632990193346373,0.2028725857369018,3,0.5
p47r,Delta,1,-0.22226510920373363,-0.3532139424504308,-0.052987004187322384,3,0.25
p47r,Delta,2,0.007745271528442288,-0.20343003538915738,0.11375071427795902,3,1.0
p47r,GammaH,1,-0.12613607620291253,-0.23976424579940314,-0.04589240572632747,3,0.25
p47r,GammaH,2,0.023592217747577138,-0.4797644003767516,0.5628862005656501,3,1.0
p47r,GammaL,1,-0.02033789022762278,-0.2005749800911083,0.08457367438170849,3,1.0
p47r,GammaL,2,0.08096812570067395,-0.07824163391352457,0.2247211868144703,3,0.5
p47r,Ripple,1,-0.14626068332334916,-0.2023456538912214,-0.05802509331792649,3,0.25
p47r,Ripple,2,0.04914600822241155,-0.022597690083539845,0.11239992894028461,3,0.5
p47r,Theta,1,-0.1544842131710631,-0.41481837369962804,0.02795449879534928,3,0.5
p47r,Theta,2,0.16734101724771122,-0.024380795797629418,0.5033847100253332,3,0.75
10v,Alpha,1,-0.06434548460829485,-0.27535310580717365,0.0961247248063124,3,0.75
10v,Alpha,2,-0.18707589228172358,-0.6024188710756455,0.0483019164649896,3,0.75
10v,Beta,1,0.14002791118203817,-0.23041372761676726,0.47700234270712016,3,0.75
10v,Beta,2,-0.1883779577926402,-0.29373519098459155,-0.03165432792546241,3,0.25
10v,Delta,1,-0.3441023858850052,-0.3671872283316624,-0.31905720184892417,3,0.25
10v,Delta,2,-0.017234902328162605,-0.12676613891576238,0.11470286727923806,3,0.75
10v,GammaH,1,-0.06517108243625931,-0.297492630998736,0.18514582197767382,3,0.75
10v,GammaH,2,-0.11073518999682956,-0.3545270074384277,0.167328387477216,3,0.75
10v,GammaL,1,-0.013501805794245314,-0.2986952543350121,0.13755646628884932,3,1.0
10v,GammaL,2,0.032906764716096625,-0.18134143029820038,0.3054765396137924,3,1.0
10v,Ripple,1,0.16373450223925326,-0.046106840362476476,0.33679255773346384,3,0.5
10v,Ripple,2,0.19894690365500742,0.083623374575172,0.3209050616714393,3,0.25
10v,Theta,1,-0.30841909926825295,-0.4169212086447871,-0.2327893062640065,3,0.25
10v,Theta,2,-0.06375194208846935,-0.35037608019520405,0.19565313769853176,3,0.75
Putamen,Alpha,1,-0.04885747796355311,-0.1882931287916314,0.09057817286452519,2,1.0
Putamen,Alpha,2,0.18954880027303211,0.1718390670011658,0.20725853354489843,2,0.5
Putamen,Beta,1,0.02395996357692276,-0.009567391551680515,0.057487318705526036,2,1.0
Putamen,Beta,2,-0.10083444372200567,-0.17701320596540526,-0.024655681478606084,2,0.5
Putamen,Delta,1,0.09712029242719211,-0.003153624012060874,0.1973942088664451,2,1.0
Putamen,Delta,2,-0.13903928221171924,-0.5569980824332141,0.27891951800977566,2,1.0
Putamen,GammaH,1,0.31606063053081,0.1921955109333453,0.43992575012827473,2,0.5
Putamen,GammaH,2,0.008922127490158971,-0.12716249333704255,0.1450067483173605,2,1.0
Putamen,GammaL,1,-0.16595350860756497,-0.17556507354328588,-0.15634194367184406,2,0.5
Putamen,GammaL,2,0.045632578432165616,0.014226403447121783,0.07703875341720945,2,0.5
Putamen,Ripple,1,0.005788445121572394,-0.06557390941272345,0.07715079965586824,2,1.0
Putamen,Ripple,2,-0.10816670139442763,-0.1764307511447072,-0.03990265164414808,2,0.5
Putamen,Theta,1,0.12983325799627998,-0.13382720873195808,0.39349372472451805,2,1.0
Putamen,Theta,2,0.2395018670726401,0.022424400423581403,0.4565793337216988,2,0.5
